"cce_id","cce_cps_code","cce_cls_code","cce_ech_code","cce_duree","cce_fin_grade","cce_fin_echelon","cce_operation","cce_appelation_grade","cce_appelation_echelon","cce_suivant","cce_fisrt"
1,"10026","4_SG","1_SG",2,0,0,=,,,2,
2,"10026","4_SG","2_SG",2,1,0,=,,,3,
3,"10026","3_SG","1_SG",2,0,0,=,,,4,
4,"10026","3_SG","2_SG",2,1,0,=,,,5,
5,"10026","2_SG","1_SG",3,0,0,=,,,6,
6,"10026","2_SG","2_SG",3,1,0,=,,,7,
7,"10026","1_SG","1_SG",3,0,0,=,,,8,
8,"10026","1_SG","2_SG",3,1,0,=,,,9,
9,"10026","7_SG","26_SG",3,1,1,=,,,,
10,"10028","4_SG","1_SG",2,0,0,=,,,11,
11,"10028","4_SG","2_SG",2,1,0,=,,,12,
12,"10028","3_SG","1_SG",2,0,0,=,,,13,
13,"10028","3_SG","2_SG",2,1,0,=,,,14,
14,"10028","2_SG","1_SG",3,0,0,=,,,15,
15,"10028","2_SG","2_SG",3,1,0,=,,,16,
16,"10028","1_SG","1_SG",3,0,0,=,,,17,
17,"10028","1_SG","2_SG",3,1,0,=,,,18,
18,"10028","7_SG","26_SG",3,1,1,=,,,,
19,"10029","4_SG","1_SG",2,0,0,=,,,20,
20,"10029","4_SG","2_SG",2,1,0,=,,,21,
21,"10029","3_SG","1_SG",2,0,0,=,,,22,
22,"10029","3_SG","2_SG",2,1,0,=,,,23,
23,"10029","2_SG","1_SG",3,0,0,=,,,24,
24,"10029","2_SG","2_SG",3,1,0,=,,,25,
25,"10029","1_SG","1_SG",3,0,0,=,,,26,
26,"10029","1_SG","2_SG",3,1,0,=,,,27,
27,"10029","7_SG","26_SG",3,1,1,=,,,,
28,"10030","4_SG","1_SG",2,0,0,=,,,29,
29,"10030","4_SG","2_SG",2,1,0,=,,,30,
30,"10030","3_SG","1_SG",2,0,0,=,,,31,
31,"10030","3_SG","2_SG",2,1,0,=,,,32,
32,"10030","2_SG","1_SG",3,0,0,=,,,33,
33,"10030","2_SG","2_SG",3,1,0,=,,,34,
34,"10030","1_SG","1_SG",3,0,0,=,,,35,
35,"10030","1_SG","2_SG",3,1,0,=,,,36,
36,"10030","7_SG","26_SG",3,1,1,=,,,,
37,"10032","4_SG","1_SG",2,0,0,=,,,38,
38,"10032","4_SG","2_SG",2,1,0,=,,,39,
39,"10032","3_SG","1_SG",2,0,0,=,,,40,
40,"10032","3_SG","2_SG",2,1,0,=,,,41,
41,"10032","2_SG","1_SG",3,0,0,=,,,42,
42,"10032","2_SG","2_SG",3,1,0,=,,,43,
43,"10032","1_SG","1_SG",3,0,0,=,,,44,
44,"10032","1_SG","2_SG",3,1,0,=,,,45,
45,"10032","7_SG","26_SG",3,1,1,=,,,,
46,"10102","4_SG","1_SG",2,0,0,=,,,47,
47,"10102","4_SG","2_SG",2,1,0,=,,,48,
48,"10102","3_SG","1_SG",2,0,0,=,,,49,
49,"10102","3_SG","2_SG",2,1,0,=,,,50,
50,"10102","2_SG","1_SG",3,0,0,=,,,51,
51,"10102","2_SG","2_SG",3,1,0,=,,,52,
52,"10102","1_SG","1_SG",3,0,0,=,,,53,
53,"10102","1_SG","2_SG",3,1,0,=,,,54,
54,"10102","7_SG","26_SG",3,1,1,=,,,,
55,"10104","4_SG","1_SG",2,0,0,=,,,56,
56,"10104","4_SG","2_SG",2,1,0,=,,,57,
57,"10104","3_SG","1_SG",2,0,0,=,,,58,
58,"10104","3_SG","2_SG",2,1,0,=,,,59,
59,"10104","2_SG","1_SG",3,0,0,=,,,60,
60,"10104","2_SG","2_SG",3,1,0,=,,,61,
61,"10104","1_SG","1_SG",3,0,0,=,,,62,
62,"10104","1_SG","2_SG",3,1,0,=,,,63,
63,"10104","7_SG","26_SG",3,1,1,=,,,,
64,"10106","4_SG","1_SG",2,0,0,=,,,65,
65,"10106","4_SG","2_SG",2,1,0,=,,,66,
66,"10106","3_SG","1_SG",2,0,0,=,,,67,
67,"10106","3_SG","2_SG",2,1,0,=,,,68,
68,"10106","2_SG","1_SG",3,0,0,=,,,69,
69,"10106","2_SG","2_SG",3,1,0,=,,,70,
70,"10106","1_SG","1_SG",3,0,0,=,,,71,
71,"10106","1_SG","2_SG",3,1,0,=,,,72,
72,"10106","7_SG","26_SG",3,1,1,=,,,,
73,"10202","4_SG","1_SG",2,0,0,=,,,74,
74,"10202","4_SG","2_SG",2,1,0,=,,,75,
75,"10202","3_SG","1_SG",2,0,0,=,,,76,
76,"10202","3_SG","2_SG",2,1,0,=,,,77,
77,"10202","2_SG","1_SG",3,0,0,=,,,78,
78,"10202","2_SG","2_SG",3,1,0,=,,,79,
79,"10202","1_SG","1_SG",3,0,0,=,,,80,
80,"10202","1_SG","2_SG",3,1,0,=,,,81,
81,"10202","7_SG","26_SG",3,1,1,=,,,,
82,"10204","4_SG","1_SG",2,0,0,=,,,83,
83,"10204","4_SG","2_SG",2,1,0,=,,,84,
84,"10204","3_SG","1_SG",2,0,0,=,,,85,
85,"10204","3_SG","2_SG",2,1,0,=,,,86,
86,"10204","2_SG","1_SG",3,0,0,=,,,87,
87,"10204","2_SG","2_SG",3,1,0,=,,,88,
88,"10204","1_SG","1_SG",3,0,0,=,,,89,
89,"10204","1_SG","2_SG",3,1,0,=,,,90,
90,"10204","7_SG","26_SG",3,1,1,=,,,,
91,"10205","4_SG","1_SG",2,0,0,=,,,92,
92,"10205","4_SG","2_SG",2,1,0,=,,,93,
93,"10205","3_SG","1_SG",2,0,0,=,,,94,
94,"10205","3_SG","2_SG",2,1,0,=,,,95,
95,"10205","2_SG","1_SG",3,0,0,=,,,96,
96,"10205","2_SG","2_SG",3,1,0,=,,,97,
97,"10205","1_SG","1_SG",3,0,0,=,,,98,
98,"10205","1_SG","2_SG",3,1,0,=,,,99,
99,"10205","7_SG","26_SG",3,1,1,=,,,,
100,"10206","4_SG","1_SG",2,0,0,=,,,101,
101,"10206","4_SG","2_SG",2,1,0,=,,,102,
102,"10206","3_SG","1_SG",2,0,0,=,,,103,
103,"10206","3_SG","2_SG",2,1,0,=,,,104,
104,"10206","2_SG","1_SG",3,0,0,=,,,105,
105,"10206","2_SG","2_SG",3,1,0,=,,,106,
106,"10206","1_SG","1_SG",3,0,0,=,,,107,
107,"10206","1_SG","2_SG",3,1,0,=,,,108,
108,"10206","7_SG","26_SG",3,1,1,=,,,,
109,"10209","4_SG","1_SG",2,0,0,=,,,110,
110,"10209","4_SG","2_SG",2,1,0,=,,,111,
111,"10209","3_SG","1_SG",2,0,0,=,,,112,
112,"10209","3_SG","2_SG",2,1,0,=,,,113,
113,"10209","2_SG","1_SG",3,0,0,=,,,114,
114,"10209","2_SG","2_SG",3,1,0,=,,,115,
115,"10209","1_SG","1_SG",3,0,0,=,,,116,
116,"10209","1_SG","2_SG",3,1,0,=,,,117,
117,"10209","7_SG","26_SG",3,1,1,=,,,,
118,"10210","4_SG","1_SG",2,0,0,=,,,119,
119,"10210","4_SG","2_SG",2,1,0,=,,,120,
120,"10210","3_SG","1_SG",2,0,0,=,,,121,
121,"10210","3_SG","2_SG",2,1,0,=,,,122,
122,"10210","2_SG","1_SG",3,0,0,=,,,123,
123,"10210","2_SG","2_SG",3,1,0,=,,,124,
124,"10210","1_SG","1_SG",3,0,0,=,,,125,
125,"10210","1_SG","2_SG",3,1,0,=,,,126,
126,"10210","7_SG","26_SG",3,1,1,=,,,,
127,"10211","4_SG","1_SG",2,0,0,=,,,128,
128,"10211","4_SG","2_SG",2,1,0,=,,,129,
129,"10211","3_SG","1_SG",2,0,0,=,,,130,
130,"10211","3_SG","2_SG",2,1,0,=,,,131,
131,"10211","2_SG","1_SG",3,0,0,=,,,132,
132,"10211","2_SG","2_SG",3,1,0,=,,,133,
133,"10211","1_SG","1_SG",3,0,0,=,,,134,
134,"10211","1_SG","2_SG",3,1,0,=,,,135,
135,"10211","7_SG","26_SG",3,1,1,=,,,,
136,"10212","4_SG","1_SG",2,0,0,=,,,137,
137,"10212","4_SG","2_SG",2,1,0,=,,,138,
138,"10212","3_SG","1_SG",2,0,0,=,,,139,
139,"10212","3_SG","2_SG",2,1,0,=,,,140,
140,"10212","2_SG","1_SG",3,0,0,=,,,141,
141,"10212","2_SG","2_SG",3,1,0,=,,,142,
142,"10212","1_SG","1_SG",3,0,0,=,,,143,
143,"10212","1_SG","2_SG",3,1,0,=,,,144,
144,"10212","7_SG","26_SG",3,1,1,=,,,,
145,"10220","4_SG","1_SG",2,0,0,=,,,146,
146,"10220","4_SG","2_SG",2,1,0,=,,,147,
147,"10220","3_SG","1_SG",2,0,0,=,,,148,
148,"10220","3_SG","2_SG",2,1,0,=,,,149,
149,"10220","2_SG","1_SG",3,0,0,=,,,150,
150,"10220","2_SG","2_SG",3,1,0,=,,,151,
151,"10220","1_SG","1_SG",3,0,0,=,,,152,
152,"10220","1_SG","2_SG",3,1,0,=,,,153,
153,"10220","7_SG","26_SG",3,1,1,=,,,,
154,"10222","4_SG","1_SG",2,0,0,=,,,155,
155,"10222","4_SG","2_SG",2,1,0,=,,,156,
156,"10222","3_SG","1_SG",2,0,0,=,,,157,
157,"10222","3_SG","2_SG",2,1,0,=,,,158,
158,"10222","2_SG","1_SG",3,0,0,=,,,159,
159,"10222","2_SG","2_SG",3,1,0,=,,,160,
160,"10222","1_SG","1_SG",3,0,0,=,,,161,
161,"10222","1_SG","2_SG",3,1,0,=,,,162,
162,"10222","7_SG","26_SG",3,1,1,=,,,,
163,"10352","4_SG","1_SG",2,0,0,=,,,164,
164,"10352","4_SG","2_SG",2,1,0,=,,,165,
165,"10352","3_SG","1_SG",2,0,0,=,,,166,
166,"10352","3_SG","2_SG",2,1,0,=,,,167,
167,"10352","2_SG","1_SG",3,0,0,=,,,168,
168,"10352","2_SG","2_SG",3,1,0,=,,,169,
169,"10352","1_SG","1_SG",3,0,0,=,,,170,
170,"10352","1_SG","2_SG",3,1,0,=,,,171,
171,"10352","7_SG","26_SG",3,1,1,=,,,,
172,"10558","4_SG","1_SG",2,0,0,=,,,173,
173,"10558","4_SG","2_SG",2,1,0,=,,,174,
174,"10558","3_SG","1_SG",2,0,0,=,,,175,
175,"10558","3_SG","2_SG",2,1,0,=,,,176,
176,"10558","2_SG","1_SG",3,0,0,=,,,177,
177,"10558","2_SG","2_SG",3,1,0,=,,,178,
178,"10558","1_SG","1_SG",3,0,0,=,,,179,
179,"10558","1_SG","2_SG",3,1,0,=,,,180,
180,"10558","7_SG","26_SG",3,1,1,=,,,,
181,"10560","4_SG","1_SG",2,0,0,=,,,182,
182,"10560","4_SG","2_SG",2,1,0,=,,,183,
183,"10560","3_SG","1_SG",2,0,0,=,,,184,
184,"10560","3_SG","2_SG",2,1,0,=,,,185,
185,"10560","2_SG","1_SG",3,0,0,=,,,186,
186,"10560","2_SG","2_SG",3,1,0,=,,,187,
187,"10560","1_SG","1_SG",3,0,0,=,,,188,
188,"10560","1_SG","2_SG",3,1,0,=,,,189,
189,"10560","7_SG","26_SG",3,1,1,=,,,,
190,"10562","4_SG","1_SG",2,0,0,=,,,191,
191,"10562","4_SG","2_SG",2,1,0,=,,,192,
192,"10562","3_SG","1_SG",2,0,0,=,,,193,
193,"10562","3_SG","2_SG",2,1,0,=,,,194,
194,"10562","2_SG","1_SG",3,0,0,=,,,195,
195,"10562","2_SG","2_SG",3,1,0,=,,,196,
196,"10562","1_SG","1_SG",3,0,0,=,,,197,
197,"10562","1_SG","2_SG",3,1,0,=,,,198,
198,"10562","7_SG","26_SG",3,1,1,=,,,,
199,"10653","4_SG","1_SG",2,0,0,=,,,200,
200,"10653","4_SG","2_SG",2,1,0,=,,,201,
201,"10653","3_SG","1_SG",2,0,0,=,,,202,
202,"10653","3_SG","2_SG",2,1,0,=,,,203,
203,"10653","2_SG","1_SG",3,0,0,=,,,204,
204,"10653","2_SG","2_SG",3,1,0,=,,,205,
205,"10653","1_SG","1_SG",3,0,0,=,,,206,
206,"10653","1_SG","2_SG",3,1,0,=,,,207,
207,"10653","7_SG","26_SG",3,1,1,=,,,,
208,"10654","4_SG","1_SG",2,0,0,=,,,209,
209,"10654","4_SG","2_SG",2,1,0,=,,,210,
210,"10654","3_SG","1_SG",2,0,0,=,,,211,
211,"10654","3_SG","2_SG",2,1,0,=,,,212,
212,"10654","2_SG","1_SG",3,0,0,=,,,213,
213,"10654","2_SG","2_SG",3,1,0,=,,,214,
214,"10654","1_SG","1_SG",3,0,0,=,,,215,
215,"10654","1_SG","2_SG",3,1,0,=,,,216,
216,"10654","7_SG","26_SG",3,1,1,=,,,,
226,"11026","4_SG","1_SG",2,0,0,=,,,227,
227,"11026","4_SG","2_SG",2,1,0,=,,,228,
228,"11026","3_SG","1_SG",2,0,0,=,,,229,
229,"11026","3_SG","2_SG",2,1,0,=,,,230,
230,"11026","2_SG","1_SG",3,0,0,=,,,231,
231,"11026","2_SG","2_SG",3,1,0,=,,,232,
232,"11026","1_SG","1_SG",3,0,0,=,,,233,
233,"11026","1_SG","2_SG",3,1,0,=,,,234,
234,"11026","7_SG","26_SG",3,1,1,=,,,,
235,"111","4_SG","1_SG",2,0,0,=,,,236,
236,"111","4_SG","2_SG",2,1,0,=,,,237,
237,"111","3_SG","1_SG",2,0,0,=,,,238,
238,"111","3_SG","2_SG",2,1,0,=,,,239,
239,"111","2_SG","1_SG",3,0,0,=,,,240,
240,"111","2_SG","2_SG",3,1,0,=,,,241,
241,"111","1_SG","1_SG",3,0,0,=,,,242,
242,"111","1_SG","2_SG",3,1,0,=,,,243,
243,"111","7_SG","26_SG",3,1,1,=,,,,
244,"11101","4_SG","1_SG",2,0,0,=,,,245,
245,"11101","4_SG","2_SG",2,1,0,=,,,246,
246,"11101","3_SG","1_SG",2,0,0,=,,,247,
247,"11101","3_SG","2_SG",2,1,0,=,,,248,
248,"11101","2_SG","1_SG",3,0,0,=,,,249,
249,"11101","2_SG","2_SG",3,1,0,=,,,250,
250,"11101","1_SG","1_SG",3,0,0,=,,,251,
251,"11101","1_SG","2_SG",3,1,0,=,,,252,
252,"11101","7_SG","26_SG",3,1,1,=,,,,
253,"11202","4_SG","1_SG",2,0,0,=,,,254,
254,"11202","4_SG","2_SG",2,1,0,=,,,255,
255,"11202","3_SG","1_SG",2,0,0,=,,,256,
256,"11202","3_SG","2_SG",2,1,0,=,,,257,
257,"11202","2_SG","1_SG",3,0,0,=,,,258,
258,"11202","2_SG","2_SG",3,1,0,=,,,259,
259,"11202","1_SG","1_SG",3,0,0,=,,,260,
260,"11202","1_SG","2_SG",3,1,0,=,,,261,
261,"11202","7_SG","26_SG",3,1,1,=,,,,
262,"11352","4_SG","1_SG",2,0,0,=,,,263,
263,"11352","4_SG","2_SG",2,1,0,=,,,264,
264,"11352","3_SG","1_SG",2,0,0,=,,,265,
265,"11352","3_SG","2_SG",2,1,0,=,,,266,
266,"11352","2_SG","1_SG",3,0,0,=,,,267,
267,"11352","2_SG","2_SG",3,1,0,=,,,268,
268,"11352","1_SG","1_SG",3,0,0,=,,,269,
269,"11352","1_SG","2_SG",3,1,0,=,,,270,
270,"11352","7_SG","26_SG",3,1,1,=,,,,
271,"11353","4_SG","1_SG",2,0,0,=,,,272,
272,"11353","4_SG","2_SG",2,1,0,=,,,273,
273,"11353","3_SG","1_SG",2,0,0,=,,,274,
274,"11353","3_SG","2_SG",2,1,0,=,,,275,
275,"11353","2_SG","1_SG",3,0,0,=,,,276,
276,"11353","2_SG","2_SG",3,1,0,=,,,277,
277,"11353","1_SG","1_SG",3,0,0,=,,,278,
278,"11353","1_SG","2_SG",3,1,0,=,,,279,
279,"11353","7_SG","26_SG",3,1,1,=,,,,
280,"12026","4_SG","1_SG",2,0,0,=,,,281,
281,"12026","4_SG","2_SG",2,1,0,=,,,282,
282,"12026","3_SG","1_SG",2,0,0,=,,,283,
283,"12026","3_SG","2_SG",2,1,0,=,,,284,
284,"12026","2_SG","1_SG",3,0,0,=,,,285,
285,"12026","2_SG","2_SG",3,1,0,=,,,286,
286,"12026","1_SG","1_SG",3,0,0,=,,,287,
287,"12026","1_SG","2_SG",3,1,0,=,,,288,
288,"12026","7_SG","26_SG",3,1,1,=,,,,
289,"12202","4_SG","1_SG",2,0,0,=,,,290,
290,"12202","4_SG","2_SG",2,1,0,=,,,291,
291,"12202","3_SG","1_SG",2,0,0,=,,,292,
292,"12202","3_SG","2_SG",2,1,0,=,,,293,
293,"12202","2_SG","1_SG",3,0,0,=,,,294,
294,"12202","2_SG","2_SG",3,1,0,=,,,295,
295,"12202","1_SG","1_SG",3,0,0,=,,,296,
296,"12202","1_SG","2_SG",3,1,0,=,,,297,
297,"12202","7_SG","26_SG",3,1,1,=,,,,
298,"12352","4_SG","1_SG",2,0,0,=,,,299,
299,"12352","4_SG","2_SG",2,1,0,=,,,300,
300,"12352","3_SG","1_SG",2,0,0,=,,,301,
301,"12352","3_SG","2_SG",2,1,0,=,,,302,
302,"12352","2_SG","1_SG",3,0,0,=,,,303,
303,"12352","2_SG","2_SG",3,1,0,=,,,304,
304,"12352","1_SG","1_SG",3,0,0,=,,,305,
305,"12352","1_SG","2_SG",3,1,0,=,,,306,
306,"12352","7_SG","26_SG",3,1,1,=,,,,
307,"12354","4_SG","1_SG",2,0,0,=,,,308,
308,"12354","4_SG","2_SG",2,1,0,=,,,309,
309,"12354","3_SG","1_SG",2,0,0,=,,,310,
310,"12354","3_SG","2_SG",2,1,0,=,,,311,
311,"12354","2_SG","1_SG",3,0,0,=,,,312,
312,"12354","2_SG","2_SG",3,1,0,=,,,313,
313,"12354","1_SG","1_SG",3,0,0,=,,,314,
314,"12354","1_SG","2_SG",3,1,0,=,,,315,
315,"12354","7_SG","26_SG",3,1,1,=,,,,
316,"126_SG","4_SG","1_SG",2,0,0,=,,,317,
317,"126_SG","4_SG","2_SG",2,1,0,=,,,318,
318,"126_SG","3_SG","1_SG",2,0,0,=,,,319,
319,"126_SG","3_SG","2_SG",2,1,0,=,,,320,
320,"126_SG","2_SG","1_SG",3,0,0,=,,,321,
321,"126_SG","2_SG","2_SG",3,1,0,=,,,322,
322,"126_SG","1_SG","1_SG",3,0,0,=,,,323,
323,"126_SG","1_SG","2_SG",3,1,0,=,,,324,
324,"126_SG","7_SG","26_SG",3,1,1,=,,,,
325,"13026","4_SG","1_SG",2,0,0,=,,,326,
326,"13026","4_SG","2_SG",2,1,0,=,,,327,
327,"13026","3_SG","1_SG",2,0,0,=,,,328,
328,"13026","3_SG","2_SG",2,1,0,=,,,329,
329,"13026","2_SG","1_SG",3,0,0,=,,,330,
330,"13026","2_SG","2_SG",3,1,0,=,,,331,
331,"13026","1_SG","1_SG",3,0,0,=,,,332,
332,"13026","1_SG","2_SG",3,1,0,=,,,333,
333,"13026","7_SG","26_SG",3,1,1,=,,,,
334,"13202","4_SG","1_SG",2,0,0,=,,,335,
335,"13202","4_SG","2_SG",2,1,0,=,,,336,
336,"13202","3_SG","1_SG",2,0,0,=,,,337,
337,"13202","3_SG","2_SG",2,1,0,=,,,338,
338,"13202","2_SG","1_SG",3,0,0,=,,,339,
339,"13202","2_SG","2_SG",3,1,0,=,,,340,
340,"13202","1_SG","1_SG",3,0,0,=,,,341,
341,"13202","1_SG","2_SG",3,1,0,=,,,342,
342,"13202","7_SG","26_SG",3,1,1,=,,,,
343,"13352","4_SG","1_SG",2,0,0,=,,,344,
344,"13352","4_SG","2_SG",2,1,0,=,,,345,
345,"13352","3_SG","1_SG",2,0,0,=,,,346,
346,"13352","3_SG","2_SG",2,1,0,=,,,347,
347,"13352","2_SG","1_SG",3,0,0,=,,,348,
348,"13352","2_SG","2_SG",3,1,0,=,,,349,
349,"13352","1_SG","1_SG",3,0,0,=,,,350,
350,"13352","1_SG","2_SG",3,1,0,=,,,351,
351,"13352","7_SG","26_SG",3,1,1,=,,,,
352,"135_SG","4_SG","1_SG",2,0,0,=,,,353,
353,"135_SG","4_SG","2_SG",2,1,0,=,,,354,
354,"135_SG","3_SG","1_SG",2,0,0,=,,,355,
355,"135_SG","3_SG","2_SG",2,1,0,=,,,356,
356,"135_SG","2_SG","1_SG",3,0,0,=,,,357,
357,"135_SG","2_SG","2_SG",3,1,0,=,,,358,
358,"135_SG","1_SG","1_SG",3,0,0,=,,,359,
359,"135_SG","1_SG","2_SG",3,1,0,=,,,360,
360,"135_SG","7_SG","26_SG",3,1,1,=,,,,
361,"142_SG","4_SG","1_SG",2,0,0,=,,,362,
362,"142_SG","4_SG","2_SG",2,1,0,=,,,363,
363,"142_SG","3_SG","1_SG",2,0,0,=,,,364,
364,"142_SG","3_SG","2_SG",2,1,0,=,,,365,
365,"142_SG","2_SG","1_SG",3,0,0,=,,,366,
366,"142_SG","2_SG","2_SG",3,1,0,=,,,367,
367,"142_SG","1_SG","1_SG",3,0,0,=,,,368,
368,"142_SG","1_SG","2_SG",3,1,0,=,,,369,
369,"142_SG","7_SG","26_SG",3,1,1,=,,,,
370,"14352","4_SG","1_SG",2,0,0,=,,,371,
371,"14352","4_SG","2_SG",2,1,0,=,,,372,
372,"14352","3_SG","1_SG",2,0,0,=,,,373,
373,"14352","3_SG","2_SG",2,1,0,=,,,374,
374,"14352","2_SG","1_SG",3,0,0,=,,,375,
375,"14352","2_SG","2_SG",3,1,0,=,,,376,
376,"14352","1_SG","1_SG",3,0,0,=,,,377,
377,"14352","1_SG","2_SG",3,1,0,=,,,378,
378,"14352","7_SG","26_SG",3,1,1,=,,,,
379,"14756","4_SG","1_SG",2,0,0,=,,,380,
380,"14756","4_SG","2_SG",2,1,0,=,,,381,
381,"14756","3_SG","1_SG",2,0,0,=,,,382,
382,"14756","3_SG","2_SG",2,1,0,=,,,383,
383,"14756","2_SG","1_SG",3,0,0,=,,,384,
384,"14756","2_SG","2_SG",3,1,0,=,,,385,
385,"14756","1_SG","1_SG",3,0,0,=,,,386,
386,"14756","1_SG","2_SG",3,1,0,=,,,387,
387,"14756","7_SG","26_SG",3,1,1,=,,,,
388,"14757","4_SG","1_SG",2,0,0,=,,,389,
389,"14757","4_SG","2_SG",2,1,0,=,,,390,
390,"14757","3_SG","1_SG",2,0,0,=,,,391,
391,"14757","3_SG","2_SG",2,1,0,=,,,392,
392,"14757","2_SG","1_SG",3,0,0,=,,,393,
393,"14757","2_SG","2_SG",3,1,0,=,,,394,
394,"14757","1_SG","1_SG",3,0,0,=,,,395,
395,"14757","1_SG","2_SG",3,1,0,=,,,396,
396,"14757","7_SG","26_SG",3,1,1,=,,,,
397,"15026","4_SG","1_SG",2,0,0,=,,,398,
398,"15026","4_SG","2_SG",2,1,0,=,,,399,
399,"15026","3_SG","1_SG",2,0,0,=,,,400,
400,"15026","3_SG","2_SG",2,1,0,=,,,401,
401,"15026","2_SG","1_SG",3,0,0,=,,,402,
402,"15026","2_SG","2_SG",3,1,0,=,,,403,
403,"15026","1_SG","1_SG",3,0,0,=,,,404,
404,"15026","1_SG","2_SG",3,1,0,=,,,405,
405,"15026","7_SG","26_SG",3,1,1,=,,,,
406,"15100","4_SG","1_SG",2,0,0,=,,,407,
407,"15100","4_SG","2_SG",2,1,0,=,,,408,
408,"15100","3_SG","1_SG",2,0,0,=,,,409,
409,"15100","3_SG","2_SG",2,1,0,=,,,410,
410,"15100","2_SG","1_SG",3,0,0,=,,,411,
411,"15100","2_SG","2_SG",3,1,0,=,,,412,
412,"15100","1_SG","1_SG",3,0,0,=,,,413,
413,"15100","1_SG","2_SG",3,1,0,=,,,414,
414,"15100","7_SG","26_SG",3,1,1,=,,,,
415,"15302","4_SG","1_SG",2,0,0,=,,,416,
416,"15302","4_SG","2_SG",2,1,0,=,,,417,
417,"15302","3_SG","1_SG",2,0,0,=,,,418,
418,"15302","3_SG","2_SG",2,1,0,=,,,419,
419,"15302","2_SG","1_SG",3,0,0,=,,,420,
420,"15302","2_SG","2_SG",3,1,0,=,,,421,
421,"15302","1_SG","1_SG",3,0,0,=,,,422,
422,"15302","1_SG","2_SG",3,1,0,=,,,423,
423,"15302","7_SG","26_SG",3,1,1,=,,,,
424,"15350","4_SG","1_SG",2,0,0,=,,,425,
425,"15350","4_SG","2_SG",2,1,0,=,,,426,
426,"15350","3_SG","1_SG",2,0,0,=,,,427,
427,"15350","3_SG","2_SG",2,1,0,=,,,428,
428,"15350","2_SG","1_SG",3,0,0,=,,,429,
429,"15350","2_SG","2_SG",3,1,0,=,,,430,
430,"15350","1_SG","1_SG",3,0,0,=,,,431,
431,"15350","1_SG","2_SG",3,1,0,=,,,432,
432,"15350","7_SG","26_SG",3,1,1,=,,,,
433,"16026","4_SG","1_SG",2,0,0,=,,,434,
434,"16026","4_SG","2_SG",2,1,0,=,,,435,
435,"16026","3_SG","1_SG",2,0,0,=,,,436,
436,"16026","3_SG","2_SG",2,1,0,=,,,437,
437,"16026","2_SG","1_SG",3,0,0,=,,,438,
438,"16026","2_SG","2_SG",3,1,0,=,,,439,
439,"16026","1_SG","1_SG",3,0,0,=,,,440,
440,"16026","1_SG","2_SG",3,1,0,=,,,441,
441,"16026","7_SG","26_SG",3,1,1,=,,,,
442,"16202","4_SG","1_SG",2,0,0,=,,,443,
443,"16202","4_SG","2_SG",2,1,0,=,,,444,
444,"16202","3_SG","1_SG",2,0,0,=,,,445,
445,"16202","3_SG","2_SG",2,1,0,=,,,446,
446,"16202","2_SG","1_SG",3,0,0,=,,,447,
447,"16202","2_SG","2_SG",3,1,0,=,,,448,
448,"16202","1_SG","1_SG",3,0,0,=,,,449,
449,"16202","1_SG","2_SG",3,1,0,=,,,450,
450,"16202","7_SG","26_SG",3,1,1,=,,,,
451,"16352","4_SG","1_SG",2,0,0,=,,,452,
452,"16352","4_SG","2_SG",2,1,0,=,,,453,
453,"16352","3_SG","1_SG",2,0,0,=,,,454,
454,"16352","3_SG","2_SG",2,1,0,=,,,455,
455,"16352","2_SG","1_SG",3,0,0,=,,,456,
456,"16352","2_SG","2_SG",3,1,0,=,,,457,
457,"16352","1_SG","1_SG",3,0,0,=,,,458,
458,"16352","1_SG","2_SG",3,1,0,=,,,459,
459,"16352","7_SG","26_SG",3,1,1,=,,,,
460,"17026","4_SG","1_SG",2,0,0,=,,,461,
461,"17026","4_SG","2_SG",2,1,0,=,,,462,
462,"17026","3_SG","1_SG",2,0,0,=,,,463,
463,"17026","3_SG","2_SG",2,1,0,=,,,464,
464,"17026","2_SG","1_SG",3,0,0,=,,,465,
465,"17026","2_SG","2_SG",3,1,0,=,,,466,
466,"17026","1_SG","1_SG",3,0,0,=,,,467,
467,"17026","1_SG","2_SG",3,1,0,=,,,468,
468,"17026","7_SG","26_SG",3,1,1,=,,,,
469,"17202","4_SG","1_SG",2,0,0,=,,,470,
470,"17202","4_SG","2_SG",2,1,0,=,,,471,
471,"17202","3_SG","1_SG",2,0,0,=,,,472,
472,"17202","3_SG","2_SG",2,1,0,=,,,473,
473,"17202","2_SG","1_SG",3,0,0,=,,,474,
474,"17202","2_SG","2_SG",3,1,0,=,,,475,
475,"17202","1_SG","1_SG",3,0,0,=,,,476,
476,"17202","1_SG","2_SG",3,1,0,=,,,477,
477,"17202","7_SG","26_SG",3,1,1,=,,,,
478,"17352","4_SG","1_SG",2,0,0,=,,,479,
479,"17352","4_SG","2_SG",2,1,0,=,,,480,
480,"17352","3_SG","1_SG",2,0,0,=,,,481,
481,"17352","3_SG","2_SG",2,1,0,=,,,482,
482,"17352","2_SG","1_SG",3,0,0,=,,,483,
483,"17352","2_SG","2_SG",3,1,0,=,,,484,
484,"17352","1_SG","1_SG",3,0,0,=,,,485,
485,"17352","1_SG","2_SG",3,1,0,=,,,486,
486,"17352","7_SG","26_SG",3,1,1,=,,,,
487,"197_SG","4_SG","1_SG",2,0,0,=,,,488,
488,"197_SG","4_SG","2_SG",2,1,0,=,,,489,
489,"197_SG","3_SG","1_SG",2,0,0,=,,,490,
490,"197_SG","3_SG","2_SG",2,1,0,=,,,491,
491,"197_SG","2_SG","1_SG",3,0,0,=,,,492,
492,"197_SG","2_SG","2_SG",3,1,0,=,,,493,
493,"197_SG","1_SG","1_SG",3,0,0,=,,,494,
494,"197_SG","1_SG","2_SG",3,1,0,=,,,495,
495,"197_SG","7_SG","26_SG",3,1,1,=,,,,
496,"20026","4_SG","1_SG",2,0,0,=,,,497,
497,"20026","4_SG","2_SG",2,1,0,=,,,498,
498,"20026","3_SG","1_SG",2,0,0,=,,,499,
499,"20026","3_SG","2_SG",2,1,0,=,,,500,
500,"20026","2_SG","1_SG",3,0,0,=,,,501,
501,"20026","2_SG","2_SG",3,1,0,=,,,502,
502,"20026","1_SG","1_SG",3,0,0,=,,,503,
503,"20026","1_SG","2_SG",3,1,0,=,,,504,
504,"20026","7_SG","26_SG",3,1,1,=,,,,
514,"20102","4_SG","1_SG",2,0,0,=,,,515,
515,"20102","4_SG","2_SG",2,1,0,=,,,516,
516,"20102","3_SG","1_SG",2,0,0,=,,,517,
517,"20102","3_SG","2_SG",2,1,0,=,,,518,
518,"20102","2_SG","1_SG",3,0,0,=,,,519,
519,"20102","2_SG","2_SG",3,1,0,=,,,520,
520,"20102","1_SG","1_SG",3,0,0,=,,,521,
521,"20102","1_SG","2_SG",3,1,0,=,,,522,
522,"20102","7_SG","26_SG",3,1,1,=,,,,
523,"20202","4_SG","1_SG",2,0,0,=,,,524,
524,"20202","4_SG","2_SG",2,1,0,=,,,525,
525,"20202","3_SG","1_SG",2,0,0,=,,,526,
526,"20202","3_SG","2_SG",2,1,0,=,,,527,
527,"20202","2_SG","1_SG",3,0,0,=,,,528,
528,"20202","2_SG","2_SG",3,1,0,=,,,529,
529,"20202","1_SG","1_SG",3,0,0,=,,,530,
530,"20202","1_SG","2_SG",3,1,0,=,,,531,
531,"20202","7_SG","26_SG",3,1,1,=,,,,
532,"20302","4_SG","1_SG",2,0,0,=,,,533,
533,"20302","4_SG","2_SG",2,1,0,=,,,534,
534,"20302","3_SG","1_SG",2,0,0,=,,,535,
535,"20302","3_SG","2_SG",2,1,0,=,,,536,
536,"20302","2_SG","1_SG",3,0,0,=,,,537,
537,"20302","2_SG","2_SG",3,1,0,=,,,538,
538,"20302","1_SG","1_SG",3,0,0,=,,,539,
539,"20302","1_SG","2_SG",3,1,0,=,,,540,
540,"20302","7_SG","26_SG",3,1,1,=,,,,
550,"21024","4_SG","1_SG",2,0,0,=,,,551,
551,"21024","4_SG","2_SG",2,1,0,=,,,552,
552,"21024","3_SG","1_SG",2,0,0,=,,,553,
553,"21024","3_SG","2_SG",2,1,0,=,,,554,
554,"21024","2_SG","1_SG",3,0,0,=,,,555,
555,"21024","2_SG","2_SG",3,1,0,=,,,556,
556,"21024","1_SG","1_SG",3,0,0,=,,,557,
557,"21024","1_SG","2_SG",3,1,0,=,,,558,
558,"21024","7_SG","26_SG",3,1,1,=,,,,
559,"21026","4_SG","1_SG",2,0,0,=,,,560,
560,"21026","4_SG","2_SG",2,1,0,=,,,561,
561,"21026","3_SG","1_SG",2,0,0,=,,,562,
562,"21026","3_SG","2_SG",2,1,0,=,,,563,
563,"21026","2_SG","1_SG",3,0,0,=,,,564,
564,"21026","2_SG","2_SG",3,1,0,=,,,565,
565,"21026","1_SG","1_SG",3,0,0,=,,,566,
566,"21026","1_SG","2_SG",3,1,0,=,,,567,
567,"21026","7_SG","26_SG",3,1,1,=,,,,
568,"21102","4_SG","1_SG",2,0,0,=,,,569,
569,"21102","4_SG","2_SG",2,1,0,=,,,570,
570,"21102","3_SG","1_SG",2,0,0,=,,,571,
571,"21102","3_SG","2_SG",2,1,0,=,,,572,
572,"21102","2_SG","1_SG",3,0,0,=,,,573,
573,"21102","2_SG","2_SG",3,1,0,=,,,574,
574,"21102","1_SG","1_SG",3,0,0,=,,,575,
575,"21102","1_SG","2_SG",3,1,0,=,,,576,
576,"21102","7_SG","26_SG",3,1,1,=,,,,
577,"21204","4_SG","1_SG",2,0,0,=,,,578,
578,"21204","4_SG","2_SG",2,1,0,=,,,579,
579,"21204","3_SG","1_SG",2,0,0,=,,,580,
580,"21204","3_SG","2_SG",2,1,0,=,,,581,
581,"21204","2_SG","1_SG",3,0,0,=,,,582,
582,"21204","2_SG","2_SG",3,1,0,=,,,583,
583,"21204","1_SG","1_SG",3,0,0,=,,,584,
584,"21204","1_SG","2_SG",3,1,0,=,,,585,
585,"21204","7_SG","26_SG",3,1,1,=,,,,
586,"21300","4_SG","1_SG",2,0,0,=,,,587,
587,"21300","4_SG","2_SG",2,1,0,=,,,588,
588,"21300","3_SG","1_SG",2,0,0,=,,,589,
589,"21300","3_SG","2_SG",2,1,0,=,,,590,
590,"21300","2_SG","1_SG",3,0,0,=,,,591,
591,"21300","2_SG","2_SG",3,1,0,=,,,592,
592,"21300","1_SG","1_SG",3,0,0,=,,,593,
593,"21300","1_SG","2_SG",3,1,0,=,,,594,
594,"21300","7_SG","26_SG",3,1,1,=,,,,
595,"21350","4_SG","1_SG",2,0,0,=,,,596,
596,"21350","4_SG","2_SG",2,1,0,=,,,597,
597,"21350","3_SG","1_SG",2,0,0,=,,,598,
598,"21350","3_SG","2_SG",2,1,0,=,,,599,
599,"21350","2_SG","1_SG",3,0,0,=,,,600,
600,"21350","2_SG","2_SG",3,1,0,=,,,601,
601,"21350","1_SG","1_SG",3,0,0,=,,,602,
602,"21350","1_SG","2_SG",3,1,0,=,,,603,
603,"21350","7_SG","26_SG",3,1,1,=,,,,
604,"21352","4_SG","1_SG",2,0,0,=,,,605,
605,"21352","4_SG","2_SG",2,1,0,=,,,606,
606,"21352","3_SG","1_SG",2,0,0,=,,,607,
607,"21352","3_SG","2_SG",2,1,0,=,,,608,
608,"21352","2_SG","1_SG",3,0,0,=,,,609,
609,"21352","2_SG","2_SG",3,1,0,=,,,610,
610,"21352","1_SG","1_SG",3,0,0,=,,,611,
611,"21352","1_SG","2_SG",3,1,0,=,,,612,
612,"21352","7_SG","26_SG",3,1,1,=,,,,
613,"220_SG","4_SG","1_SG",2,0,0,=,,,614,
614,"220_SG","4_SG","2_SG",2,1,0,=,,,615,
615,"220_SG","3_SG","1_SG",2,0,0,=,,,616,
616,"220_SG","3_SG","2_SG",2,1,0,=,,,617,
617,"220_SG","2_SG","1_SG",3,0,0,=,,,618,
618,"220_SG","2_SG","2_SG",3,1,0,=,,,619,
619,"220_SG","1_SG","1_SG",3,0,0,=,,,620,
620,"220_SG","1_SG","2_SG",3,1,0,=,,,621,
621,"220_SG","7_SG","26_SG",3,1,1,=,,,,
622,"22005","4_SG","1_SG",2,0,0,=,,,623,
623,"22005","4_SG","2_SG",2,1,0,=,,,624,
624,"22005","3_SG","1_SG",2,0,0,=,,,625,
625,"22005","3_SG","2_SG",2,1,0,=,,,626,
626,"22005","2_SG","1_SG",3,0,0,=,,,627,
627,"22005","2_SG","2_SG",3,1,0,=,,,628,
628,"22005","1_SG","1_SG",3,0,0,=,,,629,
629,"22005","1_SG","2_SG",3,1,0,=,,,630,
630,"22005","7_SG","26_SG",3,1,1,=,,,,
631,"221_SG","4_SG","1_SG",2,0,0,=,,,632,
632,"221_SG","4_SG","2_SG",2,1,0,=,,,633,
633,"221_SG","3_SG","1_SG",2,0,0,=,,,634,
634,"221_SG","3_SG","2_SG",2,1,0,=,,,635,
635,"221_SG","2_SG","1_SG",3,0,0,=,,,636,
636,"221_SG","2_SG","2_SG",3,1,0,=,,,637,
637,"221_SG","1_SG","1_SG",3,0,0,=,,,638,
638,"221_SG","1_SG","2_SG",3,1,0,=,,,639,
639,"221_SG","7_SG","26_SG",3,1,1,=,,,,
640,"223_SG","4_SG","1_SG",2,0,0,=,,,641,
641,"223_SG","4_SG","2_SG",2,1,0,=,,,642,
642,"223_SG","3_SG","1_SG",2,0,0,=,,,643,
643,"223_SG","3_SG","2_SG",2,1,0,=,,,644,
644,"223_SG","2_SG","1_SG",3,0,0,=,,,645,
645,"223_SG","2_SG","2_SG",3,1,0,=,,,646,
646,"223_SG","1_SG","1_SG",3,0,0,=,,,647,
647,"223_SG","1_SG","2_SG",3,1,0,=,,,648,
648,"223_SG","7_SG","26_SG",3,1,1,=,,,,
649,"23022","4_SG","1_SG",2,0,0,=,,,650,
650,"23022","4_SG","2_SG",2,1,0,=,,,651,
651,"23022","3_SG","1_SG",2,0,0,=,,,652,
652,"23022","3_SG","2_SG",2,1,0,=,,,653,
653,"23022","2_SG","1_SG",3,0,0,=,,,654,
654,"23022","2_SG","2_SG",3,1,0,=,,,655,
655,"23022","1_SG","1_SG",3,0,0,=,,,656,
656,"23022","1_SG","2_SG",3,1,0,=,,,657,
657,"23022","7_SG","26_SG",3,1,1,=,,,,
658,"23026","4_SG","1_SG",2,0,0,=,,,659,
659,"23026","4_SG","2_SG",2,1,0,=,,,660,
660,"23026","3_SG","1_SG",2,0,0,=,,,661,
661,"23026","3_SG","2_SG",2,1,0,=,,,662,
662,"23026","2_SG","1_SG",3,0,0,=,,,663,
663,"23026","2_SG","2_SG",3,1,0,=,,,664,
664,"23026","1_SG","1_SG",3,0,0,=,,,665,
665,"23026","1_SG","2_SG",3,1,0,=,,,666,
666,"23026","7_SG","26_SG",3,1,1,=,,,,
667,"23102","4_SG","1_SG",2,0,0,=,,,668,
668,"23102","4_SG","2_SG",2,1,0,=,,,669,
669,"23102","3_SG","1_SG",2,0,0,=,,,670,
670,"23102","3_SG","2_SG",2,1,0,=,,,671,
671,"23102","2_SG","1_SG",3,0,0,=,,,672,
672,"23102","2_SG","2_SG",3,1,0,=,,,673,
673,"23102","1_SG","1_SG",3,0,0,=,,,674,
674,"23102","1_SG","2_SG",3,1,0,=,,,675,
675,"23102","7_SG","26_SG",3,1,1,=,,,,
676,"23202","4_SG","1_SG",2,0,0,=,,,677,
677,"23202","4_SG","2_SG",2,1,0,=,,,678,
678,"23202","3_SG","1_SG",2,0,0,=,,,679,
679,"23202","3_SG","2_SG",2,1,0,=,,,680,
680,"23202","2_SG","1_SG",3,0,0,=,,,681,
681,"23202","2_SG","2_SG",3,1,0,=,,,682,
682,"23202","1_SG","1_SG",3,0,0,=,,,683,
683,"23202","1_SG","2_SG",3,1,0,=,,,684,
684,"23202","7_SG","26_SG",3,1,1,=,,,,
685,"233_SG","4_SG","1_SG",2,0,0,=,,,686,
686,"233_SG","4_SG","2_SG",2,1,0,=,,,687,
687,"233_SG","3_SG","1_SG",2,0,0,=,,,688,
688,"233_SG","3_SG","2_SG",2,1,0,=,,,689,
689,"233_SG","2_SG","1_SG",3,0,0,=,,,690,
690,"233_SG","2_SG","2_SG",3,1,0,=,,,691,
691,"233_SG","1_SG","1_SG",3,0,0,=,,,692,
692,"233_SG","1_SG","2_SG",3,1,0,=,,,693,
693,"233_SG","7_SG","26_SG",3,1,1,=,,,,
694,"23350","4_SG","1_SG",2,0,0,=,,,695,
695,"23350","4_SG","2_SG",2,1,0,=,,,696,
696,"23350","3_SG","1_SG",2,0,0,=,,,697,
697,"23350","3_SG","2_SG",2,1,0,=,,,698,
698,"23350","2_SG","1_SG",3,0,0,=,,,699,
699,"23350","2_SG","2_SG",3,1,0,=,,,700,
700,"23350","1_SG","1_SG",3,0,0,=,,,701,
701,"23350","1_SG","2_SG",3,1,0,=,,,702,
702,"23350","7_SG","26_SG",3,1,1,=,,,,
703,"23352","4_SG","1_SG",2,0,0,=,,,704,
704,"23352","4_SG","2_SG",2,1,0,=,,,705,
705,"23352","3_SG","1_SG",2,0,0,=,,,706,
706,"23352","3_SG","2_SG",2,1,0,=,,,707,
707,"23352","2_SG","1_SG",3,0,0,=,,,708,
708,"23352","2_SG","2_SG",3,1,0,=,,,709,
709,"23352","1_SG","1_SG",3,0,0,=,,,710,
710,"23352","1_SG","2_SG",3,1,0,=,,,711,
711,"23352","7_SG","26_SG",3,1,1,=,,,,
712,"239_SG","4_SG","1_SG",2,0,0,=,,,713,
713,"239_SG","4_SG","2_SG",2,1,0,=,,,714,
714,"239_SG","3_SG","1_SG",2,0,0,=,,,715,
715,"239_SG","3_SG","2_SG",2,1,0,=,,,716,
716,"239_SG","2_SG","1_SG",3,0,0,=,,,717,
717,"239_SG","2_SG","2_SG",3,1,0,=,,,718,
718,"239_SG","1_SG","1_SG",3,0,0,=,,,719,
719,"239_SG","1_SG","2_SG",3,1,0,=,,,720,
720,"239_SG","7_SG","26_SG",3,1,1,=,,,,
721,"240_SG","4_SG","1_SG",2,0,0,=,,,722,
722,"240_SG","4_SG","2_SG",2,1,0,=,,,723,
723,"240_SG","3_SG","1_SG",2,0,0,=,,,724,
724,"240_SG","3_SG","2_SG",2,1,0,=,,,725,
725,"240_SG","2_SG","1_SG",3,0,0,=,,,726,
726,"240_SG","2_SG","2_SG",3,1,0,=,,,727,
727,"240_SG","1_SG","1_SG",3,0,0,=,,,728,
728,"240_SG","1_SG","2_SG",3,1,0,=,,,729,
729,"240_SG","7_SG","26_SG",3,1,1,=,,,,
730,"24026","4_SG","1_SG",2,0,0,=,,,731,
731,"24026","4_SG","2_SG",2,1,0,=,,,732,
732,"24026","3_SG","1_SG",2,0,0,=,,,733,
733,"24026","3_SG","2_SG",2,1,0,=,,,734,
734,"24026","2_SG","1_SG",3,0,0,=,,,735,
735,"24026","2_SG","2_SG",3,1,0,=,,,736,
736,"24026","1_SG","1_SG",3,0,0,=,,,737,
737,"24026","1_SG","2_SG",3,1,0,=,,,738,
738,"24026","7_SG","26_SG",3,1,1,=,,,,
739,"24028","4_SG","1_SG",2,0,0,=,,,740,
740,"24028","4_SG","2_SG",2,1,0,=,,,741,
741,"24028","3_SG","1_SG",2,0,0,=,,,742,
742,"24028","3_SG","2_SG",2,1,0,=,,,743,
743,"24028","2_SG","1_SG",3,0,0,=,,,744,
744,"24028","2_SG","2_SG",3,1,0,=,,,745,
745,"24028","1_SG","1_SG",3,0,0,=,,,746,
746,"24028","1_SG","2_SG",3,1,0,=,,,747,
747,"24028","7_SG","26_SG",3,1,1,=,,,,
748,"24029","4_SG","1_SG",2,0,0,=,,,749,
749,"24029","4_SG","2_SG",2,1,0,=,,,750,
750,"24029","3_SG","1_SG",2,0,0,=,,,751,
751,"24029","3_SG","2_SG",2,1,0,=,,,752,
752,"24029","2_SG","1_SG",3,0,0,=,,,753,
753,"24029","2_SG","2_SG",3,1,0,=,,,754,
754,"24029","1_SG","1_SG",3,0,0,=,,,755,
755,"24029","1_SG","2_SG",3,1,0,=,,,756,
756,"24029","7_SG","26_SG",3,1,1,=,,,,
757,"24102","4_SG","1_SG",2,0,0,=,,,758,
758,"24102","4_SG","2_SG",2,1,0,=,,,759,
759,"24102","3_SG","1_SG",2,0,0,=,,,760,
760,"24102","3_SG","2_SG",2,1,0,=,,,761,
761,"24102","2_SG","1_SG",3,0,0,=,,,762,
762,"24102","2_SG","2_SG",3,1,0,=,,,763,
763,"24102","1_SG","1_SG",3,0,0,=,,,764,
764,"24102","1_SG","2_SG",3,1,0,=,,,765,
765,"24102","7_SG","26_SG",3,1,1,=,,,,
766,"242_SG","4_SG","1_SG",2,0,0,=,,,767,
767,"242_SG","4_SG","2_SG",2,1,0,=,,,768,
768,"242_SG","3_SG","1_SG",2,0,0,=,,,769,
769,"242_SG","3_SG","2_SG",2,1,0,=,,,770,
770,"242_SG","2_SG","1_SG",3,0,0,=,,,771,
771,"242_SG","2_SG","2_SG",3,1,0,=,,,772,
772,"242_SG","1_SG","1_SG",3,0,0,=,,,773,
773,"242_SG","1_SG","2_SG",3,1,0,=,,,774,
774,"242_SG","7_SG","26_SG",3,1,1,=,,,,
775,"24202","4_SG","1_SG",2,0,0,=,,,776,
776,"24202","4_SG","2_SG",2,1,0,=,,,777,
777,"24202","3_SG","1_SG",2,0,0,=,,,778,
778,"24202","3_SG","2_SG",2,1,0,=,,,779,
779,"24202","2_SG","1_SG",3,0,0,=,,,780,
780,"24202","2_SG","2_SG",3,1,0,=,,,781,
781,"24202","1_SG","1_SG",3,0,0,=,,,782,
782,"24202","1_SG","2_SG",3,1,0,=,,,783,
783,"24202","7_SG","26_SG",3,1,1,=,,,,
784,"243_SG","4_SG","1_SG",2,0,0,=,,,785,
785,"243_SG","4_SG","2_SG",2,1,0,=,,,786,
786,"243_SG","3_SG","1_SG",2,0,0,=,,,787,
787,"243_SG","3_SG","2_SG",2,1,0,=,,,788,
788,"243_SG","2_SG","1_SG",3,0,0,=,,,789,
789,"243_SG","2_SG","2_SG",3,1,0,=,,,790,
790,"243_SG","1_SG","1_SG",3,0,0,=,,,791,
791,"243_SG","1_SG","2_SG",3,1,0,=,,,792,
792,"243_SG","7_SG","26_SG",3,1,1,=,,,,
793,"24352","4_SG","1_SG",2,0,0,=,,,794,
794,"24352","4_SG","2_SG",2,1,0,=,,,795,
795,"24352","3_SG","1_SG",2,0,0,=,,,796,
796,"24352","3_SG","2_SG",2,1,0,=,,,797,
797,"24352","2_SG","1_SG",3,0,0,=,,,798,
798,"24352","2_SG","2_SG",3,1,0,=,,,799,
799,"24352","1_SG","1_SG",3,0,0,=,,,800,
800,"24352","1_SG","2_SG",3,1,0,=,,,801,
801,"24352","7_SG","26_SG",3,1,1,=,,,,
802,"244_SG","4_SG","1_SG",2,0,0,=,,,803,
803,"244_SG","4_SG","2_SG",2,1,0,=,,,804,
804,"244_SG","3_SG","1_SG",2,0,0,=,,,805,
805,"244_SG","3_SG","2_SG",2,1,0,=,,,806,
806,"244_SG","2_SG","1_SG",3,0,0,=,,,807,
807,"244_SG","2_SG","2_SG",3,1,0,=,,,808,
808,"244_SG","1_SG","1_SG",3,0,0,=,,,809,
809,"244_SG","1_SG","2_SG",3,1,0,=,,,810,
810,"244_SG","7_SG","26_SG",3,1,1,=,,,,
811,"24555","4_SG","1_SG",2,0,0,=,,,812,
812,"24555","4_SG","2_SG",2,1,0,=,,,813,
813,"24555","3_SG","1_SG",2,0,0,=,,,814,
814,"24555","3_SG","2_SG",2,1,0,=,,,815,
815,"24555","2_SG","1_SG",3,0,0,=,,,816,
816,"24555","2_SG","2_SG",3,1,0,=,,,817,
817,"24555","1_SG","1_SG",3,0,0,=,,,818,
818,"24555","1_SG","2_SG",3,1,0,=,,,819,
819,"24555","7_SG","26_SG",3,1,1,=,,,,
820,"24556","4_SG","1_SG",2,0,0,=,,,821,
821,"24556","4_SG","2_SG",2,1,0,=,,,822,
822,"24556","3_SG","1_SG",2,0,0,=,,,823,
823,"24556","3_SG","2_SG",2,1,0,=,,,824,
824,"24556","2_SG","1_SG",3,0,0,=,,,825,
825,"24556","2_SG","2_SG",3,1,0,=,,,826,
826,"24556","1_SG","1_SG",3,0,0,=,,,827,
827,"24556","1_SG","2_SG",3,1,0,=,,,828,
828,"24556","7_SG","26_SG",3,1,1,=,,,,
829,"24557","4_SG","1_SG",2,0,0,=,,,830,
830,"24557","4_SG","2_SG",2,1,0,=,,,831,
831,"24557","3_SG","1_SG",2,0,0,=,,,832,
832,"24557","3_SG","2_SG",2,1,0,=,,,833,
833,"24557","2_SG","1_SG",3,0,0,=,,,834,
834,"24557","2_SG","2_SG",3,1,0,=,,,835,
835,"24557","1_SG","1_SG",3,0,0,=,,,836,
836,"24557","1_SG","2_SG",3,1,0,=,,,837,
837,"24557","7_SG","26_SG",3,1,1,=,,,,
838,"25028","4_SG","1_SG",2,0,0,=,,,839,
839,"25028","4_SG","2_SG",2,1,0,=,,,840,
840,"25028","3_SG","1_SG",2,0,0,=,,,841,
841,"25028","3_SG","2_SG",2,1,0,=,,,842,
842,"25028","2_SG","1_SG",3,0,0,=,,,843,
843,"25028","2_SG","2_SG",3,1,0,=,,,844,
844,"25028","1_SG","1_SG",3,0,0,=,,,845,
845,"25028","1_SG","2_SG",3,1,0,=,,,846,
846,"25028","7_SG","26_SG",3,1,1,=,,,,
847,"25100","4_SG","1_SG",2,0,0,=,,,848,
848,"25100","4_SG","2_SG",2,1,0,=,,,849,
849,"25100","3_SG","1_SG",2,0,0,=,,,850,
850,"25100","3_SG","2_SG",2,1,0,=,,,851,
851,"25100","2_SG","1_SG",3,0,0,=,,,852,
852,"25100","2_SG","2_SG",3,1,0,=,,,853,
853,"25100","1_SG","1_SG",3,0,0,=,,,854,
854,"25100","1_SG","2_SG",3,1,0,=,,,855,
855,"25100","7_SG","26_SG",3,1,1,=,,,,
856,"25102","4_SG","1_SG",2,0,0,=,,,857,
857,"25102","4_SG","2_SG",2,1,0,=,,,858,
858,"25102","3_SG","1_SG",2,0,0,=,,,859,
859,"25102","3_SG","2_SG",2,1,0,=,,,860,
860,"25102","2_SG","1_SG",3,0,0,=,,,861,
861,"25102","2_SG","2_SG",3,1,0,=,,,862,
862,"25102","1_SG","1_SG",3,0,0,=,,,863,
863,"25102","1_SG","2_SG",3,1,0,=,,,864,
864,"25102","7_SG","26_SG",3,1,1,=,,,,
865,"25202","4_SG","1_SG",2,0,0,=,,,866,
866,"25202","4_SG","2_SG",2,1,0,=,,,867,
867,"25202","3_SG","1_SG",2,0,0,=,,,868,
868,"25202","3_SG","2_SG",2,1,0,=,,,869,
869,"25202","2_SG","1_SG",3,0,0,=,,,870,
870,"25202","2_SG","2_SG",3,1,0,=,,,871,
871,"25202","1_SG","1_SG",3,0,0,=,,,872,
872,"25202","1_SG","2_SG",3,1,0,=,,,873,
873,"25202","7_SG","26_SG",3,1,1,=,,,,
874,"25350","4_SG","1_SG",2,0,0,=,,,875,
875,"25350","4_SG","2_SG",2,1,0,=,,,876,
876,"25350","3_SG","1_SG",2,0,0,=,,,877,
877,"25350","3_SG","2_SG",2,1,0,=,,,878,
878,"25350","2_SG","1_SG",3,0,0,=,,,879,
879,"25350","2_SG","2_SG",3,1,0,=,,,880,
880,"25350","1_SG","1_SG",3,0,0,=,,,881,
881,"25350","1_SG","2_SG",3,1,0,=,,,882,
882,"25350","7_SG","26_SG",3,1,1,=,,,,
883,"25354","4_SG","1_SG",2,0,0,=,,,884,
884,"25354","4_SG","2_SG",2,1,0,=,,,885,
885,"25354","3_SG","1_SG",2,0,0,=,,,886,
886,"25354","3_SG","2_SG",2,1,0,=,,,887,
887,"25354","2_SG","1_SG",3,0,0,=,,,888,
888,"25354","2_SG","2_SG",3,1,0,=,,,889,
889,"25354","1_SG","1_SG",3,0,0,=,,,890,
890,"25354","1_SG","2_SG",3,1,0,=,,,891,
891,"25354","7_SG","26_SG",3,1,1,=,,,,
892,"26026","4_SG","1_SG",2,0,0,=,,,893,
893,"26026","4_SG","2_SG",2,1,0,=,,,894,
894,"26026","3_SG","1_SG",2,0,0,=,,,895,
895,"26026","3_SG","2_SG",2,1,0,=,,,896,
896,"26026","2_SG","1_SG",3,0,0,=,,,897,
897,"26026","2_SG","2_SG",3,1,0,=,,,898,
898,"26026","1_SG","1_SG",3,0,0,=,,,899,
899,"26026","1_SG","2_SG",3,1,0,=,,,900,
900,"26026","7_SG","26_SG",3,1,1,=,,,,
901,"26028","4_SG","1_SG",2,0,0,=,,,902,
902,"26028","4_SG","2_SG",2,1,0,=,,,903,
903,"26028","3_SG","1_SG",2,0,0,=,,,904,
904,"26028","3_SG","2_SG",2,1,0,=,,,905,
905,"26028","2_SG","1_SG",3,0,0,=,,,906,
906,"26028","2_SG","2_SG",3,1,0,=,,,907,
907,"26028","1_SG","1_SG",3,0,0,=,,,908,
908,"26028","1_SG","2_SG",3,1,0,=,,,909,
909,"26028","7_SG","26_SG",3,1,1,=,,,,
910,"26102","4_SG","1_SG",2,0,0,=,,,911,
911,"26102","4_SG","2_SG",2,1,0,=,,,912,
912,"26102","3_SG","1_SG",2,0,0,=,,,913,
913,"26102","3_SG","2_SG",2,1,0,=,,,914,
914,"26102","2_SG","1_SG",3,0,0,=,,,915,
915,"26102","2_SG","2_SG",3,1,0,=,,,916,
916,"26102","1_SG","1_SG",3,0,0,=,,,917,
917,"26102","1_SG","2_SG",3,1,0,=,,,918,
918,"26102","7_SG","26_SG",3,1,1,=,,,,
919,"26104","4_SG","1_SG",2,0,0,=,,,920,
920,"26104","4_SG","2_SG",2,1,0,=,,,921,
921,"26104","3_SG","1_SG",2,0,0,=,,,922,
922,"26104","3_SG","2_SG",2,1,0,=,,,923,
923,"26104","2_SG","1_SG",3,0,0,=,,,924,
924,"26104","2_SG","2_SG",3,1,0,=,,,925,
925,"26104","1_SG","1_SG",3,0,0,=,,,926,
926,"26104","1_SG","2_SG",3,1,0,=,,,927,
927,"26104","7_SG","26_SG",3,1,1,=,,,,
928,"26202","4_SG","1_SG",2,0,0,=,,,929,
929,"26202","4_SG","2_SG",2,1,0,=,,,930,
930,"26202","3_SG","1_SG",2,0,0,=,,,931,
931,"26202","3_SG","2_SG",2,1,0,=,,,932,
932,"26202","2_SG","1_SG",3,0,0,=,,,933,
933,"26202","2_SG","2_SG",3,1,0,=,,,934,
934,"26202","1_SG","1_SG",3,0,0,=,,,935,
935,"26202","1_SG","2_SG",3,1,0,=,,,936,
936,"26202","7_SG","26_SG",3,1,1,=,,,,
937,"26204","4_SG","1_SG",2,0,0,=,,,938,
938,"26204","4_SG","2_SG",2,1,0,=,,,939,
939,"26204","3_SG","1_SG",2,0,0,=,,,940,
940,"26204","3_SG","2_SG",2,1,0,=,,,941,
941,"26204","2_SG","1_SG",3,0,0,=,,,942,
942,"26204","2_SG","2_SG",3,1,0,=,,,943,
943,"26204","1_SG","1_SG",3,0,0,=,,,944,
944,"26204","1_SG","2_SG",3,1,0,=,,,945,
945,"26204","7_SG","26_SG",3,1,1,=,,,,
946,"26304","4_SG","1_SG",2,0,0,=,,,947,
947,"26304","4_SG","2_SG",2,1,0,=,,,948,
948,"26304","3_SG","1_SG",2,0,0,=,,,949,
949,"26304","3_SG","2_SG",2,1,0,=,,,950,
950,"26304","2_SG","1_SG",3,0,0,=,,,951,
951,"26304","2_SG","2_SG",3,1,0,=,,,952,
952,"26304","1_SG","1_SG",3,0,0,=,,,953,
953,"26304","1_SG","2_SG",3,1,0,=,,,954,
954,"26304","7_SG","26_SG",3,1,1,=,,,,
955,"26350","4_SG","1_SG",2,0,0,=,,,956,
956,"26350","4_SG","2_SG",2,1,0,=,,,957,
957,"26350","3_SG","1_SG",2,0,0,=,,,958,
958,"26350","3_SG","2_SG",2,1,0,=,,,959,
959,"26350","2_SG","1_SG",3,0,0,=,,,960,
960,"26350","2_SG","2_SG",3,1,0,=,,,961,
961,"26350","1_SG","1_SG",3,0,0,=,,,962,
962,"26350","1_SG","2_SG",3,1,0,=,,,963,
963,"26350","7_SG","26_SG",3,1,1,=,,,,
964,"27026","4_SG","1_SG",2,0,0,=,,,965,
965,"27026","4_SG","2_SG",2,1,0,=,,,966,
966,"27026","3_SG","1_SG",2,0,0,=,,,967,
967,"27026","3_SG","2_SG",2,1,0,=,,,968,
968,"27026","2_SG","1_SG",3,0,0,=,,,969,
969,"27026","2_SG","2_SG",3,1,0,=,,,970,
970,"27026","1_SG","1_SG",3,0,0,=,,,971,
971,"27026","1_SG","2_SG",3,1,0,=,,,972,
972,"27026","7_SG","26_SG",3,1,1,=,,,,
973,"27028","4_SG","1_SG",2,0,0,=,,,974,
974,"27028","4_SG","2_SG",2,1,0,=,,,975,
975,"27028","3_SG","1_SG",2,0,0,=,,,976,
976,"27028","3_SG","2_SG",2,1,0,=,,,977,
977,"27028","2_SG","1_SG",3,0,0,=,,,978,
978,"27028","2_SG","2_SG",3,1,0,=,,,979,
979,"27028","1_SG","1_SG",3,0,0,=,,,980,
980,"27028","1_SG","2_SG",3,1,0,=,,,981,
981,"27028","7_SG","26_SG",3,1,1,=,,,,
982,"27102","4_SG","1_SG",2,0,0,=,,,983,
983,"27102","4_SG","2_SG",2,1,0,=,,,984,
984,"27102","3_SG","1_SG",2,0,0,=,,,985,
985,"27102","3_SG","2_SG",2,1,0,=,,,986,
986,"27102","2_SG","1_SG",3,0,0,=,,,987,
987,"27102","2_SG","2_SG",3,1,0,=,,,988,
988,"27102","1_SG","1_SG",3,0,0,=,,,989,
989,"27102","1_SG","2_SG",3,1,0,=,,,990,
990,"27102","7_SG","26_SG",3,1,1,=,,,,
991,"27352","4_SG","1_SG",2,0,0,=,,,992,
992,"27352","4_SG","2_SG",2,1,0,=,,,993,
993,"27352","3_SG","1_SG",2,0,0,=,,,994,
994,"27352","3_SG","2_SG",2,1,0,=,,,995,
995,"27352","2_SG","1_SG",3,0,0,=,,,996,
996,"27352","2_SG","2_SG",3,1,0,=,,,997,
997,"27352","1_SG","1_SG",3,0,0,=,,,998,
998,"27352","1_SG","2_SG",3,1,0,=,,,999,
999,"27352","7_SG","26_SG",3,1,1,=,,,,
1000,"279_SG","4_SG","1_SG",2,0,0,=,,,1001,
1001,"279_SG","4_SG","2_SG",2,1,0,=,,,1002,
1002,"279_SG","3_SG","1_SG",2,0,0,=,,,1003,
1003,"279_SG","3_SG","2_SG",2,1,0,=,,,1004,
1004,"279_SG","2_SG","1_SG",3,0,0,=,,,1005,
1005,"279_SG","2_SG","2_SG",3,1,0,=,,,1006,
1006,"279_SG","1_SG","1_SG",3,0,0,=,,,1007,
1007,"279_SG","1_SG","2_SG",3,1,0,=,,,1008,
1008,"279_SG","7_SG","26_SG",3,1,1,=,,,,
1009,"28026","4_SG","1_SG",2,0,0,=,,,1010,
1010,"28026","4_SG","2_SG",2,1,0,=,,,1011,
1011,"28026","3_SG","1_SG",2,0,0,=,,,1012,
1012,"28026","3_SG","2_SG",2,1,0,=,,,1013,
1013,"28026","2_SG","1_SG",3,0,0,=,,,1014,
1014,"28026","2_SG","2_SG",3,1,0,=,,,1015,
1015,"28026","1_SG","1_SG",3,0,0,=,,,1016,
1016,"28026","1_SG","2_SG",3,1,0,=,,,1017,
1017,"28026","7_SG","26_SG",3,1,1,=,,,,
1018,"28102","4_SG","1_SG",2,0,0,=,,,1019,
1019,"28102","4_SG","2_SG",2,1,0,=,,,1020,
1020,"28102","3_SG","1_SG",2,0,0,=,,,1021,
1021,"28102","3_SG","2_SG",2,1,0,=,,,1022,
1022,"28102","2_SG","1_SG",3,0,0,=,,,1023,
1023,"28102","2_SG","2_SG",3,1,0,=,,,1024,
1024,"28102","1_SG","1_SG",3,0,0,=,,,1025,
1025,"28102","1_SG","2_SG",3,1,0,=,,,1026,
1026,"28102","7_SG","26_SG",3,1,1,=,,,,
1027,"28202","4_SG","1_SG",2,0,0,=,,,1028,
1028,"28202","4_SG","2_SG",2,1,0,=,,,1029,
1029,"28202","3_SG","1_SG",2,0,0,=,,,1030,
1030,"28202","3_SG","2_SG",2,1,0,=,,,1031,
1031,"28202","2_SG","1_SG",3,0,0,=,,,1032,
1032,"28202","2_SG","2_SG",3,1,0,=,,,1033,
1033,"28202","1_SG","1_SG",3,0,0,=,,,1034,
1034,"28202","1_SG","2_SG",3,1,0,=,,,1035,
1035,"28202","7_SG","26_SG",3,1,1,=,,,,
1036,"283_SG","4_SG","1_SG",2,0,0,=,,,1037,
1037,"283_SG","4_SG","2_SG",2,1,0,=,,,1038,
1038,"283_SG","3_SG","1_SG",2,0,0,=,,,1039,
1039,"283_SG","3_SG","2_SG",2,1,0,=,,,1040,
1040,"283_SG","2_SG","1_SG",3,0,0,=,,,1041,
1041,"283_SG","2_SG","2_SG",3,1,0,=,,,1042,
1042,"283_SG","1_SG","1_SG",3,0,0,=,,,1043,
1043,"283_SG","1_SG","2_SG",3,1,0,=,,,1044,
1044,"283_SG","7_SG","26_SG",3,1,1,=,,,,
1045,"28350","4_SG","1_SG",2,0,0,=,,,1046,
1046,"28350","4_SG","2_SG",2,1,0,=,,,1047,
1047,"28350","3_SG","1_SG",2,0,0,=,,,1048,
1048,"28350","3_SG","2_SG",2,1,0,=,,,1049,
1049,"28350","2_SG","1_SG",3,0,0,=,,,1050,
1050,"28350","2_SG","2_SG",3,1,0,=,,,1051,
1051,"28350","1_SG","1_SG",3,0,0,=,,,1052,
1052,"28350","1_SG","2_SG",3,1,0,=,,,1053,
1053,"28350","7_SG","26_SG",3,1,1,=,,,,
1054,"290_SG","4_SG","1_SG",2,0,0,=,,,1055,
1055,"290_SG","4_SG","2_SG",2,1,0,=,,,1056,
1056,"290_SG","3_SG","1_SG",2,0,0,=,,,1057,
1057,"290_SG","3_SG","2_SG",2,1,0,=,,,1058,
1058,"290_SG","2_SG","1_SG",3,0,0,=,,,1059,
1059,"290_SG","2_SG","2_SG",3,1,0,=,,,1060,
1060,"290_SG","1_SG","1_SG",3,0,0,=,,,1061,
1061,"290_SG","1_SG","2_SG",3,1,0,=,,,1062,
1062,"290_SG","7_SG","26_SG",3,1,1,=,,,,
1063,"29026","4_SG","1_SG",2,0,0,=,,,1064,
1064,"29026","4_SG","2_SG",2,1,0,=,,,1065,
1065,"29026","3_SG","1_SG",2,0,0,=,,,1066,
1066,"29026","3_SG","2_SG",2,1,0,=,,,1067,
1067,"29026","2_SG","1_SG",3,0,0,=,,,1068,
1068,"29026","2_SG","2_SG",3,1,0,=,,,1069,
1069,"29026","1_SG","1_SG",3,0,0,=,,,1070,
1070,"29026","1_SG","2_SG",3,1,0,=,,,1071,
1071,"29026","7_SG","26_SG",3,1,1,=,,,,
1072,"29028","4_SG","1_SG",2,0,0,=,,,1073,
1073,"29028","4_SG","2_SG",2,1,0,=,,,1074,
1074,"29028","3_SG","1_SG",2,0,0,=,,,1075,
1075,"29028","3_SG","2_SG",2,1,0,=,,,1076,
1076,"29028","2_SG","1_SG",3,0,0,=,,,1077,
1077,"29028","2_SG","2_SG",3,1,0,=,,,1078,
1078,"29028","1_SG","1_SG",3,0,0,=,,,1079,
1079,"29028","1_SG","2_SG",3,1,0,=,,,1080,
1080,"29028","7_SG","26_SG",3,1,1,=,,,,
1081,"29100","4_SG","1_SG",2,0,0,=,,,1082,
1082,"29100","4_SG","2_SG",2,1,0,=,,,1083,
1083,"29100","3_SG","1_SG",2,0,0,=,,,1084,
1084,"29100","3_SG","2_SG",2,1,0,=,,,1085,
1085,"29100","2_SG","1_SG",3,0,0,=,,,1086,
1086,"29100","2_SG","2_SG",3,1,0,=,,,1087,
1087,"29100","1_SG","1_SG",3,0,0,=,,,1088,
1088,"29100","1_SG","2_SG",3,1,0,=,,,1089,
1089,"29100","7_SG","26_SG",3,1,1,=,,,,
1090,"29200","4_SG","1_SG",2,0,0,=,,,1091,
1091,"29200","4_SG","2_SG",2,1,0,=,,,1092,
1092,"29200","3_SG","1_SG",2,0,0,=,,,1093,
1093,"29200","3_SG","2_SG",2,1,0,=,,,1094,
1094,"29200","2_SG","1_SG",3,0,0,=,,,1095,
1095,"29200","2_SG","2_SG",3,1,0,=,,,1096,
1096,"29200","1_SG","1_SG",3,0,0,=,,,1097,
1097,"29200","1_SG","2_SG",3,1,0,=,,,1098,
1098,"29200","7_SG","26_SG",3,1,1,=,,,,
1099,"29202","4_SG","1_SG",2,0,0,=,,,1100,
1100,"29202","4_SG","2_SG",2,1,0,=,,,1101,
1101,"29202","3_SG","1_SG",2,0,0,=,,,1102,
1102,"29202","3_SG","2_SG",2,1,0,=,,,1103,
1103,"29202","2_SG","1_SG",3,0,0,=,,,1104,
1104,"29202","2_SG","2_SG",3,1,0,=,,,1105,
1105,"29202","1_SG","1_SG",3,0,0,=,,,1106,
1106,"29202","1_SG","2_SG",3,1,0,=,,,1107,
1107,"29202","7_SG","26_SG",3,1,1,=,,,,
1108,"29302","4_SG","1_SG",2,0,0,=,,,1109,
1109,"29302","4_SG","2_SG",2,1,0,=,,,1110,
1110,"29302","3_SG","1_SG",2,0,0,=,,,1111,
1111,"29302","3_SG","2_SG",2,1,0,=,,,1112,
1112,"29302","2_SG","1_SG",3,0,0,=,,,1113,
1113,"29302","2_SG","2_SG",3,1,0,=,,,1114,
1114,"29302","1_SG","1_SG",3,0,0,=,,,1115,
1115,"29302","1_SG","2_SG",3,1,0,=,,,1116,
1116,"29302","7_SG","26_SG",3,1,1,=,,,,
1117,"29352","4_SG","1_SG",2,0,0,=,,,1118,
1118,"29352","4_SG","2_SG",2,1,0,=,,,1119,
1119,"29352","3_SG","1_SG",2,0,0,=,,,1120,
1120,"29352","3_SG","2_SG",2,1,0,=,,,1121,
1121,"29352","2_SG","1_SG",3,0,0,=,,,1122,
1122,"29352","2_SG","2_SG",3,1,0,=,,,1123,
1123,"29352","1_SG","1_SG",3,0,0,=,,,1124,
1124,"29352","1_SG","2_SG",3,1,0,=,,,1125,
1125,"29352","7_SG","26_SG",3,1,1,=,,,,
1126,"29354","4_SG","1_SG",2,0,0,=,,,1127,
1127,"29354","4_SG","2_SG",2,1,0,=,,,1128,
1128,"29354","3_SG","1_SG",2,0,0,=,,,1129,
1129,"29354","3_SG","2_SG",2,1,0,=,,,1130,
1130,"29354","2_SG","1_SG",3,0,0,=,,,1131,
1131,"29354","2_SG","2_SG",3,1,0,=,,,1132,
1132,"29354","1_SG","1_SG",3,0,0,=,,,1133,
1133,"29354","1_SG","2_SG",3,1,0,=,,,1134,
1134,"29354","7_SG","26_SG",3,1,1,=,,,,
1135,"29356","4_SG","1_SG",2,0,0,=,,,1136,
1136,"29356","4_SG","2_SG",2,1,0,=,,,1137,
1137,"29356","3_SG","1_SG",2,0,0,=,,,1138,
1138,"29356","3_SG","2_SG",2,1,0,=,,,1139,
1139,"29356","2_SG","1_SG",3,0,0,=,,,1140,
1140,"29356","2_SG","2_SG",3,1,0,=,,,1141,
1141,"29356","1_SG","1_SG",3,0,0,=,,,1142,
1142,"29356","1_SG","2_SG",3,1,0,=,,,1143,
1143,"29356","7_SG","26_SG",3,1,1,=,,,,
1144,"300_SG","4_SG","1_SG",2,0,0,=,,,1145,
1145,"300_SG","4_SG","2_SG",2,1,0,=,,,1146,
1146,"300_SG","3_SG","1_SG",2,0,0,=,,,1147,
1147,"300_SG","3_SG","2_SG",2,1,0,=,,,1148,
1148,"300_SG","2_SG","1_SG",3,0,0,=,,,1149,
1149,"300_SG","2_SG","2_SG",3,1,0,=,,,1150,
1150,"300_SG","1_SG","1_SG",3,0,0,=,,,1151,
1151,"300_SG","1_SG","2_SG",3,1,0,=,,,1152,
1152,"300_SG","7_SG","26_SG",3,1,1,=,,,,
1153,"30026","4_SG","1_SG",2,0,0,=,,,1154,
1154,"30026","4_SG","2_SG",2,1,0,=,,,1155,
1155,"30026","3_SG","1_SG",2,0,0,=,,,1156,
1156,"30026","3_SG","2_SG",2,1,0,=,,,1157,
1157,"30026","2_SG","1_SG",3,0,0,=,,,1158,
1158,"30026","2_SG","2_SG",3,1,0,=,,,1159,
1159,"30026","1_SG","1_SG",3,0,0,=,,,1160,
1160,"30026","1_SG","2_SG",3,1,0,=,,,1161,
1161,"30026","7_SG","26_SG",3,1,1,=,,,,
1162,"30028","4_SG","1_SG",2,0,0,=,,,1163,
1163,"30028","4_SG","2_SG",2,1,0,=,,,1164,
1164,"30028","3_SG","1_SG",2,0,0,=,,,1165,
1165,"30028","3_SG","2_SG",2,1,0,=,,,1166,
1166,"30028","2_SG","1_SG",3,0,0,=,,,1167,
1167,"30028","2_SG","2_SG",3,1,0,=,,,1168,
1168,"30028","1_SG","1_SG",3,0,0,=,,,1169,
1169,"30028","1_SG","2_SG",3,1,0,=,,,1170,
1170,"30028","7_SG","26_SG",3,1,1,=,,,,
1171,"301_SG","4_SG","1_SG",2,0,0,=,,,1172,
1172,"301_SG","4_SG","2_SG",2,1,0,=,,,1173,
1173,"301_SG","3_SG","1_SG",2,0,0,=,,,1174,
1174,"301_SG","3_SG","2_SG",2,1,0,=,,,1175,
1175,"301_SG","2_SG","1_SG",3,0,0,=,,,1176,
1176,"301_SG","2_SG","2_SG",3,1,0,=,,,1177,
1177,"301_SG","1_SG","1_SG",3,0,0,=,,,1178,
1178,"301_SG","1_SG","2_SG",3,1,0,=,,,1179,
1179,"301_SG","7_SG","26_SG",3,1,1,=,,,,
1180,"30102","4_SG","1_SG",2,0,0,=,,,1181,
1181,"30102","4_SG","2_SG",2,1,0,=,,,1182,
1182,"30102","3_SG","1_SG",2,0,0,=,,,1183,
1183,"30102","3_SG","2_SG",2,1,0,=,,,1184,
1184,"30102","2_SG","1_SG",3,0,0,=,,,1185,
1185,"30102","2_SG","2_SG",3,1,0,=,,,1186,
1186,"30102","1_SG","1_SG",3,0,0,=,,,1187,
1187,"30102","1_SG","2_SG",3,1,0,=,,,1188,
1188,"30102","7_SG","26_SG",3,1,1,=,,,,
1189,"302_SG","4_SG","1_SG",2,0,0,=,,,1190,
1190,"302_SG","4_SG","2_SG",2,1,0,=,,,1191,
1191,"302_SG","3_SG","1_SG",2,0,0,=,,,1192,
1192,"302_SG","3_SG","2_SG",2,1,0,=,,,1193,
1193,"302_SG","2_SG","1_SG",3,0,0,=,,,1194,
1194,"302_SG","2_SG","2_SG",3,1,0,=,,,1195,
1195,"302_SG","1_SG","1_SG",3,0,0,=,,,1196,
1196,"302_SG","1_SG","2_SG",3,1,0,=,,,1197,
1197,"302_SG","7_SG","26_SG",3,1,1,=,,,,
1198,"304_SG","4_SG","1_SG",2,0,0,=,,,1199,
1199,"304_SG","4_SG","2_SG",2,1,0,=,,,1200,
1200,"304_SG","3_SG","1_SG",2,0,0,=,,,1201,
1201,"304_SG","3_SG","2_SG",2,1,0,=,,,1202,
1202,"304_SG","2_SG","1_SG",3,0,0,=,,,1203,
1203,"304_SG","2_SG","2_SG",3,1,0,=,,,1204,
1204,"304_SG","1_SG","1_SG",3,0,0,=,,,1205,
1205,"304_SG","1_SG","2_SG",3,1,0,=,,,1206,
1206,"304_SG","7_SG","26_SG",3,1,1,=,,,,
1207,"31004","4_SG","1_SG",2,0,0,=,,,1208,
1208,"31004","4_SG","2_SG",2,1,0,=,,,1209,
1209,"31004","3_SG","1_SG",2,0,0,=,,,1210,
1210,"31004","3_SG","2_SG",2,1,0,=,,,1211,
1211,"31004","2_SG","1_SG",3,0,0,=,,,1212,
1212,"31004","2_SG","2_SG",3,1,0,=,,,1213,
1213,"31004","1_SG","1_SG",3,0,0,=,,,1214,
1214,"31004","1_SG","2_SG",3,1,0,=,,,1215,
1215,"31004","7_SG","26_SG",3,1,1,=,,,,
1216,"31006","4_SG","1_SG",2,0,0,=,,,1217,
1217,"31006","4_SG","2_SG",2,1,0,=,,,1218,
1218,"31006","3_SG","1_SG",2,0,0,=,,,1219,
1219,"31006","3_SG","2_SG",2,1,0,=,,,1220,
1220,"31006","2_SG","1_SG",3,0,0,=,,,1221,
1221,"31006","2_SG","2_SG",3,1,0,=,,,1222,
1222,"31006","1_SG","1_SG",3,0,0,=,,,1223,
1223,"31006","1_SG","2_SG",3,1,0,=,,,1224,
1224,"31006","7_SG","26_SG",3,1,1,=,,,,
1225,"31030","4_SG","1_SG",2,0,0,=,,,1226,
1226,"31030","4_SG","2_SG",2,1,0,=,,,1227,
1227,"31030","3_SG","1_SG",2,0,0,=,,,1228,
1228,"31030","3_SG","2_SG",2,1,0,=,,,1229,
1229,"31030","2_SG","1_SG",3,0,0,=,,,1230,
1230,"31030","2_SG","2_SG",3,1,0,=,,,1231,
1231,"31030","1_SG","1_SG",3,0,0,=,,,1232,
1232,"31030","1_SG","2_SG",3,1,0,=,,,1233,
1233,"31030","7_SG","26_SG",3,1,1,=,,,,
1234,"31032","4_SG","1_SG",2,0,0,=,,,1235,
1235,"31032","4_SG","2_SG",2,1,0,=,,,1236,
1236,"31032","3_SG","1_SG",2,0,0,=,,,1237,
1237,"31032","3_SG","2_SG",2,1,0,=,,,1238,
1238,"31032","2_SG","1_SG",3,0,0,=,,,1239,
1239,"31032","2_SG","2_SG",3,1,0,=,,,1240,
1240,"31032","1_SG","1_SG",3,0,0,=,,,1241,
1241,"31032","1_SG","2_SG",3,1,0,=,,,1242,
1242,"31032","7_SG","26_SG",3,1,1,=,,,,
1243,"31034","4_SG","1_SG",2,0,0,=,,,1244,
1244,"31034","4_SG","2_SG",2,1,0,=,,,1245,
1245,"31034","3_SG","1_SG",2,0,0,=,,,1246,
1246,"31034","3_SG","2_SG",2,1,0,=,,,1247,
1247,"31034","2_SG","1_SG",3,0,0,=,,,1248,
1248,"31034","2_SG","2_SG",3,1,0,=,,,1249,
1249,"31034","1_SG","1_SG",3,0,0,=,,,1250,
1250,"31034","1_SG","2_SG",3,1,0,=,,,1251,
1251,"31034","7_SG","26_SG",3,1,1,=,,,,
1252,"31102","4_SG","1_SG",2,0,0,=,,,1253,
1253,"31102","4_SG","2_SG",2,1,0,=,,,1254,
1254,"31102","3_SG","1_SG",2,0,0,=,,,1255,
1255,"31102","3_SG","2_SG",2,1,0,=,,,1256,
1256,"31102","2_SG","1_SG",3,0,0,=,,,1257,
1257,"31102","2_SG","2_SG",3,1,0,=,,,1258,
1258,"31102","1_SG","1_SG",3,0,0,=,,,1259,
1259,"31102","1_SG","2_SG",3,1,0,=,,,1260,
1260,"31102","7_SG","26_SG",3,1,1,=,,,,
1261,"31104","4_SG","1_SG",2,0,0,=,,,1262,
1262,"31104","4_SG","2_SG",2,1,0,=,,,1263,
1263,"31104","3_SG","1_SG",2,0,0,=,,,1264,
1264,"31104","3_SG","2_SG",2,1,0,=,,,1265,
1265,"31104","2_SG","1_SG",3,0,0,=,,,1266,
1266,"31104","2_SG","2_SG",3,1,0,=,,,1267,
1267,"31104","1_SG","1_SG",3,0,0,=,,,1268,
1268,"31104","1_SG","2_SG",3,1,0,=,,,1269,
1269,"31104","7_SG","26_SG",3,1,1,=,,,,
1270,"31106","4_SG","1_SG",2,0,0,=,,,1271,
1271,"31106","4_SG","2_SG",2,1,0,=,,,1272,
1272,"31106","3_SG","1_SG",2,0,0,=,,,1273,
1273,"31106","3_SG","2_SG",2,1,0,=,,,1274,
1274,"31106","2_SG","1_SG",3,0,0,=,,,1275,
1275,"31106","2_SG","2_SG",3,1,0,=,,,1276,
1276,"31106","1_SG","1_SG",3,0,0,=,,,1277,
1277,"31106","1_SG","2_SG",3,1,0,=,,,1278,
1278,"31106","7_SG","26_SG",3,1,1,=,,,,
1279,"312_SG","4_SG","1_SG",2,0,0,=,,,1280,
1280,"312_SG","4_SG","2_SG",2,1,0,=,,,1281,
1281,"312_SG","3_SG","1_SG",2,0,0,=,,,1282,
1282,"312_SG","3_SG","2_SG",2,1,0,=,,,1283,
1283,"312_SG","2_SG","1_SG",3,0,0,=,,,1284,
1284,"312_SG","2_SG","2_SG",3,1,0,=,,,1285,
1285,"312_SG","1_SG","1_SG",3,0,0,=,,,1286,
1286,"312_SG","1_SG","2_SG",3,1,0,=,,,1287,
1287,"312_SG","7_SG","26_SG",3,1,1,=,,,,
1288,"31204","4_SG","1_SG",2,0,0,=,,,1289,
1289,"31204","4_SG","2_SG",2,1,0,=,,,1290,
1290,"31204","3_SG","1_SG",2,0,0,=,,,1291,
1291,"31204","3_SG","2_SG",2,1,0,=,,,1292,
1292,"31204","2_SG","1_SG",3,0,0,=,,,1293,
1293,"31204","2_SG","2_SG",3,1,0,=,,,1294,
1294,"31204","1_SG","1_SG",3,0,0,=,,,1295,
1295,"31204","1_SG","2_SG",3,1,0,=,,,1296,
1296,"31204","7_SG","26_SG",3,1,1,=,,,,
1297,"31300","4_SG","1_SG",2,0,0,=,,,1298,
1298,"31300","4_SG","2_SG",2,1,0,=,,,1299,
1299,"31300","3_SG","1_SG",2,0,0,=,,,1300,
1300,"31300","3_SG","2_SG",2,1,0,=,,,1301,
1301,"31300","2_SG","1_SG",3,0,0,=,,,1302,
1302,"31300","2_SG","2_SG",3,1,0,=,,,1303,
1303,"31300","1_SG","1_SG",3,0,0,=,,,1304,
1304,"31300","1_SG","2_SG",3,1,0,=,,,1305,
1305,"31300","7_SG","26_SG",3,1,1,=,,,,
1306,"31303","4_SG","1_SG",2,0,0,=,,,1307,
1307,"31303","4_SG","2_SG",2,1,0,=,,,1308,
1308,"31303","3_SG","1_SG",2,0,0,=,,,1309,
1309,"31303","3_SG","2_SG",2,1,0,=,,,1310,
1310,"31303","2_SG","1_SG",3,0,0,=,,,1311,
1311,"31303","2_SG","2_SG",3,1,0,=,,,1312,
1312,"31303","1_SG","1_SG",3,0,0,=,,,1313,
1313,"31303","1_SG","2_SG",3,1,0,=,,,1314,
1314,"31303","7_SG","26_SG",3,1,1,=,,,,
1315,"31350","4_SG","1_SG",2,0,0,=,,,1316,
1316,"31350","4_SG","2_SG",2,1,0,=,,,1317,
1317,"31350","3_SG","1_SG",2,0,0,=,,,1318,
1318,"31350","3_SG","2_SG",2,1,0,=,,,1319,
1319,"31350","2_SG","1_SG",3,0,0,=,,,1320,
1320,"31350","2_SG","2_SG",3,1,0,=,,,1321,
1321,"31350","1_SG","1_SG",3,0,0,=,,,1322,
1322,"31350","1_SG","2_SG",3,1,0,=,,,1323,
1323,"31350","7_SG","26_SG",3,1,1,=,,,,
1324,"31562","4_SG","1_SG",2,0,0,=,,,1325,
1325,"31562","4_SG","2_SG",2,1,0,=,,,1326,
1326,"31562","3_SG","1_SG",2,0,0,=,,,1327,
1327,"31562","3_SG","2_SG",2,1,0,=,,,1328,
1328,"31562","2_SG","1_SG",3,0,0,=,,,1329,
1329,"31562","2_SG","2_SG",3,1,0,=,,,1330,
1330,"31562","1_SG","1_SG",3,0,0,=,,,1331,
1331,"31562","1_SG","2_SG",3,1,0,=,,,1332,
1332,"31562","7_SG","26_SG",3,1,1,=,,,,
1333,"318_SG","4_SG","1_SG",2,0,0,=,,,1334,
1334,"318_SG","4_SG","2_SG",2,1,0,=,,,1335,
1335,"318_SG","3_SG","1_SG",2,0,0,=,,,1336,
1336,"318_SG","3_SG","2_SG",2,1,0,=,,,1337,
1337,"318_SG","2_SG","1_SG",3,0,0,=,,,1338,
1338,"318_SG","2_SG","2_SG",3,1,0,=,,,1339,
1339,"318_SG","1_SG","1_SG",3,0,0,=,,,1340,
1340,"318_SG","1_SG","2_SG",3,1,0,=,,,1341,
1341,"318_SG","7_SG","26_SG",3,1,1,=,,,,
1342,"319_SG","4_SG","1_SG",2,0,0,=,,,1343,
1343,"319_SG","4_SG","2_SG",2,1,0,=,,,1344,
1344,"319_SG","3_SG","1_SG",2,0,0,=,,,1345,
1345,"319_SG","3_SG","2_SG",2,1,0,=,,,1346,
1346,"319_SG","2_SG","1_SG",3,0,0,=,,,1347,
1347,"319_SG","2_SG","2_SG",3,1,0,=,,,1348,
1348,"319_SG","1_SG","1_SG",3,0,0,=,,,1349,
1349,"319_SG","1_SG","2_SG",3,1,0,=,,,1350,
1350,"319_SG","7_SG","26_SG",3,1,1,=,,,,
1351,"330_SG","4_SG","1_SG",2,0,0,=,,,1352,
1352,"330_SG","4_SG","2_SG",2,1,0,=,,,1353,
1353,"330_SG","3_SG","1_SG",2,0,0,=,,,1354,
1354,"330_SG","3_SG","2_SG",2,1,0,=,,,1355,
1355,"330_SG","2_SG","1_SG",3,0,0,=,,,1356,
1356,"330_SG","2_SG","2_SG",3,1,0,=,,,1357,
1357,"330_SG","1_SG","1_SG",3,0,0,=,,,1358,
1358,"330_SG","1_SG","2_SG",3,1,0,=,,,1359,
1359,"330_SG","7_SG","26_SG",3,1,1,=,,,,
1360,"33026","4_SG","1_SG",2,0,0,=,,,1361,
1361,"33026","4_SG","2_SG",2,1,0,=,,,1362,
1362,"33026","3_SG","1_SG",2,0,0,=,,,1363,
1363,"33026","3_SG","2_SG",2,1,0,=,,,1364,
1364,"33026","2_SG","1_SG",3,0,0,=,,,1365,
1365,"33026","2_SG","2_SG",3,1,0,=,,,1366,
1366,"33026","1_SG","1_SG",3,0,0,=,,,1367,
1367,"33026","1_SG","2_SG",3,1,0,=,,,1368,
1368,"33026","7_SG","26_SG",3,1,1,=,,,,
1369,"33028","4_SG","1_SG",2,0,0,=,,,1370,
1370,"33028","4_SG","2_SG",2,1,0,=,,,1371,
1371,"33028","3_SG","1_SG",2,0,0,=,,,1372,
1372,"33028","3_SG","2_SG",2,1,0,=,,,1373,
1373,"33028","2_SG","1_SG",3,0,0,=,,,1374,
1374,"33028","2_SG","2_SG",3,1,0,=,,,1375,
1375,"33028","1_SG","1_SG",3,0,0,=,,,1376,
1376,"33028","1_SG","2_SG",3,1,0,=,,,1377,
1377,"33028","7_SG","26_SG",3,1,1,=,,,,
1378,"33104","4_SG","1_SG",2,0,0,=,,,1379,
1379,"33104","4_SG","2_SG",2,1,0,=,,,1380,
1380,"33104","3_SG","1_SG",2,0,0,=,,,1381,
1381,"33104","3_SG","2_SG",2,1,0,=,,,1382,
1382,"33104","2_SG","1_SG",3,0,0,=,,,1383,
1383,"33104","2_SG","2_SG",3,1,0,=,,,1384,
1384,"33104","1_SG","1_SG",3,0,0,=,,,1385,
1385,"33104","1_SG","2_SG",3,1,0,=,,,1386,
1386,"33104","7_SG","26_SG",3,1,1,=,,,,
1387,"33204","4_SG","1_SG",2,0,0,=,,,1388,
1388,"33204","4_SG","2_SG",2,1,0,=,,,1389,
1389,"33204","3_SG","1_SG",2,0,0,=,,,1390,
1390,"33204","3_SG","2_SG",2,1,0,=,,,1391,
1391,"33204","2_SG","1_SG",3,0,0,=,,,1392,
1392,"33204","2_SG","2_SG",3,1,0,=,,,1393,
1393,"33204","1_SG","1_SG",3,0,0,=,,,1394,
1394,"33204","1_SG","2_SG",3,1,0,=,,,1395,
1395,"33204","7_SG","26_SG",3,1,1,=,,,,
1396,"33302","4_SG","1_SG",2,0,0,=,,,1397,
1397,"33302","4_SG","2_SG",2,1,0,=,,,1398,
1398,"33302","3_SG","1_SG",2,0,0,=,,,1399,
1399,"33302","3_SG","2_SG",2,1,0,=,,,1400,
1400,"33302","2_SG","1_SG",3,0,0,=,,,1401,
1401,"33302","2_SG","2_SG",3,1,0,=,,,1402,
1402,"33302","1_SG","1_SG",3,0,0,=,,,1403,
1403,"33302","1_SG","2_SG",3,1,0,=,,,1404,
1404,"33302","7_SG","26_SG",3,1,1,=,,,,
1405,"34026","4_SG","1_SG",2,0,0,=,,,1406,
1406,"34026","4_SG","2_SG",2,1,0,=,,,1407,
1407,"34026","3_SG","1_SG",2,0,0,=,,,1408,
1408,"34026","3_SG","2_SG",2,1,0,=,,,1409,
1409,"34026","2_SG","1_SG",3,0,0,=,,,1410,
1410,"34026","2_SG","2_SG",3,1,0,=,,,1411,
1411,"34026","1_SG","1_SG",3,0,0,=,,,1412,
1412,"34026","1_SG","2_SG",3,1,0,=,,,1413,
1413,"34026","7_SG","26_SG",3,1,1,=,,,,
1414,"34027","4_SG","1_SG",2,0,0,=,,,1415,
1415,"34027","4_SG","2_SG",2,1,0,=,,,1416,
1416,"34027","3_SG","1_SG",2,0,0,=,,,1417,
1417,"34027","3_SG","2_SG",2,1,0,=,,,1418,
1418,"34027","2_SG","1_SG",3,0,0,=,,,1419,
1419,"34027","2_SG","2_SG",3,1,0,=,,,1420,
1420,"34027","1_SG","1_SG",3,0,0,=,,,1421,
1421,"34027","1_SG","2_SG",3,1,0,=,,,1422,
1422,"34027","7_SG","26_SG",3,1,1,=,,,,
1423,"34100","4_SG","1_SG",2,0,0,=,,,1424,
1424,"34100","4_SG","2_SG",2,1,0,=,,,1425,
1425,"34100","3_SG","1_SG",2,0,0,=,,,1426,
1426,"34100","3_SG","2_SG",2,1,0,=,,,1427,
1427,"34100","2_SG","1_SG",3,0,0,=,,,1428,
1428,"34100","2_SG","2_SG",3,1,0,=,,,1429,
1429,"34100","1_SG","1_SG",3,0,0,=,,,1430,
1430,"34100","1_SG","2_SG",3,1,0,=,,,1431,
1431,"34100","7_SG","26_SG",3,1,1,=,,,,
1432,"34302","4_SG","1_SG",2,0,0,=,,,1433,
1433,"34302","4_SG","2_SG",2,1,0,=,,,1434,
1434,"34302","3_SG","1_SG",2,0,0,=,,,1435,
1435,"34302","3_SG","2_SG",2,1,0,=,,,1436,
1436,"34302","2_SG","1_SG",3,0,0,=,,,1437,
1437,"34302","2_SG","2_SG",3,1,0,=,,,1438,
1438,"34302","1_SG","1_SG",3,0,0,=,,,1439,
1439,"34302","1_SG","2_SG",3,1,0,=,,,1440,
1440,"34302","7_SG","26_SG",3,1,1,=,,,,
1441,"34350","4_SG","1_SG",2,0,0,=,,,1442,
1442,"34350","4_SG","2_SG",2,1,0,=,,,1443,
1443,"34350","3_SG","1_SG",2,0,0,=,,,1444,
1444,"34350","3_SG","2_SG",2,1,0,=,,,1445,
1445,"34350","2_SG","1_SG",3,0,0,=,,,1446,
1446,"34350","2_SG","2_SG",3,1,0,=,,,1447,
1447,"34350","1_SG","1_SG",3,0,0,=,,,1448,
1448,"34350","1_SG","2_SG",3,1,0,=,,,1449,
1449,"34350","7_SG","26_SG",3,1,1,=,,,,
1450,"347_SG","4_SG","1_SG",2,0,0,=,,,1451,
1451,"347_SG","4_SG","2_SG",2,1,0,=,,,1452,
1452,"347_SG","3_SG","1_SG",2,0,0,=,,,1453,
1453,"347_SG","3_SG","2_SG",2,1,0,=,,,1454,
1454,"347_SG","2_SG","1_SG",3,0,0,=,,,1455,
1455,"347_SG","2_SG","2_SG",3,1,0,=,,,1456,
1456,"347_SG","1_SG","1_SG",3,0,0,=,,,1457,
1457,"347_SG","1_SG","2_SG",3,1,0,=,,,1458,
1458,"347_SG","7_SG","26_SG",3,1,1,=,,,,
1459,"37026","4_SG","1_SG",2,0,0,=,,,1460,
1460,"37026","4_SG","2_SG",2,1,0,=,,,1461,
1461,"37026","3_SG","1_SG",2,0,0,=,,,1462,
1462,"37026","3_SG","2_SG",2,1,0,=,,,1463,
1463,"37026","2_SG","1_SG",3,0,0,=,,,1464,
1464,"37026","2_SG","2_SG",3,1,0,=,,,1465,
1465,"37026","1_SG","1_SG",3,0,0,=,,,1466,
1466,"37026","1_SG","2_SG",3,1,0,=,,,1467,
1467,"37026","7_SG","26_SG",3,1,1,=,,,,
1468,"37102","4_SG","1_SG",2,0,0,=,,,1469,
1469,"37102","4_SG","2_SG",2,1,0,=,,,1470,
1470,"37102","3_SG","1_SG",2,0,0,=,,,1471,
1471,"37102","3_SG","2_SG",2,1,0,=,,,1472,
1472,"37102","2_SG","1_SG",3,0,0,=,,,1473,
1473,"37102","2_SG","2_SG",3,1,0,=,,,1474,
1474,"37102","1_SG","1_SG",3,0,0,=,,,1475,
1475,"37102","1_SG","2_SG",3,1,0,=,,,1476,
1476,"37102","7_SG","26_SG",3,1,1,=,,,,
1477,"37202","4_SG","1_SG",2,0,0,=,,,1478,
1478,"37202","4_SG","2_SG",2,1,0,=,,,1479,
1479,"37202","3_SG","1_SG",2,0,0,=,,,1480,
1480,"37202","3_SG","2_SG",2,1,0,=,,,1481,
1481,"37202","2_SG","1_SG",3,0,0,=,,,1482,
1482,"37202","2_SG","2_SG",3,1,0,=,,,1483,
1483,"37202","1_SG","1_SG",3,0,0,=,,,1484,
1484,"37202","1_SG","2_SG",3,1,0,=,,,1485,
1485,"37202","7_SG","26_SG",3,1,1,=,,,,
1486,"37302","4_SG","1_SG",2,0,0,=,,,1487,
1487,"37302","4_SG","2_SG",2,1,0,=,,,1488,
1488,"37302","3_SG","1_SG",2,0,0,=,,,1489,
1489,"37302","3_SG","2_SG",2,1,0,=,,,1490,
1490,"37302","2_SG","1_SG",3,0,0,=,,,1491,
1491,"37302","2_SG","2_SG",3,1,0,=,,,1492,
1492,"37302","1_SG","1_SG",3,0,0,=,,,1493,
1493,"37302","1_SG","2_SG",3,1,0,=,,,1494,
1494,"37302","7_SG","26_SG",3,1,1,=,,,,
1495,"37350","4_SG","1_SG",2,0,0,=,,,1496,
1496,"37350","4_SG","2_SG",2,1,0,=,,,1497,
1497,"37350","3_SG","1_SG",2,0,0,=,,,1498,
1498,"37350","3_SG","2_SG",2,1,0,=,,,1499,
1499,"37350","2_SG","1_SG",3,0,0,=,,,1500,
1500,"37350","2_SG","2_SG",3,1,0,=,,,1501,
1501,"37350","1_SG","1_SG",3,0,0,=,,,1502,
1502,"37350","1_SG","2_SG",3,1,0,=,,,1503,
1503,"37350","7_SG","26_SG",3,1,1,=,,,,
1504,"39026","4_SG","1_SG",2,0,0,=,,,1505,
1505,"39026","4_SG","2_SG",2,1,0,=,,,1506,
1506,"39026","3_SG","1_SG",2,0,0,=,,,1507,
1507,"39026","3_SG","2_SG",2,1,0,=,,,1508,
1508,"39026","2_SG","1_SG",3,0,0,=,,,1509,
1509,"39026","2_SG","2_SG",3,1,0,=,,,1510,
1510,"39026","1_SG","1_SG",3,0,0,=,,,1511,
1511,"39026","1_SG","2_SG",3,1,0,=,,,1512,
1512,"39026","7_SG","26_SG",3,1,1,=,,,,
1513,"39202","4_SG","1_SG",2,0,0,=,,,1514,
1514,"39202","4_SG","2_SG",2,1,0,=,,,1515,
1515,"39202","3_SG","1_SG",2,0,0,=,,,1516,
1516,"39202","3_SG","2_SG",2,1,0,=,,,1517,
1517,"39202","2_SG","1_SG",3,0,0,=,,,1518,
1518,"39202","2_SG","2_SG",3,1,0,=,,,1519,
1519,"39202","1_SG","1_SG",3,0,0,=,,,1520,
1520,"39202","1_SG","2_SG",3,1,0,=,,,1521,
1521,"39202","7_SG","26_SG",3,1,1,=,,,,
1522,"39302","4_SG","1_SG",2,0,0,=,,,1523,
1523,"39302","4_SG","2_SG",2,1,0,=,,,1524,
1524,"39302","3_SG","1_SG",2,0,0,=,,,1525,
1525,"39302","3_SG","2_SG",2,1,0,=,,,1526,
1526,"39302","2_SG","1_SG",3,0,0,=,,,1527,
1527,"39302","2_SG","2_SG",3,1,0,=,,,1528,
1528,"39302","1_SG","1_SG",3,0,0,=,,,1529,
1529,"39302","1_SG","2_SG",3,1,0,=,,,1530,
1530,"39302","7_SG","26_SG",3,1,1,=,,,,
1531,"40026","4_SG","1_SG",2,0,0,=,,,1532,
1532,"40026","4_SG","2_SG",2,1,0,=,,,1533,
1533,"40026","3_SG","1_SG",2,0,0,=,,,1534,
1534,"40026","3_SG","2_SG",2,1,0,=,,,1535,
1535,"40026","2_SG","1_SG",3,0,0,=,,,1536,
1536,"40026","2_SG","2_SG",3,1,0,=,,,1537,
1537,"40026","1_SG","1_SG",3,0,0,=,,,1538,
1538,"40026","1_SG","2_SG",3,1,0,=,,,1539,
1539,"40026","7_SG","26_SG",3,1,1,=,,,,
1540,"40102","4_SG","1_SG",2,0,0,=,,,1541,
1541,"40102","4_SG","2_SG",2,1,0,=,,,1542,
1542,"40102","3_SG","1_SG",2,0,0,=,,,1543,
1543,"40102","3_SG","2_SG",2,1,0,=,,,1544,
1544,"40102","2_SG","1_SG",3,0,0,=,,,1545,
1545,"40102","2_SG","2_SG",3,1,0,=,,,1546,
1546,"40102","1_SG","1_SG",3,0,0,=,,,1547,
1547,"40102","1_SG","2_SG",3,1,0,=,,,1548,
1548,"40102","7_SG","26_SG",3,1,1,=,,,,
1549,"40202","4_SG","1_SG",2,0,0,=,,,1550,
1550,"40202","4_SG","2_SG",2,1,0,=,,,1551,
1551,"40202","3_SG","1_SG",2,0,0,=,,,1552,
1552,"40202","3_SG","2_SG",2,1,0,=,,,1553,
1553,"40202","2_SG","1_SG",3,0,0,=,,,1554,
1554,"40202","2_SG","2_SG",3,1,0,=,,,1555,
1555,"40202","1_SG","1_SG",3,0,0,=,,,1556,
1556,"40202","1_SG","2_SG",3,1,0,=,,,1557,
1557,"40202","7_SG","26_SG",3,1,1,=,,,,
1558,"40300","4_SG","1_SG",2,0,0,=,,,1559,
1559,"40300","4_SG","2_SG",2,1,0,=,,,1560,
1560,"40300","3_SG","1_SG",2,0,0,=,,,1561,
1561,"40300","3_SG","2_SG",2,1,0,=,,,1562,
1562,"40300","2_SG","1_SG",3,0,0,=,,,1563,
1563,"40300","2_SG","2_SG",3,1,0,=,,,1564,
1564,"40300","1_SG","1_SG",3,0,0,=,,,1565,
1565,"40300","1_SG","2_SG",3,1,0,=,,,1566,
1566,"40300","7_SG","26_SG",3,1,1,=,,,,
1567,"40352","4_SG","1_SG",2,0,0,=,,,1568,
1568,"40352","4_SG","2_SG",2,1,0,=,,,1569,
1569,"40352","3_SG","1_SG",2,0,0,=,,,1570,
1570,"40352","3_SG","2_SG",2,1,0,=,,,1571,
1571,"40352","2_SG","1_SG",3,0,0,=,,,1572,
1572,"40352","2_SG","2_SG",3,1,0,=,,,1573,
1573,"40352","1_SG","1_SG",3,0,0,=,,,1574,
1574,"40352","1_SG","2_SG",3,1,0,=,,,1575,
1575,"40352","7_SG","26_SG",3,1,1,=,,,,
1576,"41001","4_SG","1_SG",2,0,0,=,,,1577,
1577,"41001","4_SG","2_SG",2,1,0,=,,,1578,
1578,"41001","3_SG","1_SG",2,0,0,=,,,1579,
1579,"41001","3_SG","2_SG",2,1,0,=,,,1580,
1580,"41001","2_SG","1_SG",3,0,0,=,,,1581,
1581,"41001","2_SG","2_SG",3,1,0,=,,,1582,
1582,"41001","1_SG","1_SG",3,0,0,=,,,1583,
1583,"41001","1_SG","2_SG",3,1,0,=,,,1584,
1584,"41001","7_SG","26_SG",3,1,1,=,,,,
1585,"41002","4_SG","1_SG",2,0,0,=,,,1586,
1586,"41002","4_SG","2_SG",2,1,0,=,,,1587,
1587,"41002","3_SG","1_SG",2,0,0,=,,,1588,
1588,"41002","3_SG","2_SG",2,1,0,=,,,1589,
1589,"41002","2_SG","1_SG",3,0,0,=,,,1590,
1590,"41002","2_SG","2_SG",3,1,0,=,,,1591,
1591,"41002","1_SG","1_SG",3,0,0,=,,,1592,
1592,"41002","1_SG","2_SG",3,1,0,=,,,1593,
1593,"41002","7_SG","26_SG",3,1,1,=,,,,
1594,"41025","4_SG","1_SG",2,0,0,=,,,1595,
1595,"41025","4_SG","2_SG",2,1,0,=,,,1596,
1596,"41025","3_SG","1_SG",2,0,0,=,,,1597,
1597,"41025","3_SG","2_SG",2,1,0,=,,,1598,
1598,"41025","2_SG","1_SG",3,0,0,=,,,1599,
1599,"41025","2_SG","2_SG",3,1,0,=,,,1600,
1600,"41025","1_SG","1_SG",3,0,0,=,,,1601,
1601,"41025","1_SG","2_SG",3,1,0,=,,,1602,
1602,"41025","7_SG","26_SG",3,1,1,=,,,,
1603,"41026","4_SG","1_SG",2,0,0,=,,,1604,
1604,"41026","4_SG","2_SG",2,1,0,=,,,1605,
1605,"41026","3_SG","1_SG",2,0,0,=,,,1606,
1606,"41026","3_SG","2_SG",2,1,0,=,,,1607,
1607,"41026","2_SG","1_SG",3,0,0,=,,,1608,
1608,"41026","2_SG","2_SG",3,1,0,=,,,1609,
1609,"41026","1_SG","1_SG",3,0,0,=,,,1610,
1610,"41026","1_SG","2_SG",3,1,0,=,,,1611,
1611,"41026","7_SG","26_SG",3,1,1,=,,,,
1612,"41027","4_SG","1_SG",2,0,0,=,,,1613,
1613,"41027","4_SG","2_SG",2,1,0,=,,,1614,
1614,"41027","3_SG","1_SG",2,0,0,=,,,1615,
1615,"41027","3_SG","2_SG",2,1,0,=,,,1616,
1616,"41027","2_SG","1_SG",3,0,0,=,,,1617,
1617,"41027","2_SG","2_SG",3,1,0,=,,,1618,
1618,"41027","1_SG","1_SG",3,0,0,=,,,1619,
1619,"41027","1_SG","2_SG",3,1,0,=,,,1620,
1620,"41027","7_SG","26_SG",3,1,1,=,,,,
1621,"41028","4_SG","1_SG",2,0,0,=,,,1622,
1622,"41028","4_SG","2_SG",2,1,0,=,,,1623,
1623,"41028","3_SG","1_SG",2,0,0,=,,,1624,
1624,"41028","3_SG","2_SG",2,1,0,=,,,1625,
1625,"41028","2_SG","1_SG",3,0,0,=,,,1626,
1626,"41028","2_SG","2_SG",3,1,0,=,,,1627,
1627,"41028","1_SG","1_SG",3,0,0,=,,,1628,
1628,"41028","1_SG","2_SG",3,1,0,=,,,1629,
1629,"41028","7_SG","26_SG",3,1,1,=,,,,
1630,"41029","4_SG","1_SG",2,0,0,=,,,1631,
1631,"41029","4_SG","2_SG",2,1,0,=,,,1632,
1632,"41029","3_SG","1_SG",2,0,0,=,,,1633,
1633,"41029","3_SG","2_SG",2,1,0,=,,,1634,
1634,"41029","2_SG","1_SG",3,0,0,=,,,1635,
1635,"41029","2_SG","2_SG",3,1,0,=,,,1636,
1636,"41029","1_SG","1_SG",3,0,0,=,,,1637,
1637,"41029","1_SG","2_SG",3,1,0,=,,,1638,
1638,"41029","7_SG","26_SG",3,1,1,=,,,,
1639,"41030","4_SG","1_SG",2,0,0,=,,,1640,
1640,"41030","4_SG","2_SG",2,1,0,=,,,1641,
1641,"41030","3_SG","1_SG",2,0,0,=,,,1642,
1642,"41030","3_SG","2_SG",2,1,0,=,,,1643,
1643,"41030","2_SG","1_SG",3,0,0,=,,,1644,
1644,"41030","2_SG","2_SG",3,1,0,=,,,1645,
1645,"41030","1_SG","1_SG",3,0,0,=,,,1646,
1646,"41030","1_SG","2_SG",3,1,0,=,,,1647,
1647,"41030","7_SG","26_SG",3,1,1,=,,,,
1648,"41031","4_SG","1_SG",2,0,0,=,,,1649,
1649,"41031","4_SG","2_SG",2,1,0,=,,,1650,
1650,"41031","3_SG","1_SG",2,0,0,=,,,1651,
1651,"41031","3_SG","2_SG",2,1,0,=,,,1652,
1652,"41031","2_SG","1_SG",3,0,0,=,,,1653,
1653,"41031","2_SG","2_SG",3,1,0,=,,,1654,
1654,"41031","1_SG","1_SG",3,0,0,=,,,1655,
1655,"41031","1_SG","2_SG",3,1,0,=,,,1656,
1656,"41031","7_SG","26_SG",3,1,1,=,,,,
1657,"41032","4_SG","1_SG",2,0,0,=,,,1658,
1658,"41032","4_SG","2_SG",2,1,0,=,,,1659,
1659,"41032","3_SG","1_SG",2,0,0,=,,,1660,
1660,"41032","3_SG","2_SG",2,1,0,=,,,1661,
1661,"41032","2_SG","1_SG",3,0,0,=,,,1662,
1662,"41032","2_SG","2_SG",3,1,0,=,,,1663,
1663,"41032","1_SG","1_SG",3,0,0,=,,,1664,
1664,"41032","1_SG","2_SG",3,1,0,=,,,1665,
1665,"41032","7_SG","26_SG",3,1,1,=,,,,
1666,"41033","4_SG","1_SG",2,0,0,=,,,1667,
1667,"41033","4_SG","2_SG",2,1,0,=,,,1668,
1668,"41033","3_SG","1_SG",2,0,0,=,,,1669,
1669,"41033","3_SG","2_SG",2,1,0,=,,,1670,
1670,"41033","2_SG","1_SG",3,0,0,=,,,1671,
1671,"41033","2_SG","2_SG",3,1,0,=,,,1672,
1672,"41033","1_SG","1_SG",3,0,0,=,,,1673,
1673,"41033","1_SG","2_SG",3,1,0,=,,,1674,
1674,"41033","7_SG","26_SG",3,1,1,=,,,,
1675,"41034","4_SG","1_SG",2,0,0,=,,,1676,
1676,"41034","4_SG","2_SG",2,1,0,=,,,1677,
1677,"41034","3_SG","1_SG",2,0,0,=,,,1678,
1678,"41034","3_SG","2_SG",2,1,0,=,,,1679,
1679,"41034","2_SG","1_SG",3,0,0,=,,,1680,
1680,"41034","2_SG","2_SG",3,1,0,=,,,1681,
1681,"41034","1_SG","1_SG",3,0,0,=,,,1682,
1682,"41034","1_SG","2_SG",3,1,0,=,,,1683,
1683,"41034","7_SG","26_SG",3,1,1,=,,,,
1684,"41035","4_SG","1_SG",2,0,0,=,,,1685,
1685,"41035","4_SG","2_SG",2,1,0,=,,,1686,
1686,"41035","3_SG","1_SG",2,0,0,=,,,1687,
1687,"41035","3_SG","2_SG",2,1,0,=,,,1688,
1688,"41035","2_SG","1_SG",3,0,0,=,,,1689,
1689,"41035","2_SG","2_SG",3,1,0,=,,,1690,
1690,"41035","1_SG","1_SG",3,0,0,=,,,1691,
1691,"41035","1_SG","2_SG",3,1,0,=,,,1692,
1692,"41035","7_SG","26_SG",3,1,1,=,,,,
1693,"41036","4_SG","1_SG",2,0,0,=,,,1694,
1694,"41036","4_SG","2_SG",2,1,0,=,,,1695,
1695,"41036","3_SG","1_SG",2,0,0,=,,,1696,
1696,"41036","3_SG","2_SG",2,1,0,=,,,1697,
1697,"41036","2_SG","1_SG",3,0,0,=,,,1698,
1698,"41036","2_SG","2_SG",3,1,0,=,,,1699,
1699,"41036","1_SG","1_SG",3,0,0,=,,,1700,
1700,"41036","1_SG","2_SG",3,1,0,=,,,1701,
1701,"41036","7_SG","26_SG",3,1,1,=,,,,
1702,"41200","4_SG","1_SG",2,0,0,=,,,1703,
1703,"41200","4_SG","2_SG",2,1,0,=,,,1704,
1704,"41200","3_SG","1_SG",2,0,0,=,,,1705,
1705,"41200","3_SG","2_SG",2,1,0,=,,,1706,
1706,"41200","2_SG","1_SG",3,0,0,=,,,1707,
1707,"41200","2_SG","2_SG",3,1,0,=,,,1708,
1708,"41200","1_SG","1_SG",3,0,0,=,,,1709,
1709,"41200","1_SG","2_SG",3,1,0,=,,,1710,
1710,"41200","7_SG","26_SG",3,1,1,=,,,,
1711,"41201","4_SG","1_SG",2,0,0,=,,,1712,
1712,"41201","4_SG","2_SG",2,1,0,=,,,1713,
1713,"41201","3_SG","1_SG",2,0,0,=,,,1714,
1714,"41201","3_SG","2_SG",2,1,0,=,,,1715,
1715,"41201","2_SG","1_SG",3,0,0,=,,,1716,
1716,"41201","2_SG","2_SG",3,1,0,=,,,1717,
1717,"41201","1_SG","1_SG",3,0,0,=,,,1718,
1718,"41201","1_SG","2_SG",3,1,0,=,,,1719,
1719,"41201","7_SG","26_SG",3,1,1,=,,,,
1720,"41202","4_SG","1_SG",2,0,0,=,,,1721,
1721,"41202","4_SG","2_SG",2,1,0,=,,,1722,
1722,"41202","3_SG","1_SG",2,0,0,=,,,1723,
1723,"41202","3_SG","2_SG",2,1,0,=,,,1724,
1724,"41202","2_SG","1_SG",3,0,0,=,,,1725,
1725,"41202","2_SG","2_SG",3,1,0,=,,,1726,
1726,"41202","1_SG","1_SG",3,0,0,=,,,1727,
1727,"41202","1_SG","2_SG",3,1,0,=,,,1728,
1728,"41202","7_SG","26_SG",3,1,1,=,,,,
1729,"41203","4_SG","1_SG",2,0,0,=,,,1730,
1730,"41203","4_SG","2_SG",2,1,0,=,,,1731,
1731,"41203","3_SG","1_SG",2,0,0,=,,,1732,
1732,"41203","3_SG","2_SG",2,1,0,=,,,1733,
1733,"41203","2_SG","1_SG",3,0,0,=,,,1734,
1734,"41203","2_SG","2_SG",3,1,0,=,,,1735,
1735,"41203","1_SG","1_SG",3,0,0,=,,,1736,
1736,"41203","1_SG","2_SG",3,1,0,=,,,1737,
1737,"41203","7_SG","26_SG",3,1,1,=,,,,
1738,"41207","4_SG","1_SG",2,0,0,=,,,1739,
1739,"41207","4_SG","2_SG",2,1,0,=,,,1740,
1740,"41207","3_SG","1_SG",2,0,0,=,,,1741,
1741,"41207","3_SG","2_SG",2,1,0,=,,,1742,
1742,"41207","2_SG","1_SG",3,0,0,=,,,1743,
1743,"41207","2_SG","2_SG",3,1,0,=,,,1744,
1744,"41207","1_SG","1_SG",3,0,0,=,,,1745,
1745,"41207","1_SG","2_SG",3,1,0,=,,,1746,
1746,"41207","7_SG","26_SG",3,1,1,=,,,,
1747,"41208","4_SG","1_SG",2,0,0,=,,,1748,
1748,"41208","4_SG","2_SG",2,1,0,=,,,1749,
1749,"41208","3_SG","1_SG",2,0,0,=,,,1750,
1750,"41208","3_SG","2_SG",2,1,0,=,,,1751,
1751,"41208","2_SG","1_SG",3,0,0,=,,,1752,
1752,"41208","2_SG","2_SG",3,1,0,=,,,1753,
1753,"41208","1_SG","1_SG",3,0,0,=,,,1754,
1754,"41208","1_SG","2_SG",3,1,0,=,,,1755,
1755,"41208","7_SG","26_SG",3,1,1,=,,,,
1756,"41300","4_SG","1_SG",2,0,0,=,,,1757,
1757,"41300","4_SG","2_SG",2,1,0,=,,,1758,
1758,"41300","3_SG","1_SG",2,0,0,=,,,1759,
1759,"41300","3_SG","2_SG",2,1,0,=,,,1760,
1760,"41300","2_SG","1_SG",3,0,0,=,,,1761,
1761,"41300","2_SG","2_SG",3,1,0,=,,,1762,
1762,"41300","1_SG","1_SG",3,0,0,=,,,1763,
1763,"41300","1_SG","2_SG",3,1,0,=,,,1764,
1764,"41300","7_SG","26_SG",3,1,1,=,,,,
1765,"41301","4_SG","1_SG",2,0,0,=,,,1766,
1766,"41301","4_SG","2_SG",2,1,0,=,,,1767,
1767,"41301","3_SG","1_SG",2,0,0,=,,,1768,
1768,"41301","3_SG","2_SG",2,1,0,=,,,1769,
1769,"41301","2_SG","1_SG",3,0,0,=,,,1770,
1770,"41301","2_SG","2_SG",3,1,0,=,,,1771,
1771,"41301","1_SG","1_SG",3,0,0,=,,,1772,
1772,"41301","1_SG","2_SG",3,1,0,=,,,1773,
1773,"41301","7_SG","26_SG",3,1,1,=,,,,
1774,"41350","4_SG","1_SG",2,0,0,=,,,1775,
1775,"41350","4_SG","2_SG",2,1,0,=,,,1776,
1776,"41350","3_SG","1_SG",2,0,0,=,,,1777,
1777,"41350","3_SG","2_SG",2,1,0,=,,,1778,
1778,"41350","2_SG","1_SG",3,0,0,=,,,1779,
1779,"41350","2_SG","2_SG",3,1,0,=,,,1780,
1780,"41350","1_SG","1_SG",3,0,0,=,,,1781,
1781,"41350","1_SG","2_SG",3,1,0,=,,,1782,
1782,"41350","7_SG","26_SG",3,1,1,=,,,,
1783,"41351","4_SG","1_SG",2,0,0,=,,,1784,
1784,"41351","4_SG","2_SG",2,1,0,=,,,1785,
1785,"41351","3_SG","1_SG",2,0,0,=,,,1786,
1786,"41351","3_SG","2_SG",2,1,0,=,,,1787,
1787,"41351","2_SG","1_SG",3,0,0,=,,,1788,
1788,"41351","2_SG","2_SG",3,1,0,=,,,1789,
1789,"41351","1_SG","1_SG",3,0,0,=,,,1790,
1790,"41351","1_SG","2_SG",3,1,0,=,,,1791,
1791,"41351","7_SG","26_SG",3,1,1,=,,,,
1792,"41352","4_SG","1_SG",2,0,0,=,,,1793,
1793,"41352","4_SG","2_SG",2,1,0,=,,,1794,
1794,"41352","3_SG","1_SG",2,0,0,=,,,1795,
1795,"41352","3_SG","2_SG",2,1,0,=,,,1796,
1796,"41352","2_SG","1_SG",3,0,0,=,,,1797,
1797,"41352","2_SG","2_SG",3,1,0,=,,,1798,
1798,"41352","1_SG","1_SG",3,0,0,=,,,1799,
1799,"41352","1_SG","2_SG",3,1,0,=,,,1800,
1800,"41352","7_SG","26_SG",3,1,1,=,,,,
1801,"41353","4_SG","1_SG",2,0,0,=,,,1802,
1802,"41353","4_SG","2_SG",2,1,0,=,,,1803,
1803,"41353","3_SG","1_SG",2,0,0,=,,,1804,
1804,"41353","3_SG","2_SG",2,1,0,=,,,1805,
1805,"41353","2_SG","1_SG",3,0,0,=,,,1806,
1806,"41353","2_SG","2_SG",3,1,0,=,,,1807,
1807,"41353","1_SG","1_SG",3,0,0,=,,,1808,
1808,"41353","1_SG","2_SG",3,1,0,=,,,1809,
1809,"41353","7_SG","26_SG",3,1,1,=,,,,
1810,"41354","4_SG","1_SG",2,0,0,=,,,1811,
1811,"41354","4_SG","2_SG",2,1,0,=,,,1812,
1812,"41354","3_SG","1_SG",2,0,0,=,,,1813,
1813,"41354","3_SG","2_SG",2,1,0,=,,,1814,
1814,"41354","2_SG","1_SG",3,0,0,=,,,1815,
1815,"41354","2_SG","2_SG",3,1,0,=,,,1816,
1816,"41354","1_SG","1_SG",3,0,0,=,,,1817,
1817,"41354","1_SG","2_SG",3,1,0,=,,,1818,
1818,"41354","7_SG","26_SG",3,1,1,=,,,,
1819,"41355","4_SG","1_SG",2,0,0,=,,,1820,
1820,"41355","4_SG","2_SG",2,1,0,=,,,1821,
1821,"41355","3_SG","1_SG",2,0,0,=,,,1822,
1822,"41355","3_SG","2_SG",2,1,0,=,,,1823,
1823,"41355","2_SG","1_SG",3,0,0,=,,,1824,
1824,"41355","2_SG","2_SG",3,1,0,=,,,1825,
1825,"41355","1_SG","1_SG",3,0,0,=,,,1826,
1826,"41355","1_SG","2_SG",3,1,0,=,,,1827,
1827,"41355","7_SG","26_SG",3,1,1,=,,,,
1828,"41356","4_SG","1_SG",2,0,0,=,,,1829,
1829,"41356","4_SG","2_SG",2,1,0,=,,,1830,
1830,"41356","3_SG","1_SG",2,0,0,=,,,1831,
1831,"41356","3_SG","2_SG",2,1,0,=,,,1832,
1832,"41356","2_SG","1_SG",3,0,0,=,,,1833,
1833,"41356","2_SG","2_SG",3,1,0,=,,,1834,
1834,"41356","1_SG","1_SG",3,0,0,=,,,1835,
1835,"41356","1_SG","2_SG",3,1,0,=,,,1836,
1836,"41356","7_SG","26_SG",3,1,1,=,,,,
1837,"42025","4_SG","1_SG",2,0,0,=,,,1838,
1838,"42025","4_SG","2_SG",2,1,0,=,,,1839,
1839,"42025","3_SG","1_SG",2,0,0,=,,,1840,
1840,"42025","3_SG","2_SG",2,1,0,=,,,1841,
1841,"42025","2_SG","1_SG",3,0,0,=,,,1842,
1842,"42025","2_SG","2_SG",3,1,0,=,,,1843,
1843,"42025","1_SG","1_SG",3,0,0,=,,,1844,
1844,"42025","1_SG","2_SG",3,1,0,=,,,1845,
1845,"42025","7_SG","26_SG",3,1,1,=,,,,
1846,"42026","4_SG","1_SG",2,0,0,=,,,1847,
1847,"42026","4_SG","2_SG",2,1,0,=,,,1848,
1848,"42026","3_SG","1_SG",2,0,0,=,,,1849,
1849,"42026","3_SG","2_SG",2,1,0,=,,,1850,
1850,"42026","2_SG","1_SG",3,0,0,=,,,1851,
1851,"42026","2_SG","2_SG",3,1,0,=,,,1852,
1852,"42026","1_SG","1_SG",3,0,0,=,,,1853,
1853,"42026","1_SG","2_SG",3,1,0,=,,,1854,
1854,"42026","7_SG","26_SG",3,1,1,=,,,,
1855,"42027","4_SG","1_SG",2,0,0,=,,,1856,
1856,"42027","4_SG","2_SG",2,1,0,=,,,1857,
1857,"42027","3_SG","1_SG",2,0,0,=,,,1858,
1858,"42027","3_SG","2_SG",2,1,0,=,,,1859,
1859,"42027","2_SG","1_SG",3,0,0,=,,,1860,
1860,"42027","2_SG","2_SG",3,1,0,=,,,1861,
1861,"42027","1_SG","1_SG",3,0,0,=,,,1862,
1862,"42027","1_SG","2_SG",3,1,0,=,,,1863,
1863,"42027","7_SG","26_SG",3,1,1,=,,,,
1864,"42028","4_SG","1_SG",2,0,0,=,,,1865,
1865,"42028","4_SG","2_SG",2,1,0,=,,,1866,
1866,"42028","3_SG","1_SG",2,0,0,=,,,1867,
1867,"42028","3_SG","2_SG",2,1,0,=,,,1868,
1868,"42028","2_SG","1_SG",3,0,0,=,,,1869,
1869,"42028","2_SG","2_SG",3,1,0,=,,,1870,
1870,"42028","1_SG","1_SG",3,0,0,=,,,1871,
1871,"42028","1_SG","2_SG",3,1,0,=,,,1872,
1872,"42028","7_SG","26_SG",3,1,1,=,,,,
1873,"42351","4_SG","1_SG",2,0,0,=,,,1874,
1874,"42351","4_SG","2_SG",2,1,0,=,,,1875,
1875,"42351","3_SG","1_SG",2,0,0,=,,,1876,
1876,"42351","3_SG","2_SG",2,1,0,=,,,1877,
1877,"42351","2_SG","1_SG",3,0,0,=,,,1878,
1878,"42351","2_SG","2_SG",3,1,0,=,,,1879,
1879,"42351","1_SG","1_SG",3,0,0,=,,,1880,
1880,"42351","1_SG","2_SG",3,1,0,=,,,1881,
1881,"42351","7_SG","26_SG",3,1,1,=,,,,
1882,"42352","4_SG","1_SG",2,0,0,=,,,1883,
1883,"42352","4_SG","2_SG",2,1,0,=,,,1884,
1884,"42352","3_SG","1_SG",2,0,0,=,,,1885,
1885,"42352","3_SG","2_SG",2,1,0,=,,,1886,
1886,"42352","2_SG","1_SG",3,0,0,=,,,1887,
1887,"42352","2_SG","2_SG",3,1,0,=,,,1888,
1888,"42352","1_SG","1_SG",3,0,0,=,,,1889,
1889,"42352","1_SG","2_SG",3,1,0,=,,,1890,
1890,"42352","7_SG","26_SG",3,1,1,=,,,,
1891,"42353","4_SG","1_SG",2,0,0,=,,,1892,
1892,"42353","4_SG","2_SG",2,1,0,=,,,1893,
1893,"42353","3_SG","1_SG",2,0,0,=,,,1894,
1894,"42353","3_SG","2_SG",2,1,0,=,,,1895,
1895,"42353","2_SG","1_SG",3,0,0,=,,,1896,
1896,"42353","2_SG","2_SG",3,1,0,=,,,1897,
1897,"42353","1_SG","1_SG",3,0,0,=,,,1898,
1898,"42353","1_SG","2_SG",3,1,0,=,,,1899,
1899,"42353","7_SG","26_SG",3,1,1,=,,,,
1900,"42354","4_SG","1_SG",2,0,0,=,,,1901,
1901,"42354","4_SG","2_SG",2,1,0,=,,,1902,
1902,"42354","3_SG","1_SG",2,0,0,=,,,1903,
1903,"42354","3_SG","2_SG",2,1,0,=,,,1904,
1904,"42354","2_SG","1_SG",3,0,0,=,,,1905,
1905,"42354","2_SG","2_SG",3,1,0,=,,,1906,
1906,"42354","1_SG","1_SG",3,0,0,=,,,1907,
1907,"42354","1_SG","2_SG",3,1,0,=,,,1908,
1908,"42354","7_SG","26_SG",3,1,1,=,,,,
1909,"42355","4_SG","1_SG",2,0,0,=,,,1910,
1910,"42355","4_SG","2_SG",2,1,0,=,,,1911,
1911,"42355","3_SG","1_SG",2,0,0,=,,,1912,
1912,"42355","3_SG","2_SG",2,1,0,=,,,1913,
1913,"42355","2_SG","1_SG",3,0,0,=,,,1914,
1914,"42355","2_SG","2_SG",3,1,0,=,,,1915,
1915,"42355","1_SG","1_SG",3,0,0,=,,,1916,
1916,"42355","1_SG","2_SG",3,1,0,=,,,1917,
1917,"42355","7_SG","26_SG",3,1,1,=,,,,
1918,"42356","4_SG","1_SG",2,0,0,=,,,1919,
1919,"42356","4_SG","2_SG",2,1,0,=,,,1920,
1920,"42356","3_SG","1_SG",2,0,0,=,,,1921,
1921,"42356","3_SG","2_SG",2,1,0,=,,,1922,
1922,"42356","2_SG","1_SG",3,0,0,=,,,1923,
1923,"42356","2_SG","2_SG",3,1,0,=,,,1924,
1924,"42356","1_SG","1_SG",3,0,0,=,,,1925,
1925,"42356","1_SG","2_SG",3,1,0,=,,,1926,
1926,"42356","7_SG","26_SG",3,1,1,=,,,,
1927,"43102","4_SG","1_SG",2,0,0,=,,,1928,
1928,"43102","4_SG","2_SG",2,1,0,=,,,1929,
1929,"43102","3_SG","1_SG",2,0,0,=,,,1930,
1930,"43102","3_SG","2_SG",2,1,0,=,,,1931,
1931,"43102","2_SG","1_SG",3,0,0,=,,,1932,
1932,"43102","2_SG","2_SG",3,1,0,=,,,1933,
1933,"43102","1_SG","1_SG",3,0,0,=,,,1934,
1934,"43102","1_SG","2_SG",3,1,0,=,,,1935,
1935,"43102","7_SG","26_SG",3,1,1,=,,,,
1936,"43103","4_SG","1_SG",2,0,0,=,,,1937,
1937,"43103","4_SG","2_SG",2,1,0,=,,,1938,
1938,"43103","3_SG","1_SG",2,0,0,=,,,1939,
1939,"43103","3_SG","2_SG",2,1,0,=,,,1940,
1940,"43103","2_SG","1_SG",3,0,0,=,,,1941,
1941,"43103","2_SG","2_SG",3,1,0,=,,,1942,
1942,"43103","1_SG","1_SG",3,0,0,=,,,1943,
1943,"43103","1_SG","2_SG",3,1,0,=,,,1944,
1944,"43103","7_SG","26_SG",3,1,1,=,,,,
1945,"43104","4_SG","1_SG",2,0,0,=,,,1946,
1946,"43104","4_SG","2_SG",2,1,0,=,,,1947,
1947,"43104","3_SG","1_SG",2,0,0,=,,,1948,
1948,"43104","3_SG","2_SG",2,1,0,=,,,1949,
1949,"43104","2_SG","1_SG",3,0,0,=,,,1950,
1950,"43104","2_SG","2_SG",3,1,0,=,,,1951,
1951,"43104","1_SG","1_SG",3,0,0,=,,,1952,
1952,"43104","1_SG","2_SG",3,1,0,=,,,1953,
1953,"43104","7_SG","26_SG",3,1,1,=,,,,
1954,"43201","4_SG","1_SG",2,0,0,=,,,1955,
1955,"43201","4_SG","2_SG",2,1,0,=,,,1956,
1956,"43201","3_SG","1_SG",2,0,0,=,,,1957,
1957,"43201","3_SG","2_SG",2,1,0,=,,,1958,
1958,"43201","2_SG","1_SG",3,0,0,=,,,1959,
1959,"43201","2_SG","2_SG",3,1,0,=,,,1960,
1960,"43201","1_SG","1_SG",3,0,0,=,,,1961,
1961,"43201","1_SG","2_SG",3,1,0,=,,,1962,
1962,"43201","7_SG","26_SG",3,1,1,=,,,,
1963,"43202","4_SG","1_SG",2,0,0,=,,,1964,
1964,"43202","4_SG","2_SG",2,1,0,=,,,1965,
1965,"43202","3_SG","1_SG",2,0,0,=,,,1966,
1966,"43202","3_SG","2_SG",2,1,0,=,,,1967,
1967,"43202","2_SG","1_SG",3,0,0,=,,,1968,
1968,"43202","2_SG","2_SG",3,1,0,=,,,1969,
1969,"43202","1_SG","1_SG",3,0,0,=,,,1970,
1970,"43202","1_SG","2_SG",3,1,0,=,,,1971,
1971,"43202","7_SG","26_SG",3,1,1,=,,,,
1972,"44354","4_SG","1_SG",2,0,0,=,,,1973,
1973,"44354","4_SG","2_SG",2,1,0,=,,,1974,
1974,"44354","3_SG","1_SG",2,0,0,=,,,1975,
1975,"44354","3_SG","2_SG",2,1,0,=,,,1976,
1976,"44354","2_SG","1_SG",3,0,0,=,,,1977,
1977,"44354","2_SG","2_SG",3,1,0,=,,,1978,
1978,"44354","1_SG","1_SG",3,0,0,=,,,1979,
1979,"44354","1_SG","2_SG",3,1,0,=,,,1980,
1980,"44354","7_SG","26_SG",3,1,1,=,,,,
1981,"45101","4_SG","1_SG",2,0,0,=,,,1982,
1982,"45101","4_SG","2_SG",2,1,0,=,,,1983,
1983,"45101","3_SG","1_SG",2,0,0,=,,,1984,
1984,"45101","3_SG","2_SG",2,1,0,=,,,1985,
1985,"45101","2_SG","1_SG",3,0,0,=,,,1986,
1986,"45101","2_SG","2_SG",3,1,0,=,,,1987,
1987,"45101","1_SG","1_SG",3,0,0,=,,,1988,
1988,"45101","1_SG","2_SG",3,1,0,=,,,1989,
1989,"45101","7_SG","26_SG",3,1,1,=,,,,
1990,"45102","4_SG","1_SG",2,0,0,=,,,1991,
1991,"45102","4_SG","2_SG",2,1,0,=,,,1992,
1992,"45102","3_SG","1_SG",2,0,0,=,,,1993,
1993,"45102","3_SG","2_SG",2,1,0,=,,,1994,
1994,"45102","2_SG","1_SG",3,0,0,=,,,1995,
1995,"45102","2_SG","2_SG",3,1,0,=,,,1996,
1996,"45102","1_SG","1_SG",3,0,0,=,,,1997,
1997,"45102","1_SG","2_SG",3,1,0,=,,,1998,
1998,"45102","7_SG","26_SG",3,1,1,=,,,,
1999,"45103","4_SG","1_SG",2,0,0,=,,,2000,
2000,"45103","4_SG","2_SG",2,1,0,=,,,2001,
2001,"45103","3_SG","1_SG",2,0,0,=,,,2002,
2002,"45103","3_SG","2_SG",2,1,0,=,,,2003,
2003,"45103","2_SG","1_SG",3,0,0,=,,,2004,
2004,"45103","2_SG","2_SG",3,1,0,=,,,2005,
2005,"45103","1_SG","1_SG",3,0,0,=,,,2006,
2006,"45103","1_SG","2_SG",3,1,0,=,,,2007,
2007,"45103","7_SG","26_SG",3,1,1,=,,,,
2008,"45104","4_SG","1_SG",2,0,0,=,,,2009,
2009,"45104","4_SG","2_SG",2,1,0,=,,,2010,
2010,"45104","3_SG","1_SG",2,0,0,=,,,2011,
2011,"45104","3_SG","2_SG",2,1,0,=,,,2012,
2012,"45104","2_SG","1_SG",3,0,0,=,,,2013,
2013,"45104","2_SG","2_SG",3,1,0,=,,,2014,
2014,"45104","1_SG","1_SG",3,0,0,=,,,2015,
2015,"45104","1_SG","2_SG",3,1,0,=,,,2016,
2016,"45104","7_SG","26_SG",3,1,1,=,,,,
2017,"45300","4_SG","1_SG",2,0,0,=,,,2018,
2018,"45300","4_SG","2_SG",2,1,0,=,,,2019,
2019,"45300","3_SG","1_SG",2,0,0,=,,,2020,
2020,"45300","3_SG","2_SG",2,1,0,=,,,2021,
2021,"45300","2_SG","1_SG",3,0,0,=,,,2022,
2022,"45300","2_SG","2_SG",3,1,0,=,,,2023,
2023,"45300","1_SG","1_SG",3,0,0,=,,,2024,
2024,"45300","1_SG","2_SG",3,1,0,=,,,2025,
2025,"45300","7_SG","26_SG",3,1,1,=,,,,
2026,"45301","4_SG","1_SG",2,0,0,=,,,2027,
2027,"45301","4_SG","2_SG",2,1,0,=,,,2028,
2028,"45301","3_SG","1_SG",2,0,0,=,,,2029,
2029,"45301","3_SG","2_SG",2,1,0,=,,,2030,
2030,"45301","2_SG","1_SG",3,0,0,=,,,2031,
2031,"45301","2_SG","2_SG",3,1,0,=,,,2032,
2032,"45301","1_SG","1_SG",3,0,0,=,,,2033,
2033,"45301","1_SG","2_SG",3,1,0,=,,,2034,
2034,"45301","7_SG","26_SG",3,1,1,=,,,,
2035,"54100","4_SG","1_SG",2,0,0,=,,,2036,
2036,"54100","4_SG","2_SG",2,1,0,=,,,2037,
2037,"54100","3_SG","1_SG",2,0,0,=,,,2038,
2038,"54100","3_SG","2_SG",2,1,0,=,,,2039,
2039,"54100","2_SG","1_SG",3,0,0,=,,,2040,
2040,"54100","2_SG","2_SG",3,1,0,=,,,2041,
2041,"54100","1_SG","1_SG",3,0,0,=,,,2042,
2042,"54100","1_SG","2_SG",3,1,0,=,,,2043,
2043,"54100","7_SG","26_SG",3,1,1,=,,,,
2044,"54202","4_SG","1_SG",2,0,0,=,,,2045,
2045,"54202","4_SG","2_SG",2,1,0,=,,,2046,
2046,"54202","3_SG","1_SG",2,0,0,=,,,2047,
2047,"54202","3_SG","2_SG",2,1,0,=,,,2048,
2048,"54202","2_SG","1_SG",3,0,0,=,,,2049,
2049,"54202","2_SG","2_SG",3,1,0,=,,,2050,
2050,"54202","1_SG","1_SG",3,0,0,=,,,2051,
2051,"54202","1_SG","2_SG",3,1,0,=,,,2052,
2052,"54202","7_SG","26_SG",3,1,1,=,,,,
2053,"54300","4_SG","1_SG",2,0,0,=,,,2054,
2054,"54300","4_SG","2_SG",2,1,0,=,,,2055,
2055,"54300","3_SG","1_SG",2,0,0,=,,,2056,
2056,"54300","3_SG","2_SG",2,1,0,=,,,2057,
2057,"54300","2_SG","1_SG",3,0,0,=,,,2058,
2058,"54300","2_SG","2_SG",3,1,0,=,,,2059,
2059,"54300","1_SG","1_SG",3,0,0,=,,,2060,
2060,"54300","1_SG","2_SG",3,1,0,=,,,2061,
2061,"54300","7_SG","26_SG",3,1,1,=,,,,
2062,"54350","4_SG","1_SG",2,0,0,=,,,2063,
2063,"54350","4_SG","2_SG",2,1,0,=,,,2064,
2064,"54350","3_SG","1_SG",2,0,0,=,,,2065,
2065,"54350","3_SG","2_SG",2,1,0,=,,,2066,
2066,"54350","2_SG","1_SG",3,0,0,=,,,2067,
2067,"54350","2_SG","2_SG",3,1,0,=,,,2068,
2068,"54350","1_SG","1_SG",3,0,0,=,,,2069,
2069,"54350","1_SG","2_SG",3,1,0,=,,,2070,
2070,"54350","7_SG","26_SG",3,1,1,=,,,,
2071,"54352","4_SG","1_SG",2,0,0,=,,,2072,
2072,"54352","4_SG","2_SG",2,1,0,=,,,2073,
2073,"54352","3_SG","1_SG",2,0,0,=,,,2074,
2074,"54352","3_SG","2_SG",2,1,0,=,,,2075,
2075,"54352","2_SG","1_SG",3,0,0,=,,,2076,
2076,"54352","2_SG","2_SG",3,1,0,=,,,2077,
2077,"54352","1_SG","1_SG",3,0,0,=,,,2078,
2078,"54352","1_SG","2_SG",3,1,0,=,,,2079,
2079,"54352","7_SG","26_SG",3,1,1,=,,,,
2080,"58026","4_SG","1_SG",2,0,0,=,,,2081,
2081,"58026","4_SG","2_SG",2,1,0,=,,,2082,
2082,"58026","3_SG","1_SG",2,0,0,=,,,2083,
2083,"58026","3_SG","2_SG",2,1,0,=,,,2084,
2084,"58026","2_SG","1_SG",3,0,0,=,,,2085,
2085,"58026","2_SG","2_SG",3,1,0,=,,,2086,
2086,"58026","1_SG","1_SG",3,0,0,=,,,2087,
2087,"58026","1_SG","2_SG",3,1,0,=,,,2088,
2088,"58026","7_SG","26_SG",3,1,1,=,,,,
2089,"58302","4_SG","1_SG",2,0,0,=,,,2090,
2090,"58302","4_SG","2_SG",2,1,0,=,,,2091,
2091,"58302","3_SG","1_SG",2,0,0,=,,,2092,
2092,"58302","3_SG","2_SG",2,1,0,=,,,2093,
2093,"58302","2_SG","1_SG",3,0,0,=,,,2094,
2094,"58302","2_SG","2_SG",3,1,0,=,,,2095,
2095,"58302","1_SG","1_SG",3,0,0,=,,,2096,
2096,"58302","1_SG","2_SG",3,1,0,=,,,2097,
2097,"58302","7_SG","26_SG",3,1,1,=,,,,
2098,"58350","4_SG","1_SG",2,0,0,=,,,2099,
2099,"58350","4_SG","2_SG",2,1,0,=,,,2100,
2100,"58350","3_SG","1_SG",2,0,0,=,,,2101,
2101,"58350","3_SG","2_SG",2,1,0,=,,,2102,
2102,"58350","2_SG","1_SG",3,0,0,=,,,2103,
2103,"58350","2_SG","2_SG",3,1,0,=,,,2104,
2104,"58350","1_SG","1_SG",3,0,0,=,,,2105,
2105,"58350","1_SG","2_SG",3,1,0,=,,,2106,
2106,"58350","7_SG","26_SG",3,1,1,=,,,,
2107,"62200","4_SG","1_SG",2,0,0,=,,,2108,
2108,"62200","4_SG","2_SG",2,1,0,=,,,2109,
2109,"62200","3_SG","1_SG",2,0,0,=,,,2110,
2110,"62200","3_SG","2_SG",2,1,0,=,,,2111,
2111,"62200","2_SG","1_SG",3,0,0,=,,,2112,
2112,"62200","2_SG","2_SG",3,1,0,=,,,2113,
2113,"62200","1_SG","1_SG",3,0,0,=,,,2114,
2114,"62200","1_SG","2_SG",3,1,0,=,,,2115,
2115,"62200","7_SG","26_SG",3,1,1,=,,,,
2116,"66026","4_SG","1_SG",2,0,0,=,,,2117,
2117,"66026","4_SG","2_SG",2,1,0,=,,,2118,
2118,"66026","3_SG","1_SG",2,0,0,=,,,2119,
2119,"66026","3_SG","2_SG",2,1,0,=,,,2120,
2120,"66026","2_SG","1_SG",3,0,0,=,,,2121,
2121,"66026","2_SG","2_SG",3,1,0,=,,,2122,
2122,"66026","1_SG","1_SG",3,0,0,=,,,2123,
2123,"66026","1_SG","2_SG",3,1,0,=,,,2124,
2124,"66026","7_SG","26_SG",3,1,1,=,,,,
2125,"66102","4_SG","1_SG",2,0,0,=,,,2126,
2126,"66102","4_SG","2_SG",2,1,0,=,,,2127,
2127,"66102","3_SG","1_SG",2,0,0,=,,,2128,
2128,"66102","3_SG","2_SG",2,1,0,=,,,2129,
2129,"66102","2_SG","1_SG",3,0,0,=,,,2130,
2130,"66102","2_SG","2_SG",3,1,0,=,,,2131,
2131,"66102","1_SG","1_SG",3,0,0,=,,,2132,
2132,"66102","1_SG","2_SG",3,1,0,=,,,2133,
2133,"66102","7_SG","26_SG",3,1,1,=,,,,
2134,"66302","4_SG","1_SG",2,0,0,=,,,2135,
2135,"66302","4_SG","2_SG",2,1,0,=,,,2136,
2136,"66302","3_SG","1_SG",2,0,0,=,,,2137,
2137,"66302","3_SG","2_SG",2,1,0,=,,,2138,
2138,"66302","2_SG","1_SG",3,0,0,=,,,2139,
2139,"66302","2_SG","2_SG",3,1,0,=,,,2140,
2140,"66302","1_SG","1_SG",3,0,0,=,,,2141,
2141,"66302","1_SG","2_SG",3,1,0,=,,,2142,
2142,"66302","7_SG","26_SG",3,1,1,=,,,,
2143,"66304","4_SG","1_SG",2,0,0,=,,,2144,
2144,"66304","4_SG","2_SG",2,1,0,=,,,2145,
2145,"66304","3_SG","1_SG",2,0,0,=,,,2146,
2146,"66304","3_SG","2_SG",2,1,0,=,,,2147,
2147,"66304","2_SG","1_SG",3,0,0,=,,,2148,
2148,"66304","2_SG","2_SG",3,1,0,=,,,2149,
2149,"66304","1_SG","1_SG",3,0,0,=,,,2150,
2150,"66304","1_SG","2_SG",3,1,0,=,,,2151,
2151,"66304","7_SG","26_SG",3,1,1,=,,,,
2161,"71201","4_SG","1_SG",2,0,0,=,,,2162,
2162,"71201","4_SG","2_SG",2,1,0,=,,,2163,
2163,"71201","3_SG","1_SG",2,0,0,=,,,2164,
2164,"71201","3_SG","2_SG",2,1,0,=,,,2165,
2165,"71201","2_SG","1_SG",3,0,0,=,,,2166,
2166,"71201","2_SG","2_SG",3,1,0,=,,,2167,
2167,"71201","1_SG","1_SG",3,0,0,=,,,2168,
2168,"71201","1_SG","2_SG",3,1,0,=,,,2169,
2169,"71201","7_SG","26_SG",3,1,1,=,,,,
2170,"712011","4_SG","1_SG",2,0,0,=,,,2171,
2171,"712011","4_SG","2_SG",2,1,0,=,,,2172,
2172,"712011","3_SG","1_SG",2,0,0,=,,,2173,
2173,"712011","3_SG","2_SG",2,1,0,=,,,2174,
2174,"712011","2_SG","1_SG",3,0,0,=,,,2175,
2175,"712011","2_SG","2_SG",3,1,0,=,,,2176,
2176,"712011","1_SG","1_SG",3,0,0,=,,,2177,
2177,"712011","1_SG","2_SG",3,1,0,=,,,2178,
2178,"712011","7_SG","26_SG",3,1,1,=,,,,
2179,"77888","1C_SG","26_SG",2,1,0,=,,,2180,
2180,"77888","2C_SG","26_SG",2,1,0,=,,,2181,
2181,"77888","3C_SG","26_SG",2,1,0,=,,,2182,
2182,"77888","4C_SG","26_SG",2,1,0,=,,,2183,
2183,"77888","5C_SG","26_SG",2,1,0,=,,,2184,
2184,"77888","6C_SG","26_SG",2,1,0,=,,,2185,
2185,"77888","7C_SG","26_SG",2,1,0,=,,,2186,
2186,"77888","8C_SG","26_SG",2,1,0,=,,,2187,
2187,"77888","9C_SG","26_SG",2,1,0,=,,,12492,
2188,"77889","1C_SG","26_SG",2,1,0,=,,,2189,
2189,"77889","2C_SG","26_SG",2,1,0,=,,,2190,
2190,"77889","3C_SG","26_SG",2,1,0,=,,,2191,
2191,"77889","4C_SG","26_SG",2,1,0,=,,,2192,
2192,"77889","5C_SG","26_SG",2,1,0,=,,,2193,
2193,"77889","6C_SG","26_SG",2,1,0,=,,,2194,
2194,"77889","7C_SG","26_SG",2,1,0,=,,,2195,
2195,"77889","8C_SG","26_SG",2,1,0,=,,,2196,
2196,"77889","9C_SG","26_SG",2,1,0,=,,,12495,
2197,"77890","1C_SG","26_SG",2,0,0,=,,,2198,
2198,"77890","2C_SG","26_SG",2,0,0,=,,,2199,
2199,"77890","3C_SG","26_SG",2,0,0,=,,,2200,
2200,"77890","4C_SG","26_SG",2,0,0,=,,,2201,
2201,"77890","5C_SG","26_SG",2,0,0,=,,,2202,
2202,"77890","6C_SG","26_SG",2,0,0,=,,,2203,
2203,"77890","7C_SG","26_SG",2,0,0,=,,,2204,
2204,"77890","8C_SG","26_SG",2,0,0,=,,,2205,
2205,"77890","9C_SG","26_SG",2,0,0,=,,,12498,
2206,"81002","4_SG","1_SG",2,0,0,=,,,2207,
2207,"81002","4_SG","2_SG",2,1,0,=,,,2208,
2208,"81002","3_SG","1_SG",2,0,0,=,,,2209,
2209,"81002","3_SG","2_SG",2,1,0,=,,,2210,
2210,"81002","2_SG","1_SG",2,0,0,=,,,2211,
2211,"81002","2_SG","2_SG",2,1,0,=,,,2212,
2212,"81002","1_SG","1_SG",2,0,0,=,,,2213,
2213,"81002","1_SG","2_SG",3,1,0,=,,,2214,
2214,"81002","7_SG","1_SG",3,0,0,=,,,11682,
2215,"81300","4_SG","1_SG",2,0,0,=,,,2216,
2216,"81300","4_SG","2_SG",2,1,0,=,,,2217,
2217,"81300","3_SG","1_SG",2,0,0,=,,,2218,
2218,"81300","3_SG","2_SG",2,1,0,=,,,2219,
2219,"81300","2_SG","1_SG",2,0,0,=,,,2220,
2220,"81300","2_SG","2_SG",2,1,0,=,,,2221,
2221,"81300","1_SG","1_SG",2,0,0,=,,,2222,
2222,"81300","1_SG","2_SG",3,1,0,=,,,2223,
2223,"81300","7_SG","1_SG",3,0,0,=,,,11685,
2224,"81310","4_SG","1_SG",2,0,0,=,,,2225,
2225,"81310","4_SG","2_SG",2,1,0,=,,,2226,
2226,"81310","3_SG","1_SG",2,0,0,=,,,2227,
2227,"81310","3_SG","2_SG",2,1,0,=,,,2228,
2228,"81310","2_SG","1_SG",3,0,0,=,,,2229,
2229,"81310","2_SG","2_SG",3,1,0,=,,,2230,
2230,"81310","1_SG","1_SG",3,0,0,=,,,2231,
2231,"81310","1_SG","2_SG",3,1,0,=,,,2232,
2232,"81310","7_SG","26_SG",3,0,0,=,,,,
2233,"82000","4_SG","1_SG",2,0,0,=,,,2234,
2234,"82000","4_SG","2_SG",2,1,0,=,,,2235,
2235,"82000","3_SG","1_SG",2,0,0,=,,,2236,
2236,"82000","3_SG","2_SG",2,1,0,=,,,2237,
2237,"82000","2_SG","1_SG",3,0,0,=,,,2238,
2238,"82000","2_SG","2_SG",3,1,0,=,,,2239,
2239,"82000","1_SG","1_SG",3,0,0,=,,,2240,
2240,"82000","1_SG","2_SG",3,1,0,=,,,2241,
2241,"82000","7_SG","26_SG",3,1,1,=,,,,
2242,"82004","4_SG","1_SG",2,0,0,=,,,2243,
2243,"82004","4_SG","2_SG",2,1,0,=,,,2244,
2244,"82004","3_SG","1_SG",2,0,0,=,,,2245,
2245,"82004","3_SG","2_SG",2,1,0,=,,,2246,
2246,"82004","2_SG","1_SG",3,0,0,=,,,2247,
2247,"82004","2_SG","2_SG",3,1,0,=,,,2248,
2248,"82004","1_SG","1_SG",3,0,0,=,,,2249,
2249,"82004","1_SG","2_SG",3,1,0,=,,,2250,
2250,"82004","7_SG","26_SG",3,1,1,=,,,,
2251,"9000020","4_SG","1_SG",2,0,0,=,,,2252,
2252,"9000020","4_SG","2_SG",2,1,0,=,,,2253,
2253,"9000020","3_SG","1_SG",2,0,0,=,,,2254,
2254,"9000020","3_SG","2_SG",2,1,0,=,,,2255,
2255,"9000020","2_SG","1_SG",3,0,0,=,,,2256,
2256,"9000020","2_SG","2_SG",3,1,0,=,,,2257,
2257,"9000020","1_SG","1_SG",3,0,0,=,,,2258,
2258,"9000020","1_SG","2_SG",3,1,0,=,,,2259,
2259,"9000020","7_SG","26_SG",3,1,1,=,,,,
2260,"900017","4_SG","1_SG",2,0,0,=,,,2261,
2261,"900017","4_SG","2_SG",2,1,0,=,,,2262,
2262,"900017","3_SG","1_SG",2,0,0,=,,,2263,
2263,"900017","3_SG","2_SG",2,1,0,=,,,2264,
2264,"900017","2_SG","1_SG",3,0,0,=,,,2265,
2265,"900017","2_SG","2_SG",3,1,0,=,,,2266,
2266,"900017","1_SG","1_SG",3,0,0,=,,,2267,
2267,"900017","1_SG","2_SG",3,1,0,=,,,2268,
2268,"900017","7_SG","26_SG",3,1,1,=,,,,
2269,"900018","4_SG","1_SG",2,0,0,=,,,2270,
2270,"900018","4_SG","2_SG",2,1,0,=,,,2271,
2271,"900018","3_SG","1_SG",2,0,0,=,,,2272,
2272,"900018","3_SG","2_SG",2,1,0,=,,,2273,
2273,"900018","2_SG","1_SG",3,0,0,=,,,2274,
2274,"900018","2_SG","2_SG",3,1,0,=,,,2275,
2275,"900018","1_SG","1_SG",3,0,0,=,,,2276,
2276,"900018","1_SG","2_SG",3,1,0,=,,,2277,
2277,"900018","7_SG","26_SG",3,1,1,=,,,,
2278,"900019","4_SG","1_SG",2,0,0,=,,,2279,
2279,"900019","4_SG","2_SG",2,1,0,=,,,2280,
2280,"900019","3_SG","1_SG",2,0,0,=,,,2281,
2281,"900019","3_SG","2_SG",2,1,0,=,,,2282,
2282,"900019","2_SG","1_SG",3,0,0,=,,,2283,
2283,"900019","2_SG","2_SG",3,1,0,=,,,2284,
2284,"900019","1_SG","1_SG",3,0,0,=,,,2285,
2285,"900019","1_SG","2_SG",3,1,0,=,,,2286,
2286,"900019","7_SG","26_SG",3,1,1,=,,,,
2287,"900020","4_SG","1_SG",2,0,0,=,,,2288,
2288,"900020","4_SG","2_SG",2,1,0,=,,,2289,
2289,"900020","3_SG","1_SG",2,0,0,=,,,2290,
2290,"900020","3_SG","2_SG",2,1,0,=,,,2291,
2291,"900020","2_SG","1_SG",3,0,0,=,,,2292,
2292,"900020","2_SG","2_SG",3,1,0,=,,,2293,
2293,"900020","1_SG","1_SG",3,0,0,=,,,2294,
2294,"900020","1_SG","2_SG",3,1,0,=,,,2295,
2295,"900020","7_SG","26_SG",3,1,1,=,,,,
2296,"900021","4_SG","1_SG",2,0,0,=,,,2297,
2297,"900021","4_SG","2_SG",2,1,0,=,,,2298,
2298,"900021","3_SG","1_SG",2,0,0,=,,,2299,
2299,"900021","3_SG","2_SG",2,1,0,=,,,2300,
2300,"900021","2_SG","1_SG",3,0,0,=,,,2301,
2301,"900021","2_SG","2_SG",3,1,0,=,,,2302,
2302,"900021","1_SG","1_SG",3,0,0,=,,,2303,
2303,"900021","1_SG","2_SG",3,1,0,=,,,2304,
2304,"900021","7_SG","26_SG",3,1,1,=,,,,
2305,"900022","4_SG","1_SG",2,0,0,=,,,2306,
2306,"900022","4_SG","2_SG",2,1,0,=,,,2307,
2307,"900022","3_SG","1_SG",2,0,0,=,,,2308,
2308,"900022","3_SG","2_SG",2,1,0,=,,,2309,
2309,"900022","2_SG","1_SG",3,0,0,=,,,2310,
2310,"900022","2_SG","2_SG",3,1,0,=,,,2311,
2311,"900022","1_SG","1_SG",3,0,0,=,,,2312,
2312,"900022","1_SG","2_SG",3,1,0,=,,,2313,
2313,"900022","7_SG","26_SG",3,1,1,=,,,,
2314,"900023","4_SG","1_SG",2,0,0,=,,,2315,
2315,"900023","4_SG","2_SG",2,1,0,=,,,2316,
2316,"900023","3_SG","1_SG",2,0,0,=,,,2317,
2317,"900023","3_SG","2_SG",2,1,0,=,,,2318,
2318,"900023","2_SG","1_SG",3,0,0,=,,,2319,
2319,"900023","2_SG","2_SG",3,1,0,=,,,2320,
2320,"900023","1_SG","1_SG",3,0,0,=,,,2321,
2321,"900023","1_SG","2_SG",3,1,0,=,,,2322,
2322,"900023","7_SG","26_SG",3,1,1,=,,,,
2323,"900024","4_SG","1_SG",2,0,0,=,,,2324,
2324,"900024","4_SG","2_SG",2,1,0,=,,,2325,
2325,"900024","3_SG","1_SG",2,0,0,=,,,2326,
2326,"900024","3_SG","2_SG",2,1,0,=,,,2327,
2327,"900024","2_SG","1_SG",3,0,0,=,,,2328,
2328,"900024","2_SG","2_SG",3,1,0,=,,,2329,
2329,"900024","1_SG","1_SG",3,0,0,=,,,2330,
2330,"900024","1_SG","2_SG",3,1,0,=,,,2331,
2331,"900024","7_SG","26_SG",3,1,1,=,,,,
2332,"900025","4_SG","1_SG",2,0,0,=,,,2333,
2333,"900025","4_SG","2_SG",2,1,0,=,,,2334,
2334,"900025","3_SG","1_SG",2,0,0,=,,,2335,
2335,"900025","3_SG","2_SG",2,1,0,=,,,2336,
2336,"900025","2_SG","1_SG",3,0,0,=,,,2337,
2337,"900025","2_SG","2_SG",3,1,0,=,,,2338,
2338,"900025","1_SG","1_SG",3,0,0,=,,,2339,
2339,"900025","1_SG","2_SG",3,1,0,=,,,2340,
2340,"900025","7_SG","26_SG",3,1,1,=,,,,
2341,"900026","4_SG","1_SG",2,0,0,=,,,2342,
2342,"900026","4_SG","2_SG",2,1,0,=,,,2343,
2343,"900026","3_SG","1_SG",2,0,0,=,,,2344,
2344,"900026","3_SG","2_SG",2,1,0,=,,,2345,
2345,"900026","2_SG","1_SG",3,0,0,=,,,2346,
2346,"900026","2_SG","2_SG",3,1,0,=,,,2347,
2347,"900026","1_SG","1_SG",3,0,0,=,,,2348,
2348,"900026","1_SG","2_SG",3,1,0,=,,,2349,
2349,"900026","7_SG","26_SG",3,1,1,=,,,,
2350,"900027","4_SG","1_SG",2,0,0,=,,,2351,
2351,"900027","4_SG","2_SG",2,1,0,=,,,2352,
2352,"900027","3_SG","1_SG",2,0,0,=,,,2353,
2353,"900027","3_SG","2_SG",2,1,0,=,,,2354,
2354,"900027","2_SG","1_SG",3,0,0,=,,,2355,
2355,"900027","2_SG","2_SG",3,1,0,=,,,2356,
2356,"900027","1_SG","1_SG",3,0,0,=,,,2357,
2357,"900027","1_SG","2_SG",3,1,0,=,,,2358,
2358,"900027","7_SG","26_SG",3,1,1,=,,,,
2359,"900028","4_SG","1_SG",2,0,0,=,,,2360,
2360,"900028","4_SG","2_SG",2,1,0,=,,,2361,
2361,"900028","3_SG","1_SG",2,0,0,=,,,2362,
2362,"900028","3_SG","2_SG",2,1,0,=,,,2363,
2363,"900028","2_SG","1_SG",3,0,0,=,,,2364,
2364,"900028","2_SG","2_SG",3,1,0,=,,,2365,
2365,"900028","1_SG","1_SG",3,0,0,=,,,2366,
2366,"900028","1_SG","2_SG",3,1,0,=,,,2367,
2367,"900028","7_SG","26_SG",3,1,1,=,,,,
2368,"900029","4_SG","1_SG",2,0,0,=,,,2369,
2369,"900029","4_SG","2_SG",2,1,0,=,,,2370,
2370,"900029","3_SG","1_SG",2,0,0,=,,,2371,
2371,"900029","3_SG","2_SG",2,1,0,=,,,2372,
2372,"900029","2_SG","1_SG",3,0,0,=,,,2373,
2373,"900029","2_SG","2_SG",3,1,0,=,,,2374,
2374,"900029","1_SG","1_SG",3,0,0,=,,,2375,
2375,"900029","1_SG","2_SG",3,1,0,=,,,2376,
2376,"900029","7_SG","26_SG",3,1,1,=,,,,
2377,"900031","4_SG","1_SG",2,0,0,=,,,2378,
2378,"900031","4_SG","2_SG",2,1,0,=,,,2379,
2379,"900031","3_SG","1_SG",2,0,0,=,,,2380,
2380,"900031","3_SG","2_SG",2,1,0,=,,,2381,
2381,"900031","2_SG","1_SG",3,0,0,=,,,2382,
2382,"900031","2_SG","2_SG",3,1,0,=,,,2383,
2383,"900031","1_SG","1_SG",3,0,0,=,,,2384,
2384,"900031","1_SG","2_SG",3,1,0,=,,,2385,
2385,"900031","7_SG","26_SG",3,1,1,=,,,,
2386,"900032","4_SG","1_SG",2,0,0,=,,,2387,
2387,"900032","4_SG","2_SG",2,1,0,=,,,2388,
2388,"900032","3_SG","1_SG",2,0,0,=,,,2389,
2389,"900032","3_SG","2_SG",2,1,0,=,,,2390,
2390,"900032","2_SG","1_SG",3,0,0,=,,,2391,
2391,"900032","2_SG","2_SG",3,1,0,=,,,2392,
2392,"900032","1_SG","1_SG",3,0,0,=,,,2393,
2393,"900032","1_SG","2_SG",3,1,0,=,,,2394,
2394,"900032","7_SG","26_SG",3,1,1,=,,,,
2395,"900033","4_SG","1_SG",2,0,0,=,,,2396,
2396,"900033","4_SG","2_SG",2,1,0,=,,,2397,
2397,"900033","3_SG","1_SG",2,0,0,=,,,2398,
2398,"900033","3_SG","2_SG",2,1,0,=,,,2399,
2399,"900033","2_SG","1_SG",3,0,0,=,,,2400,
2400,"900033","2_SG","2_SG",3,1,0,=,,,2401,
2401,"900033","1_SG","1_SG",3,0,0,=,,,2402,
2402,"900033","1_SG","2_SG",3,1,0,=,,,2403,
2403,"900033","7_SG","26_SG",3,1,1,=,,,,
2404,"900034","4_SG","1_SG",2,0,0,=,,,2405,
2405,"900034","4_SG","2_SG",2,1,0,=,,,2406,
2406,"900034","3_SG","1_SG",2,0,0,=,,,2407,
2407,"900034","3_SG","2_SG",2,1,0,=,,,2408,
2408,"900034","2_SG","1_SG",3,0,0,=,,,2409,
2409,"900034","2_SG","2_SG",3,1,0,=,,,2410,
2410,"900034","1_SG","1_SG",3,0,0,=,,,2411,
2411,"900034","1_SG","2_SG",3,1,0,=,,,2412,
2412,"900034","7_SG","26_SG",3,1,1,=,,,,
2413,"900035","4_SG","1_SG",2,0,0,=,,,2414,
2414,"900035","4_SG","2_SG",2,1,0,=,,,2415,
2415,"900035","3_SG","1_SG",2,0,0,=,,,2416,
2416,"900035","3_SG","2_SG",2,1,0,=,,,2417,
2417,"900035","2_SG","1_SG",3,0,0,=,,,2418,
2418,"900035","2_SG","2_SG",3,1,0,=,,,2419,
2419,"900035","1_SG","1_SG",3,0,0,=,,,2420,
2420,"900035","1_SG","2_SG",3,1,0,=,,,2421,
2421,"900035","7_SG","26_SG",3,1,1,=,,,,
2422,"900040","4_SG","1_SG",2,0,0,=,,,2423,
2423,"900040","4_SG","2_SG",2,1,0,=,,,2424,
2424,"900040","3_SG","1_SG",2,0,0,=,,,2425,
2425,"900040","3_SG","2_SG",2,1,0,=,,,2426,
2426,"900040","2_SG","1_SG",3,0,0,=,,,2427,
2427,"900040","2_SG","2_SG",3,1,0,=,,,2428,
2428,"900040","1_SG","1_SG",3,0,0,=,,,2429,
2429,"900040","1_SG","2_SG",3,1,0,=,,,2430,
2430,"900040","7_SG","26_SG",3,1,1,=,,,,
2431,"900041","4_SG","1_SG",2,0,0,=,,,2432,
2432,"900041","4_SG","2_SG",2,1,0,=,,,2433,
2433,"900041","3_SG","1_SG",2,0,0,=,,,2434,
2434,"900041","3_SG","2_SG",2,1,0,=,,,2435,
2435,"900041","2_SG","1_SG",3,0,0,=,,,2436,
2436,"900041","2_SG","2_SG",3,1,0,=,,,2437,
2437,"900041","1_SG","1_SG",3,0,0,=,,,2438,
2438,"900041","1_SG","2_SG",3,1,0,=,,,2439,
2439,"900041","7_SG","26_SG",3,1,1,=,,,,
2440,"900042","4_SG","1_SG",2,0,0,=,,,2441,
2441,"900042","4_SG","2_SG",2,1,0,=,,,2442,
2442,"900042","3_SG","1_SG",2,0,0,=,,,2443,
2443,"900042","3_SG","2_SG",2,1,0,=,,,2444,
2444,"900042","2_SG","1_SG",3,0,0,=,,,2445,
2445,"900042","2_SG","2_SG",3,1,0,=,,,2446,
2446,"900042","1_SG","1_SG",3,0,0,=,,,2447,
2447,"900042","1_SG","2_SG",3,1,0,=,,,2448,
2448,"900042","7_SG","26_SG",3,1,1,=,,,,
2449,"900044","4_SG","1_SG",2,0,0,=,,,2450,
2450,"900044","4_SG","2_SG",2,1,0,=,,,2451,
2451,"900044","3_SG","1_SG",2,0,0,=,,,2452,
2452,"900044","3_SG","2_SG",2,1,0,=,,,2453,
2453,"900044","2_SG","1_SG",3,0,0,=,,,2454,
2454,"900044","2_SG","2_SG",3,1,0,=,,,2455,
2455,"900044","1_SG","1_SG",3,0,0,=,,,2456,
2456,"900044","1_SG","2_SG",3,1,0,=,,,2457,
2457,"900044","7_SG","26_SG",3,1,1,=,,,,
2467,"900047","4_SG","1_SG",2,0,0,=,,,2468,
2468,"900047","4_SG","2_SG",2,1,0,=,,,2469,
2469,"900047","3_SG","1_SG",2,0,0,=,,,2470,
2470,"900047","3_SG","2_SG",2,1,0,=,,,2471,
2471,"900047","2_SG","1_SG",3,0,0,=,,,2472,
2472,"900047","2_SG","2_SG",3,1,0,=,,,2473,
2473,"900047","1_SG","1_SG",3,0,0,=,,,2474,
2474,"900047","1_SG","2_SG",3,1,0,=,,,2475,
2475,"900047","7_SG","26_SG",3,1,1,=,,,,
2476,"900048","4_SG","1_SG",2,0,0,=,,,2477,
2477,"900048","4_SG","2_SG",2,1,0,=,,,2478,
2478,"900048","3_SG","1_SG",2,0,0,=,,,2479,
2479,"900048","3_SG","2_SG",2,1,0,=,,,2480,
2480,"900048","2_SG","1_SG",3,0,0,=,,,2481,
2481,"900048","2_SG","2_SG",3,1,0,=,,,2482,
2482,"900048","1_SG","1_SG",3,0,0,=,,,2483,
2483,"900048","1_SG","2_SG",3,1,0,=,,,2484,
2484,"900048","7_SG","26_SG",3,1,1,=,,,,
2485,"900049","4_SG","1_SG",2,0,0,=,,,2486,
2486,"900049","4_SG","2_SG",2,1,0,=,,,2487,
2487,"900049","3_SG","1_SG",2,0,0,=,,,2488,
2488,"900049","3_SG","2_SG",2,1,0,=,,,2489,
2489,"900049","2_SG","1_SG",3,0,0,=,,,2490,
2490,"900049","2_SG","2_SG",3,1,0,=,,,2491,
2491,"900049","1_SG","1_SG",3,0,0,=,,,2492,
2492,"900049","1_SG","2_SG",3,1,0,=,,,2493,
2493,"900049","7_SG","26_SG",3,1,1,=,,,,
2494,"900050","4_SG","1_SG",2,0,0,=,,,2495,
2495,"900050","4_SG","2_SG",2,1,0,=,,,2496,
2496,"900050","3_SG","1_SG",2,0,0,=,,,2497,
2497,"900050","3_SG","2_SG",2,1,0,=,,,2498,
2498,"900050","2_SG","1_SG",3,0,0,=,,,2499,
2499,"900050","2_SG","2_SG",3,1,0,=,,,2500,
2500,"900050","1_SG","1_SG",3,0,0,=,,,2501,
2501,"900050","1_SG","2_SG",3,1,0,=,,,2502,
2502,"900050","7_SG","26_SG",3,1,1,=,,,,
2503,"900053","4_SG","1_SG",2,0,0,=,,,2504,
2504,"900053","4_SG","2_SG",2,1,0,=,,,2505,
2505,"900053","3_SG","1_SG",2,0,0,=,,,2506,
2506,"900053","3_SG","2_SG",2,1,0,=,,,2507,
2507,"900053","2_SG","1_SG",3,0,0,=,,,2508,
2508,"900053","2_SG","2_SG",3,1,0,=,,,2509,
2509,"900053","1_SG","1_SG",3,0,0,=,,,2510,
2510,"900053","1_SG","2_SG",3,1,0,=,,,2511,
2511,"900053","7_SG","26_SG",3,1,1,=,,,,
2512,"900062","4_SG","1_SG",2,0,0,=,,,2513,
2513,"900062","4_SG","2_SG",2,1,0,=,,,2514,
2514,"900062","3_SG","1_SG",2,0,0,=,,,2515,
2515,"900062","3_SG","2_SG",2,1,0,=,,,2516,
2516,"900062","2_SG","1_SG",3,0,0,=,,,2517,
2517,"900062","2_SG","2_SG",3,1,0,=,,,2518,
2518,"900062","1_SG","1_SG",3,0,0,=,,,2519,
2519,"900062","1_SG","2_SG",3,1,0,=,,,2520,
2520,"900062","7_SG","26_SG",3,1,1,=,,,,
2521,"900064","4_SG","1_SG",2,0,0,=,,,2522,
2522,"900064","4_SG","2_SG",2,1,0,=,,,2523,
2523,"900064","3_SG","1_SG",2,0,0,=,,,2524,
2524,"900064","3_SG","2_SG",2,1,0,=,,,2525,
2525,"900064","2_SG","1_SG",3,0,0,=,,,2526,
2526,"900064","2_SG","2_SG",3,1,0,=,,,2527,
2527,"900064","1_SG","1_SG",3,0,0,=,,,2528,
2528,"900064","1_SG","2_SG",3,1,0,=,,,2529,
2529,"900064","7_SG","26_SG",3,1,1,=,,,,
2530,"900068","4_SG","1_SG",2,0,0,=,,,2531,
2531,"900068","4_SG","2_SG",2,1,0,=,,,2532,
2532,"900068","3_SG","1_SG",2,0,0,=,,,2533,
2533,"900068","3_SG","2_SG",2,1,0,=,,,2534,
2534,"900068","2_SG","1_SG",3,0,0,=,,,2535,
2535,"900068","2_SG","2_SG",3,1,0,=,,,2536,
2536,"900068","1_SG","1_SG",3,0,0,=,,,2537,
2537,"900068","1_SG","2_SG",3,1,0,=,,,2538,
2538,"900068","7_SG","26_SG",3,1,1,=,,,,
2539,"900069","4_SG","1_SG",2,0,0,=,,,2540,
2540,"900069","4_SG","2_SG",2,1,0,=,,,2541,
2541,"900069","3_SG","1_SG",2,0,0,=,,,2542,
2542,"900069","3_SG","2_SG",2,1,0,=,,,2543,
2543,"900069","2_SG","1_SG",3,0,0,=,,,2544,
2544,"900069","2_SG","2_SG",3,1,0,=,,,2545,
2545,"900069","1_SG","1_SG",3,0,0,=,,,2546,
2546,"900069","1_SG","2_SG",3,1,0,=,,,2547,
2547,"900069","7_SG","26_SG",3,1,1,=,,,,
2548,"900071","4_SG","1_SG",2,0,0,=,,,2549,
2549,"900071","4_SG","2_SG",2,1,0,=,,,2550,
2550,"900071","3_SG","1_SG",2,0,0,=,,,2551,
2551,"900071","3_SG","2_SG",2,1,0,=,,,2552,
2552,"900071","2_SG","1_SG",3,0,0,=,,,2553,
2553,"900071","2_SG","2_SG",3,1,0,=,,,2554,
2554,"900071","1_SG","1_SG",3,0,0,=,,,2555,
2555,"900071","1_SG","2_SG",3,1,0,=,,,2556,
2556,"900071","7_SG","26_SG",3,1,1,=,,,,
2557,"900077","4_SG","1_SG",2,0,0,=,,,2558,
2558,"900077","4_SG","2_SG",2,1,0,=,,,2559,
2559,"900077","3_SG","1_SG",2,0,0,=,,,2560,
2560,"900077","3_SG","2_SG",2,1,0,=,,,2561,
2561,"900077","2_SG","1_SG",3,0,0,=,,,2562,
2562,"900077","2_SG","2_SG",3,1,0,=,,,2563,
2563,"900077","1_SG","1_SG",3,0,0,=,,,2564,
2564,"900077","1_SG","2_SG",3,1,0,=,,,2565,
2565,"900077","7_SG","26_SG",3,1,1,=,,,,
2566,"900078","4_SG","1_SG",2,0,0,=,,,2567,
2567,"900078","4_SG","2_SG",2,1,0,=,,,2568,
2568,"900078","3_SG","1_SG",2,0,0,=,,,2569,
2569,"900078","3_SG","2_SG",2,1,0,=,,,2570,
2570,"900078","2_SG","1_SG",3,0,0,=,,,2571,
2571,"900078","2_SG","2_SG",3,1,0,=,,,2572,
2572,"900078","1_SG","1_SG",3,0,0,=,,,2573,
2573,"900078","1_SG","2_SG",3,1,0,=,,,2574,
2574,"900078","7_SG","26_SG",3,1,1,=,,,,
2575,"900079","4_SG","1_SG",2,0,0,=,,,2576,
2576,"900079","4_SG","2_SG",2,1,0,=,,,2577,
2577,"900079","3_SG","1_SG",2,0,0,=,,,2578,
2578,"900079","3_SG","2_SG",2,1,0,=,,,2579,
2579,"900079","2_SG","1_SG",3,0,0,=,,,2580,
2580,"900079","2_SG","2_SG",3,1,0,=,,,2581,
2581,"900079","1_SG","1_SG",3,0,0,=,,,2582,
2582,"900079","1_SG","2_SG",3,1,0,=,,,2583,
2583,"900079","7_SG","26_SG",3,1,1,=,,,,
2584,"900080","4_SG","1_SG",2,0,0,=,,,2585,
2585,"900080","4_SG","2_SG",2,1,0,=,,,2586,
2586,"900080","3_SG","1_SG",2,0,0,=,,,2587,
2587,"900080","3_SG","2_SG",2,1,0,=,,,2588,
2588,"900080","2_SG","1_SG",3,0,0,=,,,2589,
2589,"900080","2_SG","2_SG",3,1,0,=,,,2590,
2590,"900080","1_SG","1_SG",3,0,0,=,,,2591,
2591,"900080","1_SG","2_SG",3,1,0,=,,,2592,
2592,"900080","7_SG","26_SG",3,1,1,=,,,,
2593,"900081","4_SG","1_SG",2,0,0,=,,,2594,
2594,"900081","4_SG","2_SG",2,1,0,=,,,2595,
2595,"900081","3_SG","1_SG",2,0,0,=,,,2596,
2596,"900081","3_SG","2_SG",2,1,0,=,,,2597,
2597,"900081","2_SG","1_SG",3,0,0,=,,,2598,
2598,"900081","2_SG","2_SG",3,1,0,=,,,2599,
2599,"900081","1_SG","1_SG",3,0,0,=,,,2600,
2600,"900081","1_SG","2_SG",3,1,0,=,,,2601,
2601,"900081","7_SG","26_SG",3,1,1,=,,,,
2602,"900082","4_SG","1_SG",2,0,0,=,,,2603,
2603,"900082","4_SG","2_SG",2,1,0,=,,,2604,
2604,"900082","3_SG","1_SG",2,0,0,=,,,2605,
2605,"900082","3_SG","2_SG",2,1,0,=,,,2606,
2606,"900082","2_SG","1_SG",3,0,0,=,,,2607,
2607,"900082","2_SG","2_SG",3,1,0,=,,,2608,
2608,"900082","1_SG","1_SG",3,0,0,=,,,2609,
2609,"900082","1_SG","2_SG",3,1,0,=,,,2610,
2610,"900082","7_SG","26_SG",3,1,1,=,,,,
2611,"900083","4_SG","1_SG",2,0,0,=,,,2612,
2612,"900083","4_SG","2_SG",2,1,0,=,,,2613,
2613,"900083","3_SG","1_SG",2,0,0,=,,,2614,
2614,"900083","3_SG","2_SG",2,1,0,=,,,2615,
2615,"900083","2_SG","1_SG",3,0,0,=,,,2616,
2616,"900083","2_SG","2_SG",3,1,0,=,,,2617,
2617,"900083","1_SG","1_SG",3,0,0,=,,,2618,
2618,"900083","1_SG","2_SG",3,1,0,=,,,2619,
2619,"900083","7_SG","26_SG",3,1,1,=,,,,
2620,"900084","4_SG","1_SG",2,0,0,=,,,2621,
2621,"900084","4_SG","2_SG",2,1,0,=,,,2622,
2622,"900084","3_SG","1_SG",2,0,0,=,,,2623,
2623,"900084","3_SG","2_SG",2,1,0,=,,,2624,
2624,"900084","2_SG","1_SG",3,0,0,=,,,2625,
2625,"900084","2_SG","2_SG",3,1,0,=,,,2626,
2626,"900084","1_SG","1_SG",3,0,0,=,,,2627,
2627,"900084","1_SG","2_SG",3,1,0,=,,,2628,
2628,"900084","7_SG","26_SG",3,1,1,=,,,,
2629,"900085","4_SG","1_SG",2,0,0,=,,,2630,
2630,"900085","4_SG","2_SG",2,1,0,=,,,2631,
2631,"900085","3_SG","1_SG",2,0,0,=,,,2632,
2632,"900085","3_SG","2_SG",2,1,0,=,,,2633,
2633,"900085","2_SG","1_SG",3,0,0,=,,,2634,
2634,"900085","2_SG","2_SG",3,1,0,=,,,2635,
2635,"900085","1_SG","1_SG",3,0,0,=,,,2636,
2636,"900085","1_SG","2_SG",3,1,0,=,,,2637,
2637,"900085","7_SG","26_SG",3,1,1,=,,,,
2638,"900086","4_SG","1_SG",2,0,0,=,,,2639,
2639,"900086","4_SG","2_SG",2,1,0,=,,,2640,
2640,"900086","3_SG","1_SG",2,0,0,=,,,2641,
2641,"900086","3_SG","2_SG",2,1,0,=,,,2642,
2642,"900086","2_SG","1_SG",3,0,0,=,,,2643,
2643,"900086","2_SG","2_SG",3,1,0,=,,,2644,
2644,"900086","1_SG","1_SG",3,0,0,=,,,2645,
2645,"900086","1_SG","2_SG",3,1,0,=,,,2646,
2646,"900086","7_SG","26_SG",3,1,1,=,,,,
2647,"900087","4_SG","1_SG",2,0,0,=,,,2648,
2648,"900087","4_SG","2_SG",2,1,0,=,,,2649,
2649,"900087","3_SG","1_SG",2,0,0,=,,,2650,
2650,"900087","3_SG","2_SG",2,1,0,=,,,2651,
2651,"900087","2_SG","1_SG",3,0,0,=,,,2652,
2652,"900087","2_SG","2_SG",3,1,0,=,,,2653,
2653,"900087","1_SG","1_SG",3,0,0,=,,,2654,
2654,"900087","1_SG","2_SG",3,1,0,=,,,2655,
2655,"900087","7_SG","26_SG",3,1,1,=,,,,
2656,"900088","4_SG","1_SG",2,0,0,=,,,2657,
2657,"900088","4_SG","2_SG",2,1,0,=,,,2658,
2658,"900088","3_SG","1_SG",2,0,0,=,,,2659,
2659,"900088","3_SG","2_SG",2,1,0,=,,,2660,
2660,"900088","2_SG","1_SG",3,0,0,=,,,2661,
2661,"900088","2_SG","2_SG",3,1,0,=,,,2662,
2662,"900088","1_SG","1_SG",3,0,0,=,,,2663,
2663,"900088","1_SG","2_SG",3,1,0,=,,,2664,
2664,"900088","7_SG","26_SG",3,1,1,=,,,,
2665,"900089","4_SG","1_SG",2,0,0,=,,,2666,
2666,"900089","4_SG","2_SG",2,1,0,=,,,2667,
2667,"900089","3_SG","1_SG",2,0,0,=,,,2668,
2668,"900089","3_SG","2_SG",2,1,0,=,,,2669,
2669,"900089","2_SG","1_SG",3,0,0,=,,,2670,
2670,"900089","2_SG","2_SG",3,1,0,=,,,2671,
2671,"900089","1_SG","1_SG",3,0,0,=,,,2672,
2672,"900089","1_SG","2_SG",3,1,0,=,,,2673,
2673,"900089","7_SG","26_SG",3,1,1,=,,,,
2674,"900090","4_SG","1_SG",2,0,0,=,,,2675,
2675,"900090","4_SG","2_SG",2,1,0,=,,,2676,
2676,"900090","3_SG","1_SG",2,0,0,=,,,2677,
2677,"900090","3_SG","2_SG",2,1,0,=,,,2678,
2678,"900090","2_SG","1_SG",3,0,0,=,,,2679,
2679,"900090","2_SG","2_SG",3,1,0,=,,,2680,
2680,"900090","1_SG","1_SG",3,0,0,=,,,2681,
2681,"900090","1_SG","2_SG",3,1,0,=,,,2682,
2682,"900090","7_SG","26_SG",3,1,1,=,,,,
2683,"900091","4_SG","1_SG",2,0,0,=,,,2684,
2684,"900091","4_SG","2_SG",2,1,0,=,,,2685,
2685,"900091","3_SG","1_SG",2,0,0,=,,,2686,
2686,"900091","3_SG","2_SG",2,1,0,=,,,2687,
2687,"900091","2_SG","1_SG",3,0,0,=,,,2688,
2688,"900091","2_SG","2_SG",3,1,0,=,,,2689,
2689,"900091","1_SG","1_SG",3,0,0,=,,,2690,
2690,"900091","1_SG","2_SG",3,1,0,=,,,2691,
2691,"900091","7_SG","26_SG",3,1,1,=,,,,
2692,"900092","4_SG","1_SG",2,0,0,=,,,2693,
2693,"900092","4_SG","2_SG",2,1,0,=,,,2694,
2694,"900092","3_SG","1_SG",2,0,0,=,,,2695,
2695,"900092","3_SG","2_SG",2,1,0,=,,,2696,
2696,"900092","2_SG","1_SG",3,0,0,=,,,2697,
2697,"900092","2_SG","2_SG",3,1,0,=,,,2698,
2698,"900092","1_SG","1_SG",3,0,0,=,,,2699,
2699,"900092","1_SG","2_SG",3,1,0,=,,,2700,
2700,"900092","7_SG","26_SG",3,1,1,=,,,,
2701,"900093","4_SG","1_SG",2,0,0,=,,,2702,
2702,"900093","4_SG","2_SG",2,1,0,=,,,2703,
2703,"900093","3_SG","1_SG",2,0,0,=,,,2704,
2704,"900093","3_SG","2_SG",2,1,0,=,,,2705,
2705,"900093","2_SG","1_SG",3,0,0,=,,,2706,
2706,"900093","2_SG","2_SG",3,1,0,=,,,2707,
2707,"900093","1_SG","1_SG",3,0,0,=,,,2708,
2708,"900093","1_SG","2_SG",3,1,0,=,,,2709,
2709,"900093","7_SG","26_SG",3,1,1,=,,,,
2710,"900094","4_SG","1_SG",2,0,0,=,,,2711,
2711,"900094","4_SG","2_SG",2,1,0,=,,,2712,
2712,"900094","3_SG","1_SG",2,0,0,=,,,2713,
2713,"900094","3_SG","2_SG",2,1,0,=,,,2714,
2714,"900094","2_SG","1_SG",3,0,0,=,,,2715,
2715,"900094","2_SG","2_SG",3,1,0,=,,,2716,
2716,"900094","1_SG","1_SG",3,0,0,=,,,2717,
2717,"900094","1_SG","2_SG",3,1,0,=,,,2718,
2718,"900094","7_SG","26_SG",3,1,1,=,,,,
2719,"900095","4_SG","1_SG",2,0,0,=,,,2720,
2720,"900095","4_SG","2_SG",2,1,0,=,,,2721,
2721,"900095","3_SG","1_SG",2,0,0,=,,,2722,
2722,"900095","3_SG","2_SG",2,1,0,=,,,2723,
2723,"900095","2_SG","1_SG",3,0,0,=,,,2724,
2724,"900095","2_SG","2_SG",3,1,0,=,,,2725,
2725,"900095","1_SG","1_SG",3,0,0,=,,,2726,
2726,"900095","1_SG","2_SG",3,1,0,=,,,2727,
2727,"900095","7_SG","26_SG",3,1,1,=,,,,
2728,"900096","4_SG","1_SG",2,0,0,=,,,2729,
2729,"900096","4_SG","2_SG",2,1,0,=,,,2730,
2730,"900096","3_SG","1_SG",2,0,0,=,,,2731,
2731,"900096","3_SG","2_SG",2,1,0,=,,,2732,
2732,"900096","2_SG","1_SG",3,0,0,=,,,2733,
2733,"900096","2_SG","2_SG",3,1,0,=,,,2734,
2734,"900096","1_SG","1_SG",3,0,0,=,,,2735,
2735,"900096","1_SG","2_SG",3,1,0,=,,,2736,
2736,"900096","7_SG","26_SG",3,1,1,=,,,,
2737,"900097","4_SG","1_SG",2,0,0,=,,,2738,
2738,"900097","4_SG","2_SG",2,1,0,=,,,2739,
2739,"900097","3_SG","1_SG",2,0,0,=,,,2740,
2740,"900097","3_SG","2_SG",2,1,0,=,,,2741,
2741,"900097","2_SG","1_SG",3,0,0,=,,,2742,
2742,"900097","2_SG","2_SG",3,1,0,=,,,2743,
2743,"900097","1_SG","1_SG",3,0,0,=,,,2744,
2744,"900097","1_SG","2_SG",3,1,0,=,,,2745,
2745,"900097","7_SG","26_SG",3,1,1,=,,,,
2746,"900098","4_SG","1_SG",2,0,0,=,,,2747,
2747,"900098","4_SG","2_SG",2,1,0,=,,,2748,
2748,"900098","3_SG","1_SG",2,0,0,=,,,2749,
2749,"900098","3_SG","2_SG",2,1,0,=,,,2750,
2750,"900098","2_SG","1_SG",3,0,0,=,,,2751,
2751,"900098","2_SG","2_SG",3,1,0,=,,,2752,
2752,"900098","1_SG","1_SG",3,0,0,=,,,2753,
2753,"900098","1_SG","2_SG",3,1,0,=,,,2754,
2754,"900098","7_SG","26_SG",3,1,1,=,,,,
2755,"900099","4_SG","1_SG",2,0,0,=,,,2756,
2756,"900099","4_SG","2_SG",2,1,0,=,,,2757,
2757,"900099","3_SG","1_SG",2,0,0,=,,,2758,
2758,"900099","3_SG","2_SG",2,1,0,=,,,2759,
2759,"900099","2_SG","1_SG",3,0,0,=,,,2760,
2760,"900099","2_SG","2_SG",3,1,0,=,,,2761,
2761,"900099","1_SG","1_SG",3,0,0,=,,,2762,
2762,"900099","1_SG","2_SG",3,1,0,=,,,2763,
2763,"900099","7_SG","26_SG",3,1,1,=,,,,
2764,"900100","4_SG","1_SG",2,0,0,=,,,2765,
2765,"900100","4_SG","2_SG",2,1,0,=,,,2766,
2766,"900100","3_SG","1_SG",2,0,0,=,,,2767,
2767,"900100","3_SG","2_SG",2,1,0,=,,,2768,
2768,"900100","2_SG","1_SG",3,0,0,=,,,2769,
2769,"900100","2_SG","2_SG",3,1,0,=,,,2770,
2770,"900100","1_SG","1_SG",3,0,0,=,,,2771,
2771,"900100","1_SG","2_SG",3,1,0,=,,,2772,
2772,"900100","7_SG","26_SG",3,1,1,=,,,,
2773,"900102","4_SG","1_SG",2,0,0,=,,,2774,
2774,"900102","4_SG","2_SG",2,1,0,=,,,2775,
2775,"900102","3_SG","1_SG",2,0,0,=,,,2776,
2776,"900102","3_SG","2_SG",2,1,0,=,,,2777,
2777,"900102","2_SG","1_SG",3,0,0,=,,,2778,
2778,"900102","2_SG","2_SG",3,1,0,=,,,2779,
2779,"900102","1_SG","1_SG",3,0,0,=,,,2780,
2780,"900102","1_SG","2_SG",3,1,0,=,,,2781,
2781,"900102","7_SG","26_SG",3,1,1,=,,,,
2782,"900103","4_SG","1_SG",2,0,0,=,,,2783,
2783,"900103","4_SG","2_SG",2,1,0,=,,,2784,
2784,"900103","3_SG","1_SG",2,0,0,=,,,2785,
2785,"900103","3_SG","2_SG",2,1,0,=,,,2786,
2786,"900103","2_SG","1_SG",3,0,0,=,,,2787,
2787,"900103","2_SG","2_SG",3,1,0,=,,,2788,
2788,"900103","1_SG","1_SG",3,0,0,=,,,2789,
2789,"900103","1_SG","2_SG",3,1,0,=,,,2790,
2790,"900103","7_SG","26_SG",3,1,1,=,,,,
2791,"900104","4_SG","1_SG",2,0,0,=,,,2792,
2792,"900104","4_SG","2_SG",2,1,0,=,,,2793,
2793,"900104","3_SG","1_SG",2,0,0,=,,,2794,
2794,"900104","3_SG","2_SG",2,1,0,=,,,2795,
2795,"900104","2_SG","1_SG",3,0,0,=,,,2796,
2796,"900104","2_SG","2_SG",3,1,0,=,,,2797,
2797,"900104","1_SG","1_SG",3,0,0,=,,,2798,
2798,"900104","1_SG","2_SG",3,1,0,=,,,2799,
2799,"900104","7_SG","26_SG",3,1,1,=,,,,
2800,"900107","4_SG","1_SG",2,0,0,=,,,2801,
2801,"900107","4_SG","2_SG",2,1,0,=,,,2802,
2802,"900107","3_SG","1_SG",2,0,0,=,,,2803,
2803,"900107","3_SG","2_SG",2,1,0,=,,,2804,
2804,"900107","2_SG","1_SG",3,0,0,=,,,2805,
2805,"900107","2_SG","2_SG",3,1,0,=,,,2806,
2806,"900107","1_SG","1_SG",3,0,0,=,,,2807,
2807,"900107","1_SG","2_SG",3,1,0,=,,,2808,
2808,"900107","7_SG","26_SG",3,1,1,=,,,,
2809,"900111","4_SG","1_SG",2,0,0,=,,,2810,
2810,"900111","4_SG","2_SG",2,1,0,=,,,2811,
2811,"900111","3_SG","1_SG",2,0,0,=,,,2812,
2812,"900111","3_SG","2_SG",2,1,0,=,,,2813,
2813,"900111","2_SG","1_SG",3,0,0,=,,,2814,
2814,"900111","2_SG","2_SG",3,1,0,=,,,2815,
2815,"900111","1_SG","1_SG",3,0,0,=,,,2816,
2816,"900111","1_SG","2_SG",3,1,0,=,,,2817,
2817,"900111","7_SG","26_SG",3,1,1,=,,,,
2818,"900112","4_SG","1_SG",2,0,0,=,,,2819,
2819,"900112","4_SG","2_SG",2,1,0,=,,,2820,
2820,"900112","3_SG","1_SG",2,0,0,=,,,2821,
2821,"900112","3_SG","2_SG",2,1,0,=,,,2822,
2822,"900112","2_SG","1_SG",3,0,0,=,,,2823,
2823,"900112","2_SG","2_SG",3,1,0,=,,,2824,
2824,"900112","1_SG","1_SG",3,0,0,=,,,2825,
2825,"900112","1_SG","2_SG",3,1,0,=,,,2826,
2826,"900112","7_SG","26_SG",3,1,1,=,,,,
2827,"900117","4_SG","1_SG",2,0,0,=,,,2828,
2828,"900117","4_SG","2_SG",2,1,0,=,,,2829,
2829,"900117","3_SG","1_SG",2,0,0,=,,,2830,
2830,"900117","3_SG","2_SG",2,1,0,=,,,2831,
2831,"900117","2_SG","1_SG",3,0,0,=,,,2832,
2832,"900117","2_SG","2_SG",3,1,0,=,,,2833,
2833,"900117","1_SG","1_SG",3,0,0,=,,,2834,
2834,"900117","1_SG","2_SG",3,1,0,=,,,2835,
2835,"900117","7_SG","26_SG",3,1,1,=,,,,
2836,"900123","4_SG","1_SG",2,0,0,=,,,2837,
2837,"900123","4_SG","2_SG",2,1,0,=,,,2838,
2838,"900123","3_SG","1_SG",2,0,0,=,,,2839,
2839,"900123","3_SG","2_SG",2,1,0,=,,,2840,
2840,"900123","2_SG","1_SG",3,0,0,=,,,2841,
2841,"900123","2_SG","2_SG",3,1,0,=,,,2842,
2842,"900123","1_SG","1_SG",3,0,0,=,,,2843,
2843,"900123","1_SG","2_SG",3,1,0,=,,,2844,
2844,"900123","7_SG","26_SG",3,1,1,=,,,,
2845,"900125","4_SG","1_SG",2,0,0,=,,,2846,
2846,"900125","4_SG","2_SG",2,1,0,=,,,2847,
2847,"900125","3_SG","1_SG",2,0,0,=,,,2848,
2848,"900125","3_SG","2_SG",2,1,0,=,,,2849,
2849,"900125","2_SG","1_SG",3,0,0,=,,,2850,
2850,"900125","2_SG","2_SG",3,1,0,=,,,2851,
2851,"900125","1_SG","1_SG",3,0,0,=,,,2852,
2852,"900125","1_SG","2_SG",3,1,0,=,,,2853,
2853,"900125","7_SG","26_SG",3,1,1,=,,,,
2854,"900126","4_SG","1_SG",2,0,0,=,,,2855,
2855,"900126","4_SG","2_SG",2,1,0,=,,,2856,
2856,"900126","3_SG","1_SG",2,0,0,=,,,2857,
2857,"900126","3_SG","2_SG",2,1,0,=,,,2858,
2858,"900126","2_SG","1_SG",3,0,0,=,,,2859,
2859,"900126","2_SG","2_SG",3,1,0,=,,,2860,
2860,"900126","1_SG","1_SG",3,0,0,=,,,2861,
2861,"900126","1_SG","2_SG",3,1,0,=,,,2862,
2862,"900126","7_SG","26_SG",3,1,1,=,,,,
2863,"900127","4_SG","1_SG",2,0,0,=,,,2864,
2864,"900127","4_SG","2_SG",2,1,0,=,,,2865,
2865,"900127","3_SG","1_SG",2,0,0,=,,,2866,
2866,"900127","3_SG","2_SG",2,1,0,=,,,2867,
2867,"900127","2_SG","1_SG",3,0,0,=,,,2868,
2868,"900127","2_SG","2_SG",3,1,0,=,,,2869,
2869,"900127","1_SG","1_SG",3,0,0,=,,,2870,
2870,"900127","1_SG","2_SG",3,1,0,=,,,2871,
2871,"900127","7_SG","26_SG",3,1,1,=,,,,
2872,"900130","4_SG","1_SG",2,0,0,=,,,2873,
2873,"900130","4_SG","2_SG",2,1,0,=,,,2874,
2874,"900130","3_SG","1_SG",2,0,0,=,,,2875,
2875,"900130","3_SG","2_SG",2,1,0,=,,,2876,
2876,"900130","2_SG","1_SG",3,0,0,=,,,2877,
2877,"900130","2_SG","2_SG",3,1,0,=,,,2878,
2878,"900130","1_SG","1_SG",3,0,0,=,,,2879,
2879,"900130","1_SG","2_SG",3,1,0,=,,,2880,
2880,"900130","7_SG","26_SG",3,1,1,=,,,,
2881,"900131","4_SG","1_SG",2,0,0,=,,,2882,
2882,"900131","4_SG","2_SG",2,1,0,=,,,2883,
2883,"900131","3_SG","1_SG",2,0,0,=,,,2884,
2884,"900131","3_SG","2_SG",2,1,0,=,,,2885,
2885,"900131","2_SG","1_SG",3,0,0,=,,,2886,
2886,"900131","2_SG","2_SG",3,1,0,=,,,2887,
2887,"900131","1_SG","1_SG",3,0,0,=,,,2888,
2888,"900131","1_SG","2_SG",3,1,0,=,,,2889,
2889,"900131","7_SG","26_SG",3,1,1,=,,,,
2890,"900132","4_SG","1_SG",2,0,0,=,,,2891,
2891,"900132","4_SG","2_SG",2,1,0,=,,,2892,
2892,"900132","3_SG","1_SG",2,0,0,=,,,2893,
2893,"900132","3_SG","2_SG",2,1,0,=,,,2894,
2894,"900132","2_SG","1_SG",3,0,0,=,,,2895,
2895,"900132","2_SG","2_SG",3,1,0,=,,,2896,
2896,"900132","1_SG","1_SG",3,0,0,=,,,2897,
2897,"900132","1_SG","2_SG",3,1,0,=,,,2898,
2898,"900132","7_SG","26_SG",3,1,1,=,,,,
2899,"900133","4_SG","1_SG",2,0,0,=,,,2900,
2900,"900133","4_SG","2_SG",2,1,0,=,,,2901,
2901,"900133","3_SG","1_SG",2,0,0,=,,,2902,
2902,"900133","3_SG","2_SG",2,1,0,=,,,2903,
2903,"900133","2_SG","1_SG",3,0,0,=,,,2904,
2904,"900133","2_SG","2_SG",3,1,0,=,,,2905,
2905,"900133","1_SG","1_SG",3,0,0,=,,,2906,
2906,"900133","1_SG","2_SG",3,1,0,=,,,2907,
2907,"900133","7_SG","26_SG",3,1,1,=,,,,
2908,"900134","4_SG","1_SG",2,0,0,=,,,2909,
2909,"900134","4_SG","2_SG",2,1,0,=,,,2910,
2910,"900134","3_SG","1_SG",2,0,0,=,,,2911,
2911,"900134","3_SG","2_SG",2,1,0,=,,,2912,
2912,"900134","2_SG","1_SG",3,0,0,=,,,2913,
2913,"900134","2_SG","2_SG",3,1,0,=,,,2914,
2914,"900134","1_SG","1_SG",3,0,0,=,,,2915,
2915,"900134","1_SG","2_SG",3,1,0,=,,,2916,
2916,"900134","7_SG","26_SG",3,1,1,=,,,,
2917,"900135","4_SG","1_SG",2,0,0,=,,,2918,
2918,"900135","4_SG","2_SG",2,1,0,=,,,2919,
2919,"900135","3_SG","1_SG",2,0,0,=,,,2920,
2920,"900135","3_SG","2_SG",2,1,0,=,,,2921,
2921,"900135","2_SG","1_SG",3,0,0,=,,,2922,
2922,"900135","2_SG","2_SG",3,1,0,=,,,2923,
2923,"900135","1_SG","1_SG",3,0,0,=,,,2924,
2924,"900135","1_SG","2_SG",3,1,0,=,,,2925,
2925,"900135","7_SG","26_SG",3,1,1,=,,,,
2926,"900137","4_SG","1_SG",2,0,0,=,,,2927,
2927,"900137","4_SG","2_SG",2,1,0,=,,,2928,
2928,"900137","3_SG","1_SG",2,0,0,=,,,2929,
2929,"900137","3_SG","2_SG",2,1,0,=,,,2930,
2930,"900137","2_SG","1_SG",3,0,0,=,,,2931,
2931,"900137","2_SG","2_SG",3,1,0,=,,,2932,
2932,"900137","1_SG","1_SG",3,0,0,=,,,2933,
2933,"900137","1_SG","2_SG",3,1,0,=,,,2934,
2934,"900137","7_SG","26_SG",3,1,1,=,,,,
2935,"900138","4_SG","1_SG",2,0,0,=,,,2936,
2936,"900138","4_SG","2_SG",2,1,0,=,,,2937,
2937,"900138","3_SG","1_SG",2,0,0,=,,,2938,
2938,"900138","3_SG","2_SG",2,1,0,=,,,2939,
2939,"900138","2_SG","1_SG",3,0,0,=,,,2940,
2940,"900138","2_SG","2_SG",3,1,0,=,,,2941,
2941,"900138","1_SG","1_SG",3,0,0,=,,,2942,
2942,"900138","1_SG","2_SG",3,1,0,=,,,2943,
2943,"900138","7_SG","26_SG",3,1,1,=,,,,
2944,"900139","4_SG","1_SG",2,0,0,=,,,2945,
2945,"900139","4_SG","2_SG",2,1,0,=,,,2946,
2946,"900139","3_SG","1_SG",2,0,0,=,,,2947,
2947,"900139","3_SG","2_SG",2,1,0,=,,,2948,
2948,"900139","2_SG","1_SG",3,0,0,=,,,2949,
2949,"900139","2_SG","2_SG",3,1,0,=,,,2950,
2950,"900139","1_SG","1_SG",3,0,0,=,,,2951,
2951,"900139","1_SG","2_SG",3,1,0,=,,,2952,
2952,"900139","7_SG","26_SG",3,1,1,=,,,,
2953,"900141","4_SG","1_SG",2,0,0,=,,,2954,
2954,"900141","4_SG","2_SG",2,1,0,=,,,2955,
2955,"900141","3_SG","1_SG",2,0,0,=,,,2956,
2956,"900141","3_SG","2_SG",2,1,0,=,,,2957,
2957,"900141","2_SG","1_SG",3,0,0,=,,,2958,
2958,"900141","2_SG","2_SG",3,1,0,=,,,2959,
2959,"900141","1_SG","1_SG",3,0,0,=,,,2960,
2960,"900141","1_SG","2_SG",3,1,0,=,,,2961,
2961,"900141","7_SG","26_SG",3,1,1,=,,,,
2962,"900143","4_SG","1_SG",2,0,0,=,,,2963,
2963,"900143","4_SG","2_SG",2,1,0,=,,,2964,
2964,"900143","3_SG","1_SG",2,0,0,=,,,2965,
2965,"900143","3_SG","2_SG",2,1,0,=,,,2966,
2966,"900143","2_SG","1_SG",3,0,0,=,,,2967,
2967,"900143","2_SG","2_SG",3,1,0,=,,,2968,
2968,"900143","1_SG","1_SG",3,0,0,=,,,2969,
2969,"900143","1_SG","2_SG",3,1,0,=,,,2970,
2970,"900143","7_SG","26_SG",3,1,1,=,,,,
2971,"900145","4_SG","1_SG",2,0,0,=,,,2972,
2972,"900145","4_SG","2_SG",2,1,0,=,,,2973,
2973,"900145","3_SG","1_SG",2,0,0,=,,,2974,
2974,"900145","3_SG","2_SG",2,1,0,=,,,2975,
2975,"900145","2_SG","1_SG",3,0,0,=,,,2976,
2976,"900145","2_SG","2_SG",3,1,0,=,,,2977,
2977,"900145","1_SG","1_SG",3,0,0,=,,,2978,
2978,"900145","1_SG","2_SG",3,1,0,=,,,2979,
2979,"900145","7_SG","26_SG",3,1,1,=,,,,
2980,"900146","4_SG","1_SG",2,0,0,=,,,2981,
2981,"900146","4_SG","2_SG",2,1,0,=,,,2982,
2982,"900146","3_SG","1_SG",2,0,0,=,,,2983,
2983,"900146","3_SG","2_SG",2,1,0,=,,,2984,
2984,"900146","2_SG","1_SG",3,0,0,=,,,2985,
2985,"900146","2_SG","2_SG",3,1,0,=,,,2986,
2986,"900146","1_SG","1_SG",3,0,0,=,,,2987,
2987,"900146","1_SG","2_SG",3,1,0,=,,,2988,
2988,"900146","7_SG","26_SG",3,1,1,=,,,,
2989,"900147","4_SG","1_SG",2,0,0,=,,,2990,
2990,"900147","4_SG","2_SG",2,1,0,=,,,2991,
2991,"900147","3_SG","1_SG",2,0,0,=,,,2992,
2992,"900147","3_SG","2_SG",2,1,0,=,,,2993,
2993,"900147","2_SG","1_SG",3,0,0,=,,,2994,
2994,"900147","2_SG","2_SG",3,1,0,=,,,2995,
2995,"900147","1_SG","1_SG",3,0,0,=,,,2996,
2996,"900147","1_SG","2_SG",3,1,0,=,,,2997,
2997,"900147","7_SG","26_SG",3,1,1,=,,,,
2998,"900151","4_SG","1_SG",2,0,0,=,,,2999,
2999,"900151","4_SG","2_SG",2,1,0,=,,,3000,
3000,"900151","3_SG","1_SG",2,0,0,=,,,3001,
3001,"900151","3_SG","2_SG",2,1,0,=,,,3002,
3002,"900151","2_SG","1_SG",3,0,0,=,,,3003,
3003,"900151","2_SG","2_SG",3,1,0,=,,,3004,
3004,"900151","1_SG","1_SG",3,0,0,=,,,3005,
3005,"900151","1_SG","2_SG",3,1,0,=,,,3006,
3006,"900151","7_SG","26_SG",3,1,1,=,,,,
3007,"900152","4_SG","1_SG",2,0,0,=,,,3008,
3008,"900152","4_SG","2_SG",2,1,0,=,,,3009,
3009,"900152","3_SG","1_SG",2,0,0,=,,,3010,
3010,"900152","3_SG","2_SG",2,1,0,=,,,3011,
3011,"900152","2_SG","1_SG",3,0,0,=,,,3012,
3012,"900152","2_SG","2_SG",3,1,0,=,,,3013,
3013,"900152","1_SG","1_SG",3,0,0,=,,,3014,
3014,"900152","1_SG","2_SG",3,1,0,=,,,3015,
3015,"900152","7_SG","26_SG",3,1,1,=,,,,
3016,"900153","4_SG","1_SG",2,0,0,=,,,3017,
3017,"900153","4_SG","2_SG",2,1,0,=,,,3018,
3018,"900153","3_SG","1_SG",2,0,0,=,,,3019,
3019,"900153","3_SG","2_SG",2,1,0,=,,,3020,
3020,"900153","2_SG","1_SG",3,0,0,=,,,3021,
3021,"900153","2_SG","2_SG",3,1,0,=,,,3022,
3022,"900153","1_SG","1_SG",3,0,0,=,,,3023,
3023,"900153","1_SG","2_SG",3,1,0,=,,,3024,
3024,"900153","7_SG","26_SG",3,1,1,=,,,,
3025,"900154","4_SG","1_SG",2,0,0,=,,,3026,
3026,"900154","4_SG","2_SG",2,1,0,=,,,3027,
3027,"900154","3_SG","1_SG",2,0,0,=,,,3028,
3028,"900154","3_SG","2_SG",2,1,0,=,,,3029,
3029,"900154","2_SG","1_SG",3,0,0,=,,,3030,
3030,"900154","2_SG","2_SG",3,1,0,=,,,3031,
3031,"900154","1_SG","1_SG",3,0,0,=,,,3032,
3032,"900154","1_SG","2_SG",3,1,0,=,,,3033,
3033,"900154","7_SG","26_SG",3,1,1,=,,,,
3034,"900155","4_SG","1_SG",2,0,0,=,,,3035,
3035,"900155","4_SG","2_SG",2,1,0,=,,,3036,
3036,"900155","3_SG","1_SG",2,0,0,=,,,3037,
3037,"900155","3_SG","2_SG",2,1,0,=,,,3038,
3038,"900155","2_SG","1_SG",3,0,0,=,,,3039,
3039,"900155","2_SG","2_SG",3,1,0,=,,,3040,
3040,"900155","1_SG","1_SG",3,0,0,=,,,3041,
3041,"900155","1_SG","2_SG",3,1,0,=,,,3042,
3042,"900155","7_SG","26_SG",3,1,1,=,,,,
3043,"900156","4_SG","1_SG",2,0,0,=,,,3044,
3044,"900156","4_SG","2_SG",2,1,0,=,,,3045,
3045,"900156","3_SG","1_SG",2,0,0,=,,,3046,
3046,"900156","3_SG","2_SG",2,1,0,=,,,3047,
3047,"900156","2_SG","1_SG",3,0,0,=,,,3048,
3048,"900156","2_SG","2_SG",3,1,0,=,,,3049,
3049,"900156","1_SG","1_SG",3,0,0,=,,,3050,
3050,"900156","1_SG","2_SG",3,1,0,=,,,3051,
3051,"900156","7_SG","26_SG",3,1,1,=,,,,
3052,"900157","4_SG","1_SG",2,0,0,=,,,3053,
3053,"900157","4_SG","2_SG",2,1,0,=,,,3054,
3054,"900157","3_SG","1_SG",2,0,0,=,,,3055,
3055,"900157","3_SG","2_SG",2,1,0,=,,,3056,
3056,"900157","2_SG","1_SG",3,0,0,=,,,3057,
3057,"900157","2_SG","2_SG",3,1,0,=,,,3058,
3058,"900157","1_SG","1_SG",3,0,0,=,,,3059,
3059,"900157","1_SG","2_SG",3,1,0,=,,,3060,
3060,"900157","7_SG","26_SG",3,1,1,=,,,,
3061,"900158","4_SG","1_SG",2,0,0,=,,,3062,
3062,"900158","4_SG","2_SG",2,1,0,=,,,3063,
3063,"900158","3_SG","1_SG",2,0,0,=,,,3064,
3064,"900158","3_SG","2_SG",2,1,0,=,,,3065,
3065,"900158","2_SG","1_SG",3,0,0,=,,,3066,
3066,"900158","2_SG","2_SG",3,1,0,=,,,3067,
3067,"900158","1_SG","1_SG",3,0,0,=,,,3068,
3068,"900158","1_SG","2_SG",3,1,0,=,,,3069,
3069,"900158","7_SG","26_SG",3,1,1,=,,,,
3070,"900159","4_SG","1_SG",2,0,0,=,,,3071,
3071,"900159","4_SG","2_SG",2,1,0,=,,,3072,
3072,"900159","3_SG","1_SG",2,0,0,=,,,3073,
3073,"900159","3_SG","2_SG",2,1,0,=,,,3074,
3074,"900159","2_SG","1_SG",3,0,0,=,,,3075,
3075,"900159","2_SG","2_SG",3,1,0,=,,,3076,
3076,"900159","1_SG","1_SG",3,0,0,=,,,3077,
3077,"900159","1_SG","2_SG",3,1,0,=,,,3078,
3078,"900159","7_SG","26_SG",3,1,1,=,,,,
3079,"900160","4_SG","1_SG",2,0,0,=,,,3080,
3080,"900160","4_SG","2_SG",2,1,0,=,,,3081,
3081,"900160","3_SG","1_SG",2,0,0,=,,,3082,
3082,"900160","3_SG","2_SG",2,1,0,=,,,3083,
3083,"900160","2_SG","1_SG",3,0,0,=,,,3084,
3084,"900160","2_SG","2_SG",3,1,0,=,,,3085,
3085,"900160","1_SG","1_SG",3,0,0,=,,,3086,
3086,"900160","1_SG","2_SG",3,1,0,=,,,3087,
3087,"900160","7_SG","26_SG",3,1,1,=,,,,
3088,"900161","4_SG","1_SG",2,0,0,=,,,3089,
3089,"900161","4_SG","2_SG",2,1,0,=,,,3090,
3090,"900161","3_SG","1_SG",2,0,0,=,,,3091,
3091,"900161","3_SG","2_SG",2,1,0,=,,,3092,
3092,"900161","2_SG","1_SG",3,0,0,=,,,3093,
3093,"900161","2_SG","2_SG",3,1,0,=,,,3094,
3094,"900161","1_SG","1_SG",3,0,0,=,,,3095,
3095,"900161","1_SG","2_SG",3,1,0,=,,,3096,
3096,"900161","7_SG","26_SG",3,1,1,=,,,,
3097,"900162","4_SG","1_SG",2,0,0,=,,,3098,
3098,"900162","4_SG","2_SG",2,1,0,=,,,3099,
3099,"900162","3_SG","1_SG",2,0,0,=,,,3100,
3100,"900162","3_SG","2_SG",2,1,0,=,,,3101,
3101,"900162","2_SG","1_SG",3,0,0,=,,,3102,
3102,"900162","2_SG","2_SG",3,1,0,=,,,3103,
3103,"900162","1_SG","1_SG",3,0,0,=,,,3104,
3104,"900162","1_SG","2_SG",3,1,0,=,,,3105,
3105,"900162","7_SG","26_SG",3,1,1,=,,,,
3106,"900163","4_SG","1_SG",2,0,0,=,,,3107,
3107,"900163","4_SG","2_SG",2,1,0,=,,,3108,
3108,"900163","3_SG","1_SG",2,0,0,=,,,3109,
3109,"900163","3_SG","2_SG",2,1,0,=,,,3110,
3110,"900163","2_SG","1_SG",3,0,0,=,,,3111,
3111,"900163","2_SG","2_SG",3,1,0,=,,,3112,
3112,"900163","1_SG","1_SG",3,0,0,=,,,3113,
3113,"900163","1_SG","2_SG",3,1,0,=,,,3114,
3114,"900163","7_SG","26_SG",3,1,1,=,,,,
3115,"900164","4_SG","1_SG",2,0,0,=,,,3116,
3116,"900164","4_SG","2_SG",2,1,0,=,,,3117,
3117,"900164","3_SG","1_SG",2,0,0,=,,,3118,
3118,"900164","3_SG","2_SG",2,1,0,=,,,3119,
3119,"900164","2_SG","1_SG",3,0,0,=,,,3120,
3120,"900164","2_SG","2_SG",3,1,0,=,,,3121,
3121,"900164","1_SG","1_SG",3,0,0,=,,,3122,
3122,"900164","1_SG","2_SG",3,1,0,=,,,3123,
3123,"900164","7_SG","26_SG",3,1,1,=,,,,
3124,"900165","4_SG","1_SG",2,0,0,=,,,3125,
3125,"900165","4_SG","2_SG",2,1,0,=,,,3126,
3126,"900165","3_SG","1_SG",2,0,0,=,,,3127,
3127,"900165","3_SG","2_SG",2,1,0,=,,,3128,
3128,"900165","2_SG","1_SG",3,0,0,=,,,3129,
3129,"900165","2_SG","2_SG",3,1,0,=,,,3130,
3130,"900165","1_SG","1_SG",3,0,0,=,,,3131,
3131,"900165","1_SG","2_SG",3,1,0,=,,,3132,
3132,"900165","7_SG","26_SG",3,1,1,=,,,,
3133,"900166","4_SG","1_SG",2,0,0,=,,,3134,
3134,"900166","4_SG","2_SG",2,1,0,=,,,3135,
3135,"900166","3_SG","1_SG",2,0,0,=,,,3136,
3136,"900166","3_SG","2_SG",2,1,0,=,,,3137,
3137,"900166","2_SG","1_SG",3,0,0,=,,,3138,
3138,"900166","2_SG","2_SG",3,1,0,=,,,3139,
3139,"900166","1_SG","1_SG",3,0,0,=,,,3140,
3140,"900166","1_SG","2_SG",3,1,0,=,,,3141,
3141,"900166","7_SG","26_SG",3,1,1,=,,,,
3142,"900167","4_SG","1_SG",2,0,0,=,,,3143,
3143,"900167","4_SG","2_SG",2,1,0,=,,,3144,
3144,"900167","3_SG","1_SG",2,0,0,=,,,3145,
3145,"900167","3_SG","2_SG",2,1,0,=,,,3146,
3146,"900167","2_SG","1_SG",3,0,0,=,,,3147,
3147,"900167","2_SG","2_SG",3,1,0,=,,,3148,
3148,"900167","1_SG","1_SG",3,0,0,=,,,3149,
3149,"900167","1_SG","2_SG",3,1,0,=,,,3150,
3150,"900167","7_SG","26_SG",3,1,1,=,,,,
3151,"900168","4_SG","1_SG",2,0,0,=,,,3152,
3152,"900168","4_SG","2_SG",2,1,0,=,,,3153,
3153,"900168","3_SG","1_SG",2,0,0,=,,,3154,
3154,"900168","3_SG","2_SG",2,1,0,=,,,3155,
3155,"900168","2_SG","1_SG",3,0,0,=,,,3156,
3156,"900168","2_SG","2_SG",3,1,0,=,,,3157,
3157,"900168","1_SG","1_SG",3,0,0,=,,,3158,
3158,"900168","1_SG","2_SG",3,1,0,=,,,3159,
3159,"900168","7_SG","26_SG",3,1,1,=,,,,
3160,"900169","4_SG","1_SG",2,0,0,=,,,3161,
3161,"900169","4_SG","2_SG",2,1,0,=,,,3162,
3162,"900169","3_SG","1_SG",2,0,0,=,,,3163,
3163,"900169","3_SG","2_SG",2,1,0,=,,,3164,
3164,"900169","2_SG","1_SG",3,0,0,=,,,3165,
3165,"900169","2_SG","2_SG",3,1,0,=,,,3166,
3166,"900169","1_SG","1_SG",3,0,0,=,,,3167,
3167,"900169","1_SG","2_SG",3,1,0,=,,,3168,
3168,"900169","7_SG","26_SG",3,1,1,=,,,,
3169,"900170","4_SG","1_SG",2,0,0,=,,,3170,
3170,"900170","4_SG","2_SG",2,1,0,=,,,3171,
3171,"900170","3_SG","1_SG",2,0,0,=,,,3172,
3172,"900170","3_SG","2_SG",2,1,0,=,,,3173,
3173,"900170","2_SG","1_SG",3,0,0,=,,,3174,
3174,"900170","2_SG","2_SG",3,1,0,=,,,3175,
3175,"900170","1_SG","1_SG",3,0,0,=,,,3176,
3176,"900170","1_SG","2_SG",3,1,0,=,,,3177,
3177,"900170","7_SG","26_SG",3,1,1,=,,,,
3178,"900171","4_SG","1_SG",2,0,0,=,,,3179,
3179,"900171","4_SG","2_SG",2,1,0,=,,,3180,
3180,"900171","3_SG","1_SG",2,0,0,=,,,3181,
3181,"900171","3_SG","2_SG",2,1,0,=,,,3182,
3182,"900171","2_SG","1_SG",3,0,0,=,,,3183,
3183,"900171","2_SG","2_SG",3,1,0,=,,,3184,
3184,"900171","1_SG","1_SG",3,0,0,=,,,3185,
3185,"900171","1_SG","2_SG",3,1,0,=,,,3186,
3186,"900171","7_SG","26_SG",3,1,1,=,,,,
3187,"900172","4_SG","1_SG",2,0,0,=,,,3188,
3188,"900172","4_SG","2_SG",2,1,0,=,,,3189,
3189,"900172","3_SG","1_SG",2,0,0,=,,,3190,
3190,"900172","3_SG","2_SG",2,1,0,=,,,3191,
3191,"900172","2_SG","1_SG",3,0,0,=,,,3192,
3192,"900172","2_SG","2_SG",3,1,0,=,,,3193,
3193,"900172","1_SG","1_SG",3,0,0,=,,,3194,
3194,"900172","1_SG","2_SG",3,1,0,=,,,3195,
3195,"900172","7_SG","26_SG",3,1,1,=,,,,
3196,"900173","4_SG","1_SG",2,0,0,=,,,3197,
3197,"900173","4_SG","2_SG",2,1,0,=,,,3198,
3198,"900173","3_SG","1_SG",2,0,0,=,,,3199,
3199,"900173","3_SG","2_SG",2,1,0,=,,,3200,
3200,"900173","2_SG","1_SG",3,0,0,=,,,3201,
3201,"900173","2_SG","2_SG",3,1,0,=,,,3202,
3202,"900173","1_SG","1_SG",3,0,0,=,,,3203,
3203,"900173","1_SG","2_SG",3,1,0,=,,,3204,
3204,"900173","7_SG","26_SG",3,1,1,=,,,,
3205,"900174","4_SG","1_SG",2,0,0,=,,,3206,
3206,"900174","4_SG","2_SG",2,1,0,=,,,3207,
3207,"900174","3_SG","1_SG",2,0,0,=,,,3208,
3208,"900174","3_SG","2_SG",2,1,0,=,,,3209,
3209,"900174","2_SG","1_SG",3,0,0,=,,,3210,
3210,"900174","2_SG","2_SG",3,1,0,=,,,3211,
3211,"900174","1_SG","1_SG",3,0,0,=,,,3212,
3212,"900174","1_SG","2_SG",3,1,0,=,,,3213,
3213,"900174","7_SG","26_SG",3,1,1,=,,,,
3232,"944_SG","4_SG","1_SG",2,0,0,=,,,3233,
3233,"944_SG","4_SG","2_SG",2,1,0,=,,,3234,
3234,"944_SG","3_SG","1_SG",2,0,0,=,,,3235,
3235,"944_SG","3_SG","2_SG",2,1,0,=,,,3236,
3236,"944_SG","2_SG","1_SG",3,0,0,=,,,3237,
3237,"944_SG","2_SG","2_SG",3,1,0,=,,,3238,
3238,"944_SG","1_SG","1_SG",3,0,0,=,,,3239,
3239,"944_SG","1_SG","2_SG",3,1,0,=,,,3240,
3240,"944_SG","7_SG","26_SG",3,1,1,=,,,,
3241,"946_SG","4_SG","1_SG",2,0,0,=,,,3242,
3242,"946_SG","4_SG","2_SG",2,1,0,=,,,3243,
3243,"946_SG","3_SG","1_SG",2,0,0,=,,,3244,
3244,"946_SG","3_SG","2_SG",2,1,0,=,,,3245,
3245,"946_SG","2_SG","1_SG",3,0,0,=,,,3246,
3246,"946_SG","2_SG","2_SG",3,1,0,=,,,3247,
3247,"946_SG","1_SG","1_SG",3,0,0,=,,,3248,
3248,"946_SG","1_SG","2_SG",3,1,0,=,,,3249,
3249,"946_SG","7_SG","26_SG",3,1,1,=,,,,
3250,"10552","2_SG","1_SG",2,0,0,=,,,3251,
3251,"10552","2_SG","2_SG",2,0,0,=,,,3252,
3252,"10552","2_SG","3_SG",2,0,0,=,,,3253,
3253,"10552","2_SG","4_SG",2,1,0,=,,,3254,
3254,"10552","1_SG","1_SG",2,0,0,=,,,3255,
3255,"10552","1_SG","2_SG",2,0,0,=,,,3256,
3256,"10552","1_SG","3_SG",2,1,0,=,,,3257,
3257,"10552","9_SG","1_SG",2,0,0,=,,,3258,
3258,"10552","9_SG","2_SG",2,0,0,=,,,3259,
3259,"10552","9_SG","3_SG",2,1,0,=,,,3260,
3260,"10552","8_SG","26_SG",2,1,1,=,,,,
3261,"10554","2_SG","1_SG",2,0,0,=,,,3262,
3262,"10554","2_SG","2_SG",2,0,0,=,,,3263,
3263,"10554","2_SG","3_SG",2,0,0,=,,,3264,
3264,"10554","2_SG","4_SG",2,1,0,=,,,3265,
3265,"10554","1_SG","1_SG",2,0,0,=,,,3266,
3266,"10554","1_SG","2_SG",2,0,0,=,,,3267,
3267,"10554","1_SG","3_SG",2,1,0,=,,,3268,
3268,"10554","9_SG","1_SG",2,0,0,=,,,3269,
3269,"10554","9_SG","2_SG",2,0,0,=,,,3270,
3270,"10554","9_SG","3_SG",2,1,0,=,,,3271,
3271,"10554","8_SG","26_SG",2,1,1,=,,,,
3272,"10556","2_SG","1_SG",2,0,0,=,,,3273,
3273,"10556","2_SG","2_SG",2,0,0,=,,,3274,
3274,"10556","2_SG","3_SG",2,0,0,=,,,3275,
3275,"10556","2_SG","4_SG",2,1,0,=,,,3276,
3276,"10556","1_SG","1_SG",2,0,0,=,,,3277,
3277,"10556","1_SG","2_SG",2,0,0,=,,,3278,
3278,"10556","1_SG","3_SG",2,1,0,=,,,3279,
3279,"10556","9_SG","1_SG",2,0,0,=,,,3280,
3280,"10556","9_SG","2_SG",2,0,0,=,,,3281,
3281,"10556","9_SG","3_SG",2,1,0,=,,,3282,
3282,"10556","8_SG","26_SG",2,1,1,=,,,,
3294,"10700","2_SG","1_SG",2,0,0,=,,,3295,
3295,"10700","2_SG","2_SG",2,0,0,=,,,3296,
3296,"10700","2_SG","3_SG",2,0,0,=,,,3297,
3297,"10700","2_SG","4_SG",2,1,0,=,,,3298,
3298,"10700","1_SG","1_SG",2,0,0,=,,,3299,
3299,"10700","1_SG","2_SG",2,0,0,=,,,3300,
3300,"10700","1_SG","3_SG",2,1,0,=,,,3301,
3301,"10700","9_SG","1_SG",2,0,0,=,,,3302,
3302,"10700","9_SG","2_SG",2,0,0,=,,,3303,
3303,"10700","9_SG","3_SG",2,1,0,=,,,3304,
3304,"10700","8_SG","26_SG",2,1,1,=,,,,
3305,"10752","2_SG","1_SG",2,0,0,=,,,3306,
3306,"10752","2_SG","2_SG",2,0,0,=,,,3307,
3307,"10752","2_SG","3_SG",2,0,0,=,,,3308,
3308,"10752","2_SG","4_SG",2,1,0,=,,,3309,
3309,"10752","1_SG","1_SG",2,0,0,=,,,3310,
3310,"10752","1_SG","2_SG",2,0,0,=,,,3311,
3311,"10752","1_SG","3_SG",2,1,0,=,,,3312,
3312,"10752","9_SG","1_SG",2,0,0,=,,,3313,
3313,"10752","9_SG","2_SG",2,0,0,=,,,3314,
3314,"10752","9_SG","3_SG",2,1,0,=,,,3315,
3315,"10752","8_SG","26_SG",2,1,1,=,,,,
3316,"10756","2_SG","1_SG",2,0,0,=,,,3317,
3317,"10756","2_SG","2_SG",2,0,0,=,,,3318,
3318,"10756","2_SG","3_SG",2,0,0,=,,,3319,
3319,"10756","2_SG","4_SG",2,1,0,=,,,3320,
3320,"10756","1_SG","1_SG",2,0,0,=,,,3321,
3321,"10756","1_SG","2_SG",2,0,0,=,,,3322,
3322,"10756","1_SG","3_SG",2,1,0,=,,,3323,
3323,"10756","9_SG","1_SG",2,0,0,=,,,3324,
3324,"10756","9_SG","2_SG",2,0,0,=,,,3325,
3325,"10756","9_SG","3_SG",2,1,0,=,,,3326,
3326,"10756","8_SG","26_SG",2,1,1,=,,,,
3327,"10950","2_SG","1_SG",2,0,0,=,,,3328,
3328,"10950","2_SG","2_SG",2,0,0,=,,,3329,
3329,"10950","2_SG","3_SG",2,0,0,=,,,3330,
3330,"10950","2_SG","4_SG",2,1,0,=,,,3331,
3331,"10950","1_SG","1_SG",2,0,0,=,,,3332,
3332,"10950","1_SG","2_SG",2,0,0,=,,,3333,
3333,"10950","1_SG","3_SG",2,1,0,=,,,3334,
3334,"10950","9_SG","1_SG",2,0,0,=,,,3335,
3335,"10950","9_SG","2_SG",2,0,0,=,,,3336,
3336,"10950","9_SG","3_SG",2,1,0,=,,,3337,
3337,"10950","8_SG","26_SG",2,1,1,=,,,,
3338,"10952","2_SG","1_SG",2,0,0,=,,,3339,
3339,"10952","2_SG","2_SG",2,0,0,=,,,3340,
3340,"10952","2_SG","3_SG",2,0,0,=,,,3341,
3341,"10952","2_SG","4_SG",2,1,0,=,,,3342,
3342,"10952","1_SG","1_SG",2,0,0,=,,,3343,
3343,"10952","1_SG","2_SG",2,0,0,=,,,3344,
3344,"10952","1_SG","3_SG",2,1,0,=,,,3345,
3345,"10952","9_SG","1_SG",2,0,0,=,,,3346,
3346,"10952","9_SG","2_SG",2,0,0,=,,,3347,
3347,"10952","9_SG","3_SG",2,1,0,=,,,3348,
3348,"10952","8_SG","26_SG",2,1,1,=,,,,
3349,"11102","2_SG","1_SG",2,0,0,=,,,3350,
3350,"11102","2_SG","2_SG",2,0,0,=,,,3351,
3351,"11102","2_SG","3_SG",2,0,0,=,,,3352,
3352,"11102","2_SG","4_SG",2,1,0,=,,,3353,
3353,"11102","1_SG","1_SG",2,0,0,=,,,3354,
3354,"11102","1_SG","2_SG",2,0,0,=,,,3355,
3355,"11102","1_SG","3_SG",2,1,0,=,,,3356,
3356,"11102","9_SG","1_SG",2,0,0,=,,,3357,
3357,"11102","9_SG","2_SG",2,0,0,=,,,3358,
3358,"11102","9_SG","3_SG",2,1,0,=,,,3359,
3359,"11102","8_SG","26_SG",2,1,1,=,,,,
3360,"12702","2_SG","1_SG",2,0,0,=,,,3361,
3361,"12702","2_SG","2_SG",2,0,0,=,,,3362,
3362,"12702","2_SG","3_SG",2,0,0,=,,,3363,
3363,"12702","2_SG","4_SG",2,1,0,=,,,3364,
3364,"12702","1_SG","1_SG",2,0,0,=,,,3365,
3365,"12702","1_SG","2_SG",2,0,0,=,,,3366,
3366,"12702","1_SG","3_SG",2,1,0,=,,,3367,
3367,"12702","9_SG","1_SG",2,0,0,=,,,3368,
3368,"12702","9_SG","2_SG",2,0,0,=,,,3369,
3369,"12702","9_SG","3_SG",2,1,0,=,,,3370,
3370,"12702","8_SG","26_SG",2,1,1,=,,,,
3371,"12950","2_SG","1_SG",2,0,0,=,,,3372,
3372,"12950","2_SG","2_SG",2,0,0,=,,,3373,
3373,"12950","2_SG","3_SG",2,0,0,=,,,3374,
3374,"12950","2_SG","4_SG",2,1,0,=,,,3375,
3375,"12950","1_SG","1_SG",2,0,0,=,,,3376,
3376,"12950","1_SG","2_SG",2,0,0,=,,,3377,
3377,"12950","1_SG","3_SG",2,1,0,=,,,3378,
3378,"12950","9_SG","1_SG",2,0,0,=,,,3379,
3379,"12950","9_SG","2_SG",2,0,0,=,,,3380,
3380,"12950","9_SG","3_SG",2,1,0,=,,,3381,
3381,"12950","8_SG","26_SG",2,1,1,=,,,,
3382,"14754","2_SG","1_SG",2,0,0,=,,,3383,
3383,"14754","2_SG","2_SG",2,0,0,=,,,3384,
3384,"14754","2_SG","3_SG",2,0,0,=,,,3385,
3385,"14754","2_SG","4_SG",2,1,0,=,,,3386,
3386,"14754","1_SG","1_SG",2,0,0,=,,,3387,
3387,"14754","1_SG","2_SG",2,0,0,=,,,3388,
3388,"14754","1_SG","3_SG",2,1,0,=,,,3389,
3389,"14754","9_SG","1_SG",2,0,0,=,,,3390,
3390,"14754","9_SG","2_SG",2,0,0,=,,,3391,
3391,"14754","9_SG","3_SG",2,1,0,=,,,3392,
3392,"14754","8_SG","26_SG",2,1,1,=,,,,
3393,"14755","2_SG","1_SG",2,0,0,=,,,3394,
3394,"14755","2_SG","2_SG",2,0,0,=,,,3395,
3395,"14755","2_SG","3_SG",2,0,0,=,,,3396,
3396,"14755","2_SG","4_SG",2,1,0,=,,,3397,
3397,"14755","1_SG","1_SG",2,0,0,=,,,3398,
3398,"14755","1_SG","2_SG",2,0,0,=,,,3399,
3399,"14755","1_SG","3_SG",2,1,0,=,,,3400,
3400,"14755","9_SG","1_SG",2,0,0,=,,,3401,
3401,"14755","9_SG","2_SG",2,0,0,=,,,3402,
3402,"14755","9_SG","3_SG",2,1,0,=,,,3403,
3403,"14755","8_SG","26_SG",2,1,1,=,,,,
3404,"14950","2_SG","1_SG",2,0,0,=,,,3405,
3405,"14950","2_SG","2_SG",2,0,0,=,,,3406,
3406,"14950","2_SG","3_SG",2,0,0,=,,,3407,
3407,"14950","2_SG","4_SG",2,1,0,=,,,3408,
3408,"14950","1_SG","1_SG",2,0,0,=,,,3409,
3409,"14950","1_SG","2_SG",2,0,0,=,,,3410,
3410,"14950","1_SG","3_SG",2,1,0,=,,,3411,
3411,"14950","9_SG","1_SG",2,0,0,=,,,3412,
3412,"14950","9_SG","2_SG",2,0,0,=,,,3413,
3413,"14950","9_SG","3_SG",2,1,0,=,,,3414,
3414,"14950","8_SG","26_SG",2,1,1,=,,,,
3415,"14952","2_SG","1_SG",2,0,0,=,,,3416,
3416,"14952","2_SG","2_SG",2,0,0,=,,,3417,
3417,"14952","2_SG","3_SG",2,0,0,=,,,3418,
3418,"14952","2_SG","4_SG",2,1,0,=,,,3419,
3419,"14952","1_SG","1_SG",2,0,0,=,,,3420,
3420,"14952","1_SG","2_SG",2,0,0,=,,,3421,
3421,"14952","1_SG","3_SG",2,1,0,=,,,3422,
3422,"14952","9_SG","1_SG",2,0,0,=,,,3423,
3423,"14952","9_SG","2_SG",2,0,0,=,,,3424,
3424,"14952","9_SG","3_SG",2,1,0,=,,,3425,
3425,"14952","8_SG","26_SG",2,1,1,=,,,,
3437,"15950","2_SG","1_SG",2,0,0,=,,,3438,
3438,"15950","2_SG","2_SG",2,0,0,=,,,3439,
3439,"15950","2_SG","3_SG",2,0,0,=,,,3440,
3440,"15950","2_SG","4_SG",2,1,0,=,,,3441,
3441,"15950","1_SG","1_SG",2,0,0,=,,,3442,
3442,"15950","1_SG","2_SG",2,0,0,=,,,3443,
3443,"15950","1_SG","3_SG",2,1,0,=,,,3444,
3444,"15950","9_SG","1_SG",2,0,0,=,,,3445,
3445,"15950","9_SG","2_SG",2,0,0,=,,,3446,
3446,"15950","9_SG","3_SG",2,1,0,=,,,3447,
3447,"15950","8_SG","26_SG",2,1,1,=,,,,
3448,"16700","2_SG","1_SG",2,0,0,=,,,3449,
3449,"16700","2_SG","2_SG",2,0,0,=,,,3450,
3450,"16700","2_SG","3_SG",2,0,0,=,,,3451,
3451,"16700","2_SG","4_SG",2,1,0,=,,,3452,
3452,"16700","1_SG","1_SG",2,0,0,=,,,3453,
3453,"16700","1_SG","2_SG",2,0,0,=,,,3454,
3454,"16700","1_SG","3_SG",2,1,0,=,,,3455,
3455,"16700","9_SG","1_SG",2,0,0,=,,,3456,
3456,"16700","9_SG","2_SG",2,0,0,=,,,3457,
3457,"16700","9_SG","3_SG",2,1,0,=,,,3458,
3458,"16700","8_SG","26_SG",2,1,1,=,,,,
3459,"16702","2_SG","1_SG",2,0,0,=,,,3460,
3460,"16702","2_SG","2_SG",2,0,0,=,,,3461,
3461,"16702","2_SG","3_SG",2,0,0,=,,,3462,
3462,"16702","2_SG","4_SG",2,1,0,=,,,3463,
3463,"16702","1_SG","1_SG",2,0,0,=,,,3464,
3464,"16702","1_SG","2_SG",2,0,0,=,,,3465,
3465,"16702","1_SG","3_SG",2,1,0,=,,,3466,
3466,"16702","9_SG","1_SG",2,0,0,=,,,3467,
3467,"16702","9_SG","2_SG",2,0,0,=,,,3468,
3468,"16702","9_SG","3_SG",2,1,0,=,,,3469,
3469,"16702","8_SG","26_SG",2,1,1,=,,,,
3470,"16750","2_SG","1_SG",2,0,0,=,,,3471,
3471,"16750","2_SG","2_SG",2,0,0,=,,,3472,
3472,"16750","2_SG","3_SG",2,0,0,=,,,3473,
3473,"16750","2_SG","4_SG",2,1,0,=,,,3474,
3474,"16750","1_SG","1_SG",2,0,0,=,,,3475,
3475,"16750","1_SG","2_SG",2,0,0,=,,,3476,
3476,"16750","1_SG","3_SG",2,1,0,=,,,3477,
3477,"16750","9_SG","1_SG",2,0,0,=,,,3478,
3478,"16750","9_SG","2_SG",2,0,0,=,,,3479,
3479,"16750","9_SG","3_SG",2,1,0,=,,,3480,
3480,"16750","8_SG","26_SG",2,1,1,=,,,,
3481,"16950","2_SG","1_SG",2,0,0,=,,,3482,
3482,"16950","2_SG","2_SG",2,0,0,=,,,3483,
3483,"16950","2_SG","3_SG",2,0,0,=,,,3484,
3484,"16950","2_SG","4_SG",2,1,0,=,,,3485,
3485,"16950","1_SG","1_SG",2,0,0,=,,,3486,
3486,"16950","1_SG","2_SG",2,0,0,=,,,3487,
3487,"16950","1_SG","3_SG",2,1,0,=,,,3488,
3488,"16950","9_SG","1_SG",2,0,0,=,,,3489,
3489,"16950","9_SG","2_SG",2,0,0,=,,,3490,
3490,"16950","9_SG","3_SG",2,1,0,=,,,3491,
3491,"16950","8_SG","26_SG",2,1,1,=,,,,
3492,"177_SG","2_SG","1_SG",2,0,0,=,,,3493,
3493,"177_SG","2_SG","2_SG",2,0,0,=,,,3494,
3494,"177_SG","2_SG","3_SG",2,0,0,=,,,3495,
3495,"177_SG","2_SG","4_SG",2,1,0,=,,,3496,
3496,"177_SG","1_SG","1_SG",2,0,0,=,,,3497,
3497,"177_SG","1_SG","2_SG",2,0,0,=,,,3498,
3498,"177_SG","1_SG","3_SG",2,1,0,=,,,3499,
3499,"177_SG","9_SG","1_SG",2,0,0,=,,,3500,
3500,"177_SG","9_SG","2_SG",2,0,0,=,,,3501,
3501,"177_SG","9_SG","3_SG",2,1,0,=,,,3502,
3502,"177_SG","8_SG","26_SG",2,1,1,=,,,,
3503,"17702","2_SG","1_SG",2,0,0,=,,,3504,
3504,"17702","2_SG","2_SG",2,0,0,=,,,3505,
3505,"17702","2_SG","3_SG",2,0,0,=,,,3506,
3506,"17702","2_SG","4_SG",2,1,0,=,,,3507,
3507,"17702","1_SG","1_SG",2,0,0,=,,,3508,
3508,"17702","1_SG","2_SG",2,0,0,=,,,3509,
3509,"17702","1_SG","3_SG",2,1,0,=,,,3510,
3510,"17702","9_SG","1_SG",2,0,0,=,,,3511,
3511,"17702","9_SG","2_SG",2,0,0,=,,,3512,
3512,"17702","9_SG","3_SG",2,1,0,=,,,3513,
3513,"17702","8_SG","26_SG",2,1,1,=,,,,
3514,"17752","2_SG","1_SG",2,0,0,=,,,3515,
3515,"17752","2_SG","2_SG",2,0,0,=,,,3516,
3516,"17752","2_SG","3_SG",2,0,0,=,,,3517,
3517,"17752","2_SG","4_SG",2,1,0,=,,,3518,
3518,"17752","1_SG","1_SG",2,0,0,=,,,3519,
3519,"17752","1_SG","2_SG",2,0,0,=,,,3520,
3520,"17752","1_SG","3_SG",2,1,0,=,,,3521,
3521,"17752","9_SG","1_SG",2,0,0,=,,,3522,
3522,"17752","9_SG","2_SG",2,0,0,=,,,3523,
3523,"17752","9_SG","3_SG",2,1,0,=,,,3524,
3524,"17752","8_SG","26_SG",2,1,1,=,,,,
3525,"17756","2_SG","1_SG",2,0,0,=,,,3526,
3526,"17756","2_SG","2_SG",2,0,0,=,,,3527,
3527,"17756","2_SG","3_SG",2,0,0,=,,,3528,
3528,"17756","2_SG","4_SG",2,1,0,=,,,3529,
3529,"17756","1_SG","1_SG",2,0,0,=,,,3530,
3530,"17756","1_SG","2_SG",2,0,0,=,,,3531,
3531,"17756","1_SG","3_SG",2,1,0,=,,,3532,
3532,"17756","9_SG","1_SG",2,0,0,=,,,3533,
3533,"17756","9_SG","2_SG",2,0,0,=,,,3534,
3534,"17756","9_SG","3_SG",2,1,0,=,,,3535,
3535,"17756","8_SG","26_SG",2,1,1,=,,,,
3536,"17950","2_SG","1_SG",2,0,0,=,,,3537,
3537,"17950","2_SG","2_SG",2,0,0,=,,,3538,
3538,"17950","2_SG","3_SG",2,0,0,=,,,3539,
3539,"17950","2_SG","4_SG",2,1,0,=,,,3540,
3540,"17950","1_SG","1_SG",2,0,0,=,,,3541,
3541,"17950","1_SG","2_SG",2,0,0,=,,,3542,
3542,"17950","1_SG","3_SG",2,1,0,=,,,3543,
3543,"17950","9_SG","1_SG",2,0,0,=,,,3544,
3544,"17950","9_SG","2_SG",2,0,0,=,,,3545,
3545,"17950","9_SG","3_SG",2,1,0,=,,,3546,
3546,"17950","8_SG","26_SG",2,1,1,=,,,,
3547,"17952","2_SG","1_SG",2,0,0,=,,,3548,
3548,"17952","2_SG","2_SG",2,0,0,=,,,3549,
3549,"17952","2_SG","3_SG",2,0,0,=,,,3550,
3550,"17952","2_SG","4_SG",2,1,0,=,,,3551,
3551,"17952","1_SG","1_SG",2,0,0,=,,,3552,
3552,"17952","1_SG","2_SG",2,0,0,=,,,3553,
3553,"17952","1_SG","3_SG",2,1,0,=,,,3554,
3554,"17952","9_SG","1_SG",2,0,0,=,,,3555,
3555,"17952","9_SG","2_SG",2,0,0,=,,,3556,
3556,"17952","9_SG","3_SG",2,1,0,=,,,3557,
3557,"17952","8_SG","26_SG",2,1,1,=,,,,
3558,"186_SG","2_SG","1_SG",2,0,0,=,,,3559,
3559,"186_SG","2_SG","2_SG",2,0,0,=,,,3560,
3560,"186_SG","2_SG","3_SG",2,0,0,=,,,3561,
3561,"186_SG","2_SG","4_SG",2,1,0,=,,,3562,
3562,"186_SG","1_SG","1_SG",2,0,0,=,,,3563,
3563,"186_SG","1_SG","2_SG",2,0,0,=,,,3564,
3564,"186_SG","1_SG","3_SG",2,1,0,=,,,3565,
3565,"186_SG","9_SG","1_SG",2,0,0,=,,,3566,
3566,"186_SG","9_SG","2_SG",2,0,0,=,,,3567,
3567,"186_SG","9_SG","3_SG",2,1,0,=,,,3568,
3568,"186_SG","8_SG","26_SG",2,1,1,=,,,,
3569,"189_SG","2_SG","1_SG",2,0,0,=,,,3570,
3570,"189_SG","2_SG","2_SG",2,0,0,=,,,3571,
3571,"189_SG","2_SG","3_SG",2,0,0,=,,,3572,
3572,"189_SG","2_SG","4_SG",2,1,0,=,,,3573,
3573,"189_SG","1_SG","1_SG",2,0,0,=,,,3574,
3574,"189_SG","1_SG","2_SG",2,0,0,=,,,3575,
3575,"189_SG","1_SG","3_SG",2,1,0,=,,,3576,
3576,"189_SG","9_SG","1_SG",2,0,0,=,,,3577,
3577,"189_SG","9_SG","2_SG",2,0,0,=,,,3578,
3578,"189_SG","9_SG","3_SG",2,1,0,=,,,3579,
3579,"189_SG","8_SG","26_SG",2,1,1,=,,,,
3580,"205_SG","2_SG","1_SG",2,0,0,=,,,3581,
3581,"205_SG","2_SG","2_SG",2,0,0,=,,,3582,
3582,"205_SG","2_SG","3_SG",2,0,0,=,,,3583,
3583,"205_SG","2_SG","4_SG",2,1,0,=,,,3584,
3584,"205_SG","1_SG","1_SG",2,0,0,=,,,3585,
3585,"205_SG","1_SG","2_SG",2,0,0,=,,,3586,
3586,"205_SG","1_SG","3_SG",2,1,0,=,,,3587,
3587,"205_SG","9_SG","1_SG",2,0,0,=,,,3588,
3588,"205_SG","9_SG","2_SG",2,0,0,=,,,3589,
3589,"205_SG","9_SG","3_SG",2,1,0,=,,,3590,
3590,"205_SG","8_SG","26_SG",2,1,1,=,,,,
3591,"211_SG","2_SG","1_SG",2,0,0,=,,,3592,
3592,"211_SG","2_SG","2_SG",2,0,0,=,,,3593,
3593,"211_SG","2_SG","3_SG",2,0,0,=,,,3594,
3594,"211_SG","2_SG","4_SG",2,1,0,=,,,3595,
3595,"211_SG","1_SG","1_SG",2,0,0,=,,,3596,
3596,"211_SG","1_SG","2_SG",2,0,0,=,,,3597,
3597,"211_SG","1_SG","3_SG",2,1,0,=,,,3598,
3598,"211_SG","9_SG","1_SG",2,0,0,=,,,3599,
3599,"211_SG","9_SG","2_SG",2,0,0,=,,,3600,
3600,"211_SG","9_SG","3_SG",2,1,0,=,,,3601,
3601,"211_SG","8_SG","26_SG",2,1,1,=,,,,
3602,"213_SG","2_SG","1_SG",2,0,0,=,,,3603,
3603,"213_SG","2_SG","2_SG",2,0,0,=,,,3604,
3604,"213_SG","2_SG","3_SG",2,0,0,=,,,3605,
3605,"213_SG","2_SG","4_SG",2,1,0,=,,,3606,
3606,"213_SG","1_SG","1_SG",2,0,0,=,,,3607,
3607,"213_SG","1_SG","2_SG",2,0,0,=,,,3608,
3608,"213_SG","1_SG","3_SG",2,1,0,=,,,3609,
3609,"213_SG","9_SG","1_SG",2,0,0,=,,,3610,
3610,"213_SG","9_SG","2_SG",2,0,0,=,,,3611,
3611,"213_SG","9_SG","3_SG",2,1,0,=,,,3612,
3612,"213_SG","8_SG","26_SG",2,1,1,=,,,,
3613,"214_SG","2_SG","1_SG",2,0,0,=,,,3614,
3614,"214_SG","2_SG","2_SG",2,0,0,=,,,3615,
3615,"214_SG","2_SG","3_SG",2,0,0,=,,,3616,
3616,"214_SG","2_SG","4_SG",2,1,0,=,,,3617,
3617,"214_SG","1_SG","1_SG",2,0,0,=,,,3618,
3618,"214_SG","1_SG","2_SG",2,0,0,=,,,3619,
3619,"214_SG","1_SG","3_SG",2,1,0,=,,,3620,
3620,"214_SG","9_SG","1_SG",2,0,0,=,,,3621,
3621,"214_SG","9_SG","2_SG",2,0,0,=,,,3622,
3622,"214_SG","9_SG","3_SG",2,1,0,=,,,3623,
3623,"214_SG","8_SG","26_SG",2,1,1,=,,,,
3624,"21556","2_SG","1_SG",2,0,0,=,,,3625,
3625,"21556","2_SG","2_SG",2,0,0,=,,,3626,
3626,"21556","2_SG","3_SG",2,0,0,=,,,3627,
3627,"21556","2_SG","4_SG",2,1,0,=,,,3628,
3628,"21556","1_SG","1_SG",2,0,0,=,,,3629,
3629,"21556","1_SG","2_SG",2,0,0,=,,,3630,
3630,"21556","1_SG","3_SG",2,1,0,=,,,3631,
3631,"21556","9_SG","1_SG",2,0,0,=,,,3632,
3632,"21556","9_SG","2_SG",2,0,0,=,,,3633,
3633,"21556","9_SG","3_SG",2,1,0,=,,,3634,
3634,"21556","8_SG","26_SG",2,1,1,=,,,,
3635,"21752","2_SG","1_SG",2,0,0,=,,,3636,
3636,"21752","2_SG","2_SG",2,0,0,=,,,3637,
3637,"21752","2_SG","3_SG",2,0,0,=,,,3638,
3638,"21752","2_SG","4_SG",2,1,0,=,,,3639,
3639,"21752","1_SG","1_SG",2,0,0,=,,,3640,
3640,"21752","1_SG","2_SG",2,0,0,=,,,3641,
3641,"21752","1_SG","3_SG",2,1,0,=,,,3642,
3642,"21752","9_SG","1_SG",2,0,0,=,,,3643,
3643,"21752","9_SG","2_SG",2,0,0,=,,,3644,
3644,"21752","9_SG","3_SG",2,1,0,=,,,3645,
3645,"21752","8_SG","26_SG",2,1,1,=,,,,
3646,"23452","2_SG","1_SG",2,0,0,=,,,3647,
3647,"23452","2_SG","2_SG",2,0,0,=,,,3648,
3648,"23452","2_SG","3_SG",2,0,0,=,,,3649,
3649,"23452","2_SG","4_SG",2,1,0,=,,,3650,
3650,"23452","1_SG","1_SG",2,0,0,=,,,3651,
3651,"23452","1_SG","2_SG",2,0,0,=,,,3652,
3652,"23452","1_SG","3_SG",2,1,0,=,,,3653,
3653,"23452","9_SG","1_SG",2,0,0,=,,,3654,
3654,"23452","9_SG","2_SG",2,0,0,=,,,3655,
3655,"23452","9_SG","3_SG",2,1,0,=,,,3656,
3656,"23452","8_SG","26_SG",2,1,1,=,,,,
3657,"23550","2_SG","1_SG",2,0,0,=,,,3658,
3658,"23550","2_SG","2_SG",2,0,0,=,,,3659,
3659,"23550","2_SG","3_SG",2,0,0,=,,,3660,
3660,"23550","2_SG","4_SG",2,1,0,=,,,3661,
3661,"23550","1_SG","1_SG",2,0,0,=,,,3662,
3662,"23550","1_SG","2_SG",2,0,0,=,,,3663,
3663,"23550","1_SG","3_SG",2,1,0,=,,,3664,
3664,"23550","9_SG","1_SG",2,0,0,=,,,3665,
3665,"23550","9_SG","2_SG",2,0,0,=,,,3666,
3666,"23550","9_SG","3_SG",2,1,0,=,,,3667,
3667,"23550","8_SG","26_SG",2,1,1,=,,,,
3668,"23552","2_SG","1_SG",2,0,0,=,,,3669,
3669,"23552","2_SG","2_SG",2,0,0,=,,,3670,
3670,"23552","2_SG","3_SG",2,0,0,=,,,3671,
3671,"23552","2_SG","4_SG",2,1,0,=,,,3672,
3672,"23552","1_SG","1_SG",2,0,0,=,,,3673,
3673,"23552","1_SG","2_SG",2,0,0,=,,,3674,
3674,"23552","1_SG","3_SG",2,1,0,=,,,3675,
3675,"23552","9_SG","1_SG",2,0,0,=,,,3676,
3676,"23552","9_SG","2_SG",2,0,0,=,,,3677,
3677,"23552","9_SG","3_SG",2,1,0,=,,,3678,
3678,"23552","8_SG","26_SG",2,1,1,=,,,,
3679,"23704","2_SG","1_SG",2,0,0,=,,,3680,
3680,"23704","2_SG","2_SG",2,0,0,=,,,3681,
3681,"23704","2_SG","3_SG",2,0,0,=,,,3682,
3682,"23704","2_SG","4_SG",2,1,0,=,,,3683,
3683,"23704","1_SG","1_SG",2,0,0,=,,,3684,
3684,"23704","1_SG","2_SG",2,0,0,=,,,3685,
3685,"23704","1_SG","3_SG",2,1,0,=,,,3686,
3686,"23704","9_SG","1_SG",2,0,0,=,,,3687,
3687,"23704","9_SG","2_SG",2,0,0,=,,,3688,
3688,"23704","9_SG","3_SG",2,1,0,=,,,3689,
3689,"23704","8_SG","26_SG",2,1,1,=,,,,
3690,"23752","2_SG","1_SG",2,0,0,=,,,3691,
3691,"23752","2_SG","2_SG",2,0,0,=,,,3692,
3692,"23752","2_SG","3_SG",2,0,0,=,,,3693,
3693,"23752","2_SG","4_SG",2,1,0,=,,,3694,
3694,"23752","1_SG","1_SG",2,0,0,=,,,3695,
3695,"23752","1_SG","2_SG",2,0,0,=,,,3696,
3696,"23752","1_SG","3_SG",2,1,0,=,,,3697,
3697,"23752","9_SG","1_SG",2,0,0,=,,,3698,
3698,"23752","9_SG","2_SG",2,0,0,=,,,3699,
3699,"23752","9_SG","3_SG",2,1,0,=,,,3700,
3700,"23752","8_SG","26_SG",2,1,1,=,,,,
3701,"23854","2_SG","1_SG",2,0,0,=,,,3702,
3702,"23854","2_SG","2_SG",2,0,0,=,,,3703,
3703,"23854","2_SG","3_SG",2,0,0,=,,,3704,
3704,"23854","2_SG","4_SG",2,1,0,=,,,3705,
3705,"23854","1_SG","1_SG",2,0,0,=,,,3706,
3706,"23854","1_SG","2_SG",2,0,0,=,,,3707,
3707,"23854","1_SG","3_SG",2,1,0,=,,,3708,
3708,"23854","9_SG","1_SG",2,0,0,=,,,3709,
3709,"23854","9_SG","2_SG",2,0,0,=,,,3710,
3710,"23854","9_SG","3_SG",2,1,0,=,,,3711,
3711,"23854","8_SG","26_SG",2,1,1,=,,,,
3712,"23900","2_SG","1_SG",2,0,0,=,,,3713,
3713,"23900","2_SG","2_SG",2,0,0,=,,,3714,
3714,"23900","2_SG","3_SG",2,0,0,=,,,3715,
3715,"23900","2_SG","4_SG",2,1,0,=,,,3716,
3716,"23900","1_SG","1_SG",2,0,0,=,,,3717,
3717,"23900","1_SG","2_SG",2,0,0,=,,,3718,
3718,"23900","1_SG","3_SG",2,1,0,=,,,3719,
3719,"23900","9_SG","1_SG",2,0,0,=,,,3720,
3720,"23900","9_SG","2_SG",2,0,0,=,,,3721,
3721,"23900","9_SG","3_SG",2,1,0,=,,,3722,
3722,"23900","8_SG","26_SG",2,1,1,=,,,,
3723,"23902","2_SG","1_SG",2,0,0,=,,,3724,
3724,"23902","2_SG","2_SG",2,0,0,=,,,3725,
3725,"23902","2_SG","3_SG",2,0,0,=,,,3726,
3726,"23902","2_SG","4_SG",2,1,0,=,,,3727,
3727,"23902","1_SG","1_SG",2,0,0,=,,,3728,
3728,"23902","1_SG","2_SG",2,0,0,=,,,3729,
3729,"23902","1_SG","3_SG",2,1,0,=,,,3730,
3730,"23902","9_SG","1_SG",2,0,0,=,,,3731,
3731,"23902","9_SG","2_SG",2,0,0,=,,,3732,
3732,"23902","9_SG","3_SG",2,1,0,=,,,3733,
3733,"23902","8_SG","26_SG",2,1,1,=,,,,
3734,"23950","2_SG","1_SG",2,0,0,=,,,3735,
3735,"23950","2_SG","2_SG",2,0,0,=,,,3736,
3736,"23950","2_SG","3_SG",2,0,0,=,,,3737,
3737,"23950","2_SG","4_SG",2,1,0,=,,,3738,
3738,"23950","1_SG","1_SG",2,0,0,=,,,3739,
3739,"23950","1_SG","2_SG",2,0,0,=,,,3740,
3740,"23950","1_SG","3_SG",2,1,0,=,,,3741,
3741,"23950","9_SG","1_SG",2,0,0,=,,,3742,
3742,"23950","9_SG","2_SG",2,0,0,=,,,3743,
3743,"23950","9_SG","3_SG",2,1,0,=,,,3744,
3744,"23950","8_SG","26_SG",2,1,1,=,,,,
3745,"23952","2_SG","1_SG",2,0,0,=,,,3746,
3746,"23952","2_SG","2_SG",2,0,0,=,,,3747,
3747,"23952","2_SG","3_SG",2,0,0,=,,,3748,
3748,"23952","2_SG","4_SG",2,1,0,=,,,3749,
3749,"23952","1_SG","1_SG",2,0,0,=,,,3750,
3750,"23952","1_SG","2_SG",2,0,0,=,,,3751,
3751,"23952","1_SG","3_SG",2,1,0,=,,,3752,
3752,"23952","9_SG","1_SG",2,0,0,=,,,3753,
3753,"23952","9_SG","2_SG",2,0,0,=,,,3754,
3754,"23952","9_SG","3_SG",2,1,0,=,,,3755,
3755,"23952","8_SG","26_SG",2,1,1,=,,,,
3756,"24554","2_SG","1_SG",2,0,0,=,,,3757,
3757,"24554","2_SG","2_SG",2,0,0,=,,,3758,
3758,"24554","2_SG","3_SG",2,0,0,=,,,3759,
3759,"24554","2_SG","4_SG",2,1,0,=,,,3760,
3760,"24554","1_SG","1_SG",2,0,0,=,,,3761,
3761,"24554","1_SG","2_SG",2,0,0,=,,,3762,
3762,"24554","1_SG","3_SG",2,1,0,=,,,3763,
3763,"24554","9_SG","1_SG",2,0,0,=,,,3764,
3764,"24554","9_SG","2_SG",2,0,0,=,,,3765,
3765,"24554","9_SG","3_SG",2,1,0,=,,,3766,
3766,"24554","8_SG","26_SG",2,1,1,=,,,,
3767,"24652","2_SG","1_SG",2,0,0,=,,,3768,
3768,"24652","2_SG","2_SG",2,0,0,=,,,3769,
3769,"24652","2_SG","3_SG",2,0,0,=,,,3770,
3770,"24652","2_SG","4_SG",2,1,0,=,,,3771,
3771,"24652","1_SG","1_SG",2,0,0,=,,,3772,
3772,"24652","1_SG","2_SG",2,0,0,=,,,3773,
3773,"24652","1_SG","3_SG",2,1,0,=,,,3774,
3774,"24652","9_SG","1_SG",2,0,0,=,,,3775,
3775,"24652","9_SG","2_SG",2,0,0,=,,,3776,
3776,"24652","9_SG","3_SG",2,1,0,=,,,3777,
3777,"24652","8_SG","26_SG",2,1,1,=,,,,
3778,"25550","2_SG","1_SG",2,0,0,=,,,3779,
3779,"25550","2_SG","2_SG",2,0,0,=,,,3780,
3780,"25550","2_SG","3_SG",2,0,0,=,,,3781,
3781,"25550","2_SG","4_SG",2,1,0,=,,,3782,
3782,"25550","1_SG","1_SG",2,0,0,=,,,3783,
3783,"25550","1_SG","2_SG",2,0,0,=,,,3784,
3784,"25550","1_SG","3_SG",2,1,0,=,,,3785,
3785,"25550","9_SG","1_SG",2,0,0,=,,,3786,
3786,"25550","9_SG","2_SG",2,0,0,=,,,3787,
3787,"25550","9_SG","3_SG",2,1,0,=,,,3788,
3788,"25550","8_SG","26_SG",2,1,1,=,,,,
3789,"25752","2_SG","1_SG",2,0,0,=,,,3790,
3790,"25752","2_SG","2_SG",2,0,0,=,,,3791,
3791,"25752","2_SG","3_SG",2,0,0,=,,,3792,
3792,"25752","2_SG","4_SG",2,1,0,=,,,3793,
3793,"25752","1_SG","1_SG",2,0,0,=,,,3794,
3794,"25752","1_SG","2_SG",2,0,0,=,,,3795,
3795,"25752","1_SG","3_SG",2,1,0,=,,,3796,
3796,"25752","9_SG","1_SG",2,0,0,=,,,3797,
3797,"25752","9_SG","2_SG",2,0,0,=,,,3798,
3798,"25752","9_SG","3_SG",2,1,0,=,,,3799,
3799,"25752","8_SG","26_SG",2,1,1,=,,,,
3800,"259_SG","2_SG","1_SG",2,0,0,=,,,3801,
3801,"259_SG","2_SG","2_SG",2,0,0,=,,,3802,
3802,"259_SG","2_SG","3_SG",2,0,0,=,,,3803,
3803,"259_SG","2_SG","4_SG",2,1,0,=,,,3804,
3804,"259_SG","1_SG","1_SG",2,0,0,=,,,3805,
3805,"259_SG","1_SG","2_SG",2,0,0,=,,,3806,
3806,"259_SG","1_SG","3_SG",2,1,0,=,,,3807,
3807,"259_SG","9_SG","1_SG",2,0,0,=,,,3808,
3808,"259_SG","9_SG","2_SG",2,0,0,=,,,3809,
3809,"259_SG","9_SG","3_SG",2,1,0,=,,,3810,
3810,"259_SG","8_SG","26_SG",2,1,1,=,,,,
3811,"26552","2_SG","1_SG",2,0,0,=,,,3812,
3812,"26552","2_SG","2_SG",2,0,0,=,,,3813,
3813,"26552","2_SG","3_SG",2,0,0,=,,,3814,
3814,"26552","2_SG","4_SG",2,1,0,=,,,3815,
3815,"26552","1_SG","1_SG",2,0,0,=,,,3816,
3816,"26552","1_SG","2_SG",2,0,0,=,,,3817,
3817,"26552","1_SG","3_SG",2,1,0,=,,,3818,
3818,"26552","9_SG","1_SG",2,0,0,=,,,3819,
3819,"26552","9_SG","2_SG",2,0,0,=,,,3820,
3820,"26552","9_SG","3_SG",2,1,0,=,,,3821,
3821,"26552","8_SG","26_SG",2,1,1,=,,,,
3822,"26700","2_SG","1_SG",2,0,0,=,,,3823,
3823,"26700","2_SG","2_SG",2,0,0,=,,,3824,
3824,"26700","2_SG","3_SG",2,0,0,=,,,3825,
3825,"26700","2_SG","4_SG",2,1,0,=,,,3826,
3826,"26700","1_SG","1_SG",2,0,0,=,,,3827,
3827,"26700","1_SG","2_SG",2,0,0,=,,,3828,
3828,"26700","1_SG","3_SG",2,1,0,=,,,3829,
3829,"26700","9_SG","1_SG",2,0,0,=,,,3830,
3830,"26700","9_SG","2_SG",2,0,0,=,,,3831,
3831,"26700","9_SG","3_SG",2,1,0,=,,,3832,
3832,"26700","8_SG","26_SG",2,1,1,=,,,,
3833,"26752","2_SG","1_SG",2,0,0,=,,,3834,
3834,"26752","2_SG","2_SG",2,0,0,=,,,3835,
3835,"26752","2_SG","3_SG",2,0,0,=,,,3836,
3836,"26752","2_SG","4_SG",2,1,0,=,,,3837,
3837,"26752","1_SG","1_SG",2,0,0,=,,,3838,
3838,"26752","1_SG","2_SG",2,0,0,=,,,3839,
3839,"26752","1_SG","3_SG",2,1,0,=,,,3840,
3840,"26752","9_SG","1_SG",2,0,0,=,,,3841,
3841,"26752","9_SG","2_SG",2,0,0,=,,,3842,
3842,"26752","9_SG","3_SG",2,1,0,=,,,3843,
3843,"26752","8_SG","26_SG",2,1,1,=,,,,
3844,"26950","2_SG","1_SG",2,0,0,=,,,3845,
3845,"26950","2_SG","2_SG",2,0,0,=,,,3846,
3846,"26950","2_SG","3_SG",2,0,0,=,,,3847,
3847,"26950","2_SG","4_SG",2,1,0,=,,,3848,
3848,"26950","1_SG","1_SG",2,0,0,=,,,3849,
3849,"26950","1_SG","2_SG",2,0,0,=,,,3850,
3850,"26950","1_SG","3_SG",2,1,0,=,,,3851,
3851,"26950","9_SG","1_SG",2,0,0,=,,,3852,
3852,"26950","9_SG","2_SG",2,0,0,=,,,3853,
3853,"26950","9_SG","3_SG",2,1,0,=,,,3854,
3854,"26950","8_SG","26_SG",2,1,1,=,,,,
3855,"275_SG","2_SG","1_SG",2,0,0,=,,,3856,
3856,"275_SG","2_SG","2_SG",2,0,0,=,,,3857,
3857,"275_SG","2_SG","3_SG",2,0,0,=,,,3858,
3858,"275_SG","2_SG","4_SG",2,1,0,=,,,3859,
3859,"275_SG","1_SG","1_SG",2,0,0,=,,,3860,
3860,"275_SG","1_SG","2_SG",2,0,0,=,,,3861,
3861,"275_SG","1_SG","3_SG",2,1,0,=,,,3862,
3862,"275_SG","9_SG","1_SG",2,0,0,=,,,3863,
3863,"275_SG","9_SG","2_SG",2,0,0,=,,,3864,
3864,"275_SG","9_SG","3_SG",2,1,0,=,,,3865,
3865,"275_SG","8_SG","26_SG",2,1,1,=,,,,
3866,"27702","2_SG","1_SG",2,0,0,=,,,3867,
3867,"27702","2_SG","2_SG",2,0,0,=,,,3868,
3868,"27702","2_SG","3_SG",2,0,0,=,,,3869,
3869,"27702","2_SG","4_SG",2,1,0,=,,,3870,
3870,"27702","1_SG","1_SG",2,0,0,=,,,3871,
3871,"27702","1_SG","2_SG",2,0,0,=,,,3872,
3872,"27702","1_SG","3_SG",2,1,0,=,,,3873,
3873,"27702","9_SG","1_SG",2,0,0,=,,,3874,
3874,"27702","9_SG","2_SG",2,0,0,=,,,3875,
3875,"27702","9_SG","3_SG",2,1,0,=,,,3876,
3876,"27702","8_SG","26_SG",2,1,1,=,,,,
3877,"284_SG","2_SG","1_SG",2,0,0,=,,,3878,
3878,"284_SG","2_SG","2_SG",2,0,0,=,,,3879,
3879,"284_SG","2_SG","3_SG",2,0,0,=,,,3880,
3880,"284_SG","2_SG","4_SG",2,1,0,=,,,3881,
3881,"284_SG","1_SG","1_SG",2,0,0,=,,,3882,
3882,"284_SG","1_SG","2_SG",2,0,0,=,,,3883,
3883,"284_SG","1_SG","3_SG",2,1,0,=,,,3884,
3884,"284_SG","9_SG","1_SG",2,0,0,=,,,3885,
3885,"284_SG","9_SG","2_SG",2,0,0,=,,,3886,
3886,"284_SG","9_SG","3_SG",2,1,0,=,,,3887,
3887,"284_SG","8_SG","26_SG",2,1,1,=,,,,
3888,"285_SG","2_SG","1_SG",2,0,0,=,,,3889,
3889,"285_SG","2_SG","2_SG",2,0,0,=,,,3890,
3890,"285_SG","2_SG","3_SG",2,0,0,=,,,3891,
3891,"285_SG","2_SG","4_SG",2,1,0,=,,,3892,
3892,"285_SG","1_SG","1_SG",2,0,0,=,,,3893,
3893,"285_SG","1_SG","2_SG",2,0,0,=,,,3894,
3894,"285_SG","1_SG","3_SG",2,1,0,=,,,3895,
3895,"285_SG","9_SG","1_SG",2,0,0,=,,,3896,
3896,"285_SG","9_SG","2_SG",2,0,0,=,,,3897,
3897,"285_SG","9_SG","3_SG",2,1,0,=,,,3898,
3898,"285_SG","8_SG","26_SG",2,1,1,=,,,,
3899,"28552","2_SG","1_SG",2,0,0,=,,,3900,
3900,"28552","2_SG","2_SG",2,0,0,=,,,3901,
3901,"28552","2_SG","3_SG",2,0,0,=,,,3902,
3902,"28552","2_SG","4_SG",2,1,0,=,,,3903,
3903,"28552","1_SG","1_SG",2,0,0,=,,,3904,
3904,"28552","1_SG","2_SG",2,0,0,=,,,3905,
3905,"28552","1_SG","3_SG",2,1,0,=,,,3906,
3906,"28552","9_SG","1_SG",2,0,0,=,,,3907,
3907,"28552","9_SG","2_SG",2,0,0,=,,,3908,
3908,"28552","9_SG","3_SG",2,1,0,=,,,3909,
3909,"28552","8_SG","26_SG",2,1,1,=,,,,
3910,"286_SG","2_SG","1_SG",2,0,0,=,,,3911,
3911,"286_SG","2_SG","2_SG",2,0,0,=,,,3912,
3912,"286_SG","2_SG","3_SG",2,0,0,=,,,3913,
3913,"286_SG","2_SG","4_SG",2,1,0,=,,,3914,
3914,"286_SG","1_SG","1_SG",2,0,0,=,,,3915,
3915,"286_SG","1_SG","2_SG",2,0,0,=,,,3916,
3916,"286_SG","1_SG","3_SG",2,1,0,=,,,3917,
3917,"286_SG","9_SG","1_SG",2,0,0,=,,,3918,
3918,"286_SG","9_SG","2_SG",2,0,0,=,,,3919,
3919,"286_SG","9_SG","3_SG",2,1,0,=,,,3920,
3920,"286_SG","8_SG","26_SG",2,1,1,=,,,,
3921,"292_SG","2_SG","1_SG",2,0,0,=,,,3922,
3922,"292_SG","2_SG","2_SG",2,0,0,=,,,3923,
3923,"292_SG","2_SG","3_SG",2,0,0,=,,,3924,
3924,"292_SG","2_SG","4_SG",2,1,0,=,,,3925,
3925,"292_SG","1_SG","1_SG",2,0,0,=,,,3926,
3926,"292_SG","1_SG","2_SG",2,0,0,=,,,3927,
3927,"292_SG","1_SG","3_SG",2,1,0,=,,,3928,
3928,"292_SG","9_SG","1_SG",2,0,0,=,,,3929,
3929,"292_SG","9_SG","2_SG",2,0,0,=,,,3930,
3930,"292_SG","9_SG","3_SG",2,1,0,=,,,3931,
3931,"292_SG","8_SG","26_SG",2,1,1,=,,,,
3932,"29652","2_SG","1_SG",2,0,0,=,,,3933,
3933,"29652","2_SG","2_SG",2,0,0,=,,,3934,
3934,"29652","2_SG","3_SG",2,0,0,=,,,3935,
3935,"29652","2_SG","4_SG",2,1,0,=,,,3936,
3936,"29652","1_SG","1_SG",2,0,0,=,,,3937,
3937,"29652","1_SG","2_SG",2,0,0,=,,,3938,
3938,"29652","1_SG","3_SG",2,1,0,=,,,3939,
3939,"29652","9_SG","1_SG",2,0,0,=,,,3940,
3940,"29652","9_SG","2_SG",2,0,0,=,,,3941,
3941,"29652","9_SG","3_SG",2,1,0,=,,,3942,
3942,"29652","8_SG","26_SG",2,1,1,=,,,,
3943,"29700","2_SG","1_SG",2,0,0,=,,,3944,
3944,"29700","2_SG","2_SG",2,0,0,=,,,3945,
3945,"29700","2_SG","3_SG",2,0,0,=,,,3946,
3946,"29700","2_SG","4_SG",2,1,0,=,,,3947,
3947,"29700","1_SG","1_SG",2,0,0,=,,,3948,
3948,"29700","1_SG","2_SG",2,0,0,=,,,3949,
3949,"29700","1_SG","3_SG",2,1,0,=,,,3950,
3950,"29700","9_SG","1_SG",2,0,0,=,,,3951,
3951,"29700","9_SG","2_SG",2,0,0,=,,,3952,
3952,"29700","9_SG","3_SG",2,1,0,=,,,3953,
3953,"29700","8_SG","26_SG",2,1,1,=,,,,
3954,"29902","2_SG","1_SG",2,0,0,=,,,3955,
3955,"29902","2_SG","2_SG",2,0,0,=,,,3956,
3956,"29902","2_SG","3_SG",2,0,0,=,,,3957,
3957,"29902","2_SG","4_SG",2,1,0,=,,,3958,
3958,"29902","1_SG","1_SG",2,0,0,=,,,3959,
3959,"29902","1_SG","2_SG",2,0,0,=,,,3960,
3960,"29902","1_SG","3_SG",2,1,0,=,,,3961,
3961,"29902","9_SG","1_SG",2,0,0,=,,,3962,
3962,"29902","9_SG","2_SG",2,0,0,=,,,3963,
3963,"29902","9_SG","3_SG",2,1,0,=,,,3964,
3964,"29902","8_SG","26_SG",2,1,1,=,,,,
3965,"29904","2_SG","1_SG",2,0,0,=,,,3966,
3966,"29904","2_SG","2_SG",2,0,0,=,,,3967,
3967,"29904","2_SG","3_SG",2,0,0,=,,,3968,
3968,"29904","2_SG","4_SG",2,1,0,=,,,3969,
3969,"29904","1_SG","1_SG",2,0,0,=,,,3970,
3970,"29904","1_SG","2_SG",2,0,0,=,,,3971,
3971,"29904","1_SG","3_SG",2,1,0,=,,,3972,
3972,"29904","9_SG","1_SG",2,0,0,=,,,3973,
3973,"29904","9_SG","2_SG",2,0,0,=,,,3974,
3974,"29904","9_SG","3_SG",2,1,0,=,,,3975,
3975,"29904","8_SG","26_SG",2,1,1,=,,,,
3976,"30452","2_SG","1_SG",2,0,0,=,,,3977,
3977,"30452","2_SG","2_SG",2,0,0,=,,,3978,
3978,"30452","2_SG","3_SG",2,0,0,=,,,3979,
3979,"30452","2_SG","4_SG",2,1,0,=,,,3980,
3980,"30452","1_SG","1_SG",2,0,0,=,,,3981,
3981,"30452","1_SG","2_SG",2,0,0,=,,,3982,
3982,"30452","1_SG","3_SG",2,1,0,=,,,3983,
3983,"30452","9_SG","1_SG",2,0,0,=,,,3984,
3984,"30452","9_SG","2_SG",2,0,0,=,,,3985,
3985,"30452","9_SG","3_SG",2,1,0,=,,,3986,
3986,"30452","8_SG","26_SG",2,1,1,=,,,,
3987,"30454","2_SG","1_SG",2,0,0,=,,,3988,
3988,"30454","2_SG","2_SG",2,0,0,=,,,3989,
3989,"30454","2_SG","3_SG",2,0,0,=,,,3990,
3990,"30454","2_SG","4_SG",2,1,0,=,,,3991,
3991,"30454","1_SG","1_SG",2,0,0,=,,,3992,
3992,"30454","1_SG","2_SG",2,0,0,=,,,3993,
3993,"30454","1_SG","3_SG",2,1,0,=,,,3994,
3994,"30454","9_SG","1_SG",2,0,0,=,,,3995,
3995,"30454","9_SG","2_SG",2,0,0,=,,,3996,
3996,"30454","9_SG","3_SG",2,1,0,=,,,3997,
3997,"30454","8_SG","26_SG",2,1,1,=,,,,
3998,"30752","2_SG","1_SG",2,0,0,=,,,3999,
3999,"30752","2_SG","2_SG",2,0,0,=,,,4000,
4000,"30752","2_SG","3_SG",2,0,0,=,,,4001,
4001,"30752","2_SG","4_SG",2,1,0,=,,,4002,
4002,"30752","1_SG","1_SG",2,0,0,=,,,4003,
4003,"30752","1_SG","2_SG",2,0,0,=,,,4004,
4004,"30752","1_SG","3_SG",2,1,0,=,,,4005,
4005,"30752","9_SG","1_SG",2,0,0,=,,,4006,
4006,"30752","9_SG","2_SG",2,0,0,=,,,4007,
4007,"30752","9_SG","3_SG",2,1,0,=,,,4008,
4008,"30752","8_SG","26_SG",2,1,1,=,,,,
4031,"31550","2_SG","1_SG",2,0,0,=,,,4032,
4032,"31550","2_SG","2_SG",2,0,0,=,,,4033,
4033,"31550","2_SG","3_SG",2,0,0,=,,,4034,
4034,"31550","2_SG","4_SG",2,1,0,=,,,4035,
4035,"31550","1_SG","1_SG",2,0,0,=,,,4036,
4036,"31550","1_SG","2_SG",2,0,0,=,,,4037,
4037,"31550","1_SG","3_SG",2,1,0,=,,,4038,
4038,"31550","9_SG","1_SG",2,0,0,=,,,4039,
4039,"31550","9_SG","2_SG",2,0,0,=,,,4040,
4040,"31550","9_SG","3_SG",2,1,0,=,,,4041,
4041,"31550","8_SG","26_SG",2,1,1,=,,,,
4042,"31552","2_SG","1_SG",2,0,0,=,,,4043,
4043,"31552","2_SG","2_SG",2,0,0,=,,,4044,
4044,"31552","2_SG","3_SG",2,0,0,=,,,4045,
4045,"31552","2_SG","4_SG",2,1,0,=,,,4046,
4046,"31552","1_SG","1_SG",2,0,0,=,,,4047,
4047,"31552","1_SG","2_SG",2,0,0,=,,,4048,
4048,"31552","1_SG","3_SG",2,1,0,=,,,4049,
4049,"31552","9_SG","1_SG",2,0,0,=,,,4050,
4050,"31552","9_SG","2_SG",2,0,0,=,,,4051,
4051,"31552","9_SG","3_SG",2,1,0,=,,,4052,
4052,"31552","8_SG","26_SG",2,1,1,=,,,,
4053,"31554","2_SG","1_SG",2,0,0,=,,,4054,
4054,"31554","2_SG","2_SG",2,0,0,=,,,4055,
4055,"31554","2_SG","3_SG",2,0,0,=,,,4056,
4056,"31554","2_SG","4_SG",2,1,0,=,,,4057,
4057,"31554","1_SG","1_SG",2,0,0,=,,,4058,
4058,"31554","1_SG","2_SG",2,0,0,=,,,4059,
4059,"31554","1_SG","3_SG",2,1,0,=,,,4060,
4060,"31554","9_SG","1_SG",2,0,0,=,,,4061,
4061,"31554","9_SG","2_SG",2,0,0,=,,,4062,
4062,"31554","9_SG","3_SG",2,1,0,=,,,4063,
4063,"31554","8_SG","26_SG",2,1,1,=,,,,
4064,"31556","2_SG","1_SG",2,0,0,=,,,4065,
4065,"31556","2_SG","2_SG",2,0,0,=,,,4066,
4066,"31556","2_SG","3_SG",2,0,0,=,,,4067,
4067,"31556","2_SG","4_SG",2,1,0,=,,,4068,
4068,"31556","1_SG","1_SG",2,0,0,=,,,4069,
4069,"31556","1_SG","2_SG",2,0,0,=,,,4070,
4070,"31556","1_SG","3_SG",2,1,0,=,,,4071,
4071,"31556","9_SG","1_SG",2,0,0,=,,,4072,
4072,"31556","9_SG","2_SG",2,0,0,=,,,4073,
4073,"31556","9_SG","3_SG",2,1,0,=,,,4074,
4074,"31556","8_SG","26_SG",2,1,1,=,,,,
4075,"31566","2_SG","1_SG",2,0,0,=,,,4076,
4076,"31566","2_SG","2_SG",2,0,0,=,,,4077,
4077,"31566","2_SG","3_SG",2,0,0,=,,,4078,
4078,"31566","2_SG","4_SG",2,1,0,=,,,4079,
4079,"31566","1_SG","1_SG",2,0,0,=,,,4080,
4080,"31566","1_SG","2_SG",2,0,0,=,,,4081,
4081,"31566","1_SG","3_SG",2,1,0,=,,,4082,
4082,"31566","9_SG","1_SG",2,0,0,=,,,4083,
4083,"31566","9_SG","2_SG",2,0,0,=,,,4084,
4084,"31566","9_SG","3_SG",2,1,0,=,,,4085,
4085,"31566","8_SG","26_SG",2,1,1,=,,,,
4086,"31652","2_SG","1_SG",2,0,0,=,,,4087,
4087,"31652","2_SG","2_SG",2,0,0,=,,,4088,
4088,"31652","2_SG","3_SG",2,0,0,=,,,4089,
4089,"31652","2_SG","4_SG",2,1,0,=,,,4090,
4090,"31652","1_SG","1_SG",2,0,0,=,,,4091,
4091,"31652","1_SG","2_SG",2,0,0,=,,,4092,
4092,"31652","1_SG","3_SG",2,1,0,=,,,4093,
4093,"31652","9_SG","1_SG",2,0,0,=,,,4094,
4094,"31652","9_SG","2_SG",2,0,0,=,,,4095,
4095,"31652","9_SG","3_SG",2,1,0,=,,,4096,
4096,"31652","8_SG","26_SG",2,1,1,=,,,,
4097,"31654","2_SG","1_SG",2,0,0,=,,,4098,
4098,"31654","2_SG","2_SG",2,0,0,=,,,4099,
4099,"31654","2_SG","3_SG",2,0,0,=,,,4100,
4100,"31654","2_SG","4_SG",2,1,0,=,,,4101,
4101,"31654","1_SG","1_SG",2,0,0,=,,,4102,
4102,"31654","1_SG","2_SG",2,0,0,=,,,4103,
4103,"31654","1_SG","3_SG",2,1,0,=,,,4104,
4104,"31654","9_SG","1_SG",2,0,0,=,,,4105,
4105,"31654","9_SG","2_SG",2,0,0,=,,,4106,
4106,"31654","9_SG","3_SG",2,1,0,=,,,4107,
4107,"31654","8_SG","26_SG",2,1,1,=,,,,
4108,"31657","2_SG","1_SG",2,0,0,=,,,4109,
4109,"31657","2_SG","2_SG",2,0,0,=,,,4110,
4110,"31657","2_SG","3_SG",2,0,0,=,,,4111,
4111,"31657","2_SG","4_SG",2,1,0,=,,,4112,
4112,"31657","1_SG","1_SG",2,0,0,=,,,4113,
4113,"31657","1_SG","2_SG",2,0,0,=,,,4114,
4114,"31657","1_SG","3_SG",2,1,0,=,,,4115,
4115,"31657","9_SG","1_SG",2,0,0,=,,,4116,
4116,"31657","9_SG","2_SG",2,0,0,=,,,4117,
4117,"31657","9_SG","3_SG",2,1,0,=,,,4118,
4118,"31657","8_SG","26_SG",2,1,1,=,,,,
4119,"31658","2_SG","1_SG",2,0,0,=,,,4120,
4120,"31658","2_SG","2_SG",2,0,0,=,,,4121,
4121,"31658","2_SG","3_SG",2,0,0,=,,,4122,
4122,"31658","2_SG","4_SG",2,1,0,=,,,4123,
4123,"31658","1_SG","1_SG",2,0,0,=,,,4124,
4124,"31658","1_SG","2_SG",2,0,0,=,,,4125,
4125,"31658","1_SG","3_SG",2,1,0,=,,,4126,
4126,"31658","9_SG","1_SG",2,0,0,=,,,4127,
4127,"31658","9_SG","2_SG",2,0,0,=,,,4128,
4128,"31658","9_SG","3_SG",2,1,0,=,,,4129,
4129,"31658","8_SG","26_SG",2,1,1,=,,,,
4130,"31659","2_SG","1_SG",2,0,0,=,,,4131,
4131,"31659","2_SG","2_SG",2,0,0,=,,,4132,
4132,"31659","2_SG","3_SG",2,0,0,=,,,4133,
4133,"31659","2_SG","4_SG",2,1,0,=,,,4134,
4134,"31659","1_SG","1_SG",2,0,0,=,,,4135,
4135,"31659","1_SG","2_SG",2,0,0,=,,,4136,
4136,"31659","1_SG","3_SG",2,1,0,=,,,4137,
4137,"31659","9_SG","1_SG",2,0,0,=,,,4138,
4138,"31659","9_SG","2_SG",2,0,0,=,,,4139,
4139,"31659","9_SG","3_SG",2,1,0,=,,,4140,
4140,"31659","8_SG","26_SG",2,1,1,=,,,,
4141,"31660","2_SG","1_SG",2,0,0,=,,,4142,
4142,"31660","2_SG","2_SG",2,0,0,=,,,4143,
4143,"31660","2_SG","3_SG",2,0,0,=,,,4144,
4144,"31660","2_SG","4_SG",2,1,0,=,,,4145,
4145,"31660","1_SG","1_SG",2,0,0,=,,,4146,
4146,"31660","1_SG","2_SG",2,0,0,=,,,4147,
4147,"31660","1_SG","3_SG",2,1,0,=,,,4148,
4148,"31660","9_SG","1_SG",2,0,0,=,,,4149,
4149,"31660","9_SG","2_SG",2,0,0,=,,,4150,
4150,"31660","9_SG","3_SG",2,1,0,=,,,4151,
4151,"31660","8_SG","26_SG",2,1,1,=,,,,
4163,"31752","2_SG","1_SG",2,0,0,=,,,4164,
4164,"31752","2_SG","2_SG",2,0,0,=,,,4165,
4165,"31752","2_SG","3_SG",2,0,0,=,,,4166,
4166,"31752","2_SG","4_SG",2,1,0,=,,,4167,
4167,"31752","1_SG","1_SG",2,0,0,=,,,4168,
4168,"31752","1_SG","2_SG",2,0,0,=,,,4169,
4169,"31752","1_SG","3_SG",2,1,0,=,,,4170,
4170,"31752","9_SG","1_SG",2,0,0,=,,,4171,
4171,"31752","9_SG","2_SG",2,0,0,=,,,4172,
4172,"31752","9_SG","3_SG",2,1,0,=,,,4173,
4173,"31752","8_SG","26_SG",2,1,1,=,,,,
4174,"31754","2_SG","1_SG",2,0,0,=,,,4175,
4175,"31754","2_SG","2_SG",2,0,0,=,,,4176,
4176,"31754","2_SG","3_SG",2,0,0,=,,,4177,
4177,"31754","2_SG","4_SG",2,1,0,=,,,4178,
4178,"31754","1_SG","1_SG",2,0,0,=,,,4179,
4179,"31754","1_SG","2_SG",2,0,0,=,,,4180,
4180,"31754","1_SG","3_SG",2,1,0,=,,,4181,
4181,"31754","9_SG","1_SG",2,0,0,=,,,4182,
4182,"31754","9_SG","2_SG",2,0,0,=,,,4183,
4183,"31754","9_SG","3_SG",2,1,0,=,,,4184,
4184,"31754","8_SG","26_SG",2,1,1,=,,,,
4185,"31852","2_SG","1_SG",2,0,0,=,,,4186,
4186,"31852","2_SG","2_SG",2,0,0,=,,,4187,
4187,"31852","2_SG","3_SG",2,0,0,=,,,4188,
4188,"31852","2_SG","4_SG",2,1,0,=,,,4189,
4189,"31852","1_SG","1_SG",2,0,0,=,,,4190,
4190,"31852","1_SG","2_SG",2,0,0,=,,,4191,
4191,"31852","1_SG","3_SG",2,1,0,=,,,4192,
4192,"31852","9_SG","1_SG",2,0,0,=,,,4193,
4193,"31852","9_SG","2_SG",2,0,0,=,,,4194,
4194,"31852","9_SG","3_SG",2,1,0,=,,,4195,
4195,"31852","8_SG","26_SG",2,1,1,=,,,,
4196,"31950","2_SG","1_SG",2,0,0,=,,,4197,
4197,"31950","2_SG","2_SG",2,0,0,=,,,4198,
4198,"31950","2_SG","3_SG",2,0,0,=,,,4199,
4199,"31950","2_SG","4_SG",2,1,0,=,,,4200,
4200,"31950","1_SG","1_SG",2,0,0,=,,,4201,
4201,"31950","1_SG","2_SG",2,0,0,=,,,4202,
4202,"31950","1_SG","3_SG",2,1,0,=,,,4203,
4203,"31950","9_SG","1_SG",2,0,0,=,,,4204,
4204,"31950","9_SG","2_SG",2,0,0,=,,,4205,
4205,"31950","9_SG","3_SG",2,1,0,=,,,4206,
4206,"31950","8_SG","26_SG",2,1,1,=,,,,
4207,"31952","2_SG","1_SG",2,0,0,=,,,4208,
4208,"31952","2_SG","2_SG",2,0,0,=,,,4209,
4209,"31952","2_SG","3_SG",2,0,0,=,,,4210,
4210,"31952","2_SG","4_SG",2,1,0,=,,,4211,
4211,"31952","1_SG","1_SG",2,0,0,=,,,4212,
4212,"31952","1_SG","2_SG",2,0,0,=,,,4213,
4213,"31952","1_SG","3_SG",2,1,0,=,,,4214,
4214,"31952","9_SG","1_SG",2,0,0,=,,,4215,
4215,"31952","9_SG","2_SG",2,0,0,=,,,4216,
4216,"31952","9_SG","3_SG",2,1,0,=,,,4217,
4217,"31952","8_SG","26_SG",2,1,1,=,,,,
4218,"31954","2_SG","1_SG",2,0,0,=,,,4219,
4219,"31954","2_SG","2_SG",2,0,0,=,,,4220,
4220,"31954","2_SG","3_SG",2,0,0,=,,,4221,
4221,"31954","2_SG","4_SG",2,1,0,=,,,4222,
4222,"31954","1_SG","1_SG",2,0,0,=,,,4223,
4223,"31954","1_SG","2_SG",2,0,0,=,,,4224,
4224,"31954","1_SG","3_SG",2,1,0,=,,,4225,
4225,"31954","9_SG","1_SG",2,0,0,=,,,4226,
4226,"31954","9_SG","2_SG",2,0,0,=,,,4227,
4227,"31954","9_SG","3_SG",2,1,0,=,,,4228,
4228,"31954","8_SG","26_SG",2,1,1,=,,,,
4229,"31956","2_SG","1_SG",2,0,0,=,,,4230,
4230,"31956","2_SG","2_SG",2,0,0,=,,,4231,
4231,"31956","2_SG","3_SG",2,0,0,=,,,4232,
4232,"31956","2_SG","4_SG",2,1,0,=,,,4233,
4233,"31956","1_SG","1_SG",2,0,0,=,,,4234,
4234,"31956","1_SG","2_SG",2,0,0,=,,,4235,
4235,"31956","1_SG","3_SG",2,1,0,=,,,4236,
4236,"31956","9_SG","1_SG",2,0,0,=,,,4237,
4237,"31956","9_SG","2_SG",2,0,0,=,,,4238,
4238,"31956","9_SG","3_SG",2,1,0,=,,,4239,
4239,"31956","8_SG","26_SG",2,1,1,=,,,,
4240,"31958","2_SG","1_SG",2,0,0,=,,,4241,
4241,"31958","2_SG","2_SG",2,0,0,=,,,4242,
4242,"31958","2_SG","3_SG",2,0,0,=,,,4243,
4243,"31958","2_SG","4_SG",2,1,0,=,,,4244,
4244,"31958","1_SG","1_SG",2,0,0,=,,,4245,
4245,"31958","1_SG","2_SG",2,0,0,=,,,4246,
4246,"31958","1_SG","3_SG",2,1,0,=,,,4247,
4247,"31958","9_SG","1_SG",2,0,0,=,,,4248,
4248,"31958","9_SG","2_SG",2,0,0,=,,,4249,
4249,"31958","9_SG","3_SG",2,1,0,=,,,4250,
4250,"31958","8_SG","26_SG",2,1,1,=,,,,
4251,"33552","2_SG","1_SG",2,0,0,=,,,4252,
4252,"33552","2_SG","2_SG",2,0,0,=,,,4253,
4253,"33552","2_SG","3_SG",2,0,0,=,,,4254,
4254,"33552","2_SG","4_SG",2,1,0,=,,,4255,
4255,"33552","1_SG","1_SG",2,0,0,=,,,4256,
4256,"33552","1_SG","2_SG",2,0,0,=,,,4257,
4257,"33552","1_SG","3_SG",2,1,0,=,,,4258,
4258,"33552","9_SG","1_SG",2,0,0,=,,,4259,
4259,"33552","9_SG","2_SG",2,0,0,=,,,4260,
4260,"33552","9_SG","3_SG",2,1,0,=,,,4261,
4261,"33552","8_SG","26_SG",2,1,1,=,,,,
4262,"33852","2_SG","1_SG",2,0,0,=,,,4263,
4263,"33852","2_SG","2_SG",2,0,0,=,,,4264,
4264,"33852","2_SG","3_SG",2,0,0,=,,,4265,
4265,"33852","2_SG","4_SG",2,1,0,=,,,4266,
4266,"33852","1_SG","1_SG",2,0,0,=,,,4267,
4267,"33852","1_SG","2_SG",2,0,0,=,,,4268,
4268,"33852","1_SG","3_SG",2,1,0,=,,,4269,
4269,"33852","9_SG","1_SG",2,0,0,=,,,4270,
4270,"33852","9_SG","2_SG",2,0,0,=,,,4271,
4271,"33852","9_SG","3_SG",2,1,0,=,,,4272,
4272,"33852","8_SG","26_SG",2,1,1,=,,,,
4273,"34552","2_SG","1_SG",2,0,0,=,,,4274,
4274,"34552","2_SG","2_SG",2,0,0,=,,,4275,
4275,"34552","2_SG","3_SG",2,0,0,=,,,4276,
4276,"34552","2_SG","4_SG",2,1,0,=,,,4277,
4277,"34552","1_SG","1_SG",2,0,0,=,,,4278,
4278,"34552","1_SG","2_SG",2,0,0,=,,,4279,
4279,"34552","1_SG","3_SG",2,1,0,=,,,4280,
4280,"34552","9_SG","1_SG",2,0,0,=,,,4281,
4281,"34552","9_SG","2_SG",2,0,0,=,,,4282,
4282,"34552","9_SG","3_SG",2,1,0,=,,,4283,
4283,"34552","8_SG","26_SG",2,1,1,=,,,,
4284,"348_SG","2_SG","1_SG",2,0,0,=,,,4285,
4285,"348_SG","2_SG","2_SG",2,0,0,=,,,4286,
4286,"348_SG","2_SG","3_SG",2,0,0,=,,,4287,
4287,"348_SG","2_SG","4_SG",2,1,0,=,,,4288,
4288,"348_SG","1_SG","1_SG",2,0,0,=,,,4289,
4289,"348_SG","1_SG","2_SG",2,0,0,=,,,4290,
4290,"348_SG","1_SG","3_SG",2,1,0,=,,,4291,
4291,"348_SG","9_SG","1_SG",2,0,0,=,,,4292,
4292,"348_SG","9_SG","2_SG",2,0,0,=,,,4293,
4293,"348_SG","9_SG","3_SG",2,1,0,=,,,4294,
4294,"348_SG","8_SG","26_SG",2,1,1,=,,,,
4295,"34850","2_SG","1_SG",2,0,0,=,,,4296,
4296,"34850","2_SG","2_SG",2,0,0,=,,,4297,
4297,"34850","2_SG","3_SG",2,0,0,=,,,4298,
4298,"34850","2_SG","4_SG",2,1,0,=,,,4299,
4299,"34850","1_SG","1_SG",2,0,0,=,,,4300,
4300,"34850","1_SG","2_SG",2,0,0,=,,,4301,
4301,"34850","1_SG","3_SG",2,1,0,=,,,4302,
4302,"34850","9_SG","1_SG",2,0,0,=,,,4303,
4303,"34850","9_SG","2_SG",2,0,0,=,,,4304,
4304,"34850","9_SG","3_SG",2,1,0,=,,,4305,
4305,"34850","8_SG","26_SG",2,1,1,=,,,,
4306,"349_SG","2_SG","1_SG",2,0,0,=,,,4307,
4307,"349_SG","2_SG","2_SG",2,0,0,=,,,4308,
4308,"349_SG","2_SG","3_SG",2,0,0,=,,,4309,
4309,"349_SG","2_SG","4_SG",2,1,0,=,,,4310,
4310,"349_SG","1_SG","1_SG",2,0,0,=,,,4311,
4311,"349_SG","1_SG","2_SG",2,0,0,=,,,4312,
4312,"349_SG","1_SG","3_SG",2,1,0,=,,,4313,
4313,"349_SG","9_SG","1_SG",2,0,0,=,,,4314,
4314,"349_SG","9_SG","2_SG",2,0,0,=,,,4315,
4315,"349_SG","9_SG","3_SG",2,1,0,=,,,4316,
4316,"349_SG","8_SG","26_SG",2,1,1,=,,,,
4317,"34950","2_SG","1_SG",2,0,0,=,,,4318,
4318,"34950","2_SG","2_SG",2,0,0,=,,,4319,
4319,"34950","2_SG","3_SG",2,0,0,=,,,4320,
4320,"34950","2_SG","4_SG",2,1,0,=,,,4321,
4321,"34950","1_SG","1_SG",2,0,0,=,,,4322,
4322,"34950","1_SG","2_SG",2,0,0,=,,,4323,
4323,"34950","1_SG","3_SG",2,1,0,=,,,4324,
4324,"34950","9_SG","1_SG",2,0,0,=,,,4325,
4325,"34950","9_SG","2_SG",2,0,0,=,,,4326,
4326,"34950","9_SG","3_SG",2,1,0,=,,,4327,
4327,"34950","8_SG","26_SG",2,1,1,=,,,,
4328,"350_SG","2_SG","1_SG",2,0,0,=,,,4329,
4329,"350_SG","2_SG","2_SG",2,0,0,=,,,4330,
4330,"350_SG","2_SG","3_SG",2,0,0,=,,,4331,
4331,"350_SG","2_SG","4_SG",2,1,0,=,,,4332,
4332,"350_SG","1_SG","1_SG",2,0,0,=,,,4333,
4333,"350_SG","1_SG","2_SG",2,0,0,=,,,4334,
4334,"350_SG","1_SG","3_SG",2,1,0,=,,,4335,
4335,"350_SG","9_SG","1_SG",2,0,0,=,,,4336,
4336,"350_SG","9_SG","2_SG",2,0,0,=,,,4337,
4337,"350_SG","9_SG","3_SG",2,1,0,=,,,4338,
4338,"350_SG","8_SG","26_SG",2,1,1,=,,,,
4339,"37456","2_SG","1_SG",2,0,0,=,,,4340,
4340,"37456","2_SG","2_SG",2,0,0,=,,,4341,
4341,"37456","2_SG","3_SG",2,0,0,=,,,4342,
4342,"37456","2_SG","4_SG",2,1,0,=,,,4343,
4343,"37456","1_SG","1_SG",2,0,0,=,,,4344,
4344,"37456","1_SG","2_SG",2,0,0,=,,,4345,
4345,"37456","1_SG","3_SG",2,1,0,=,,,4346,
4346,"37456","9_SG","1_SG",2,0,0,=,,,4347,
4347,"37456","9_SG","2_SG",2,0,0,=,,,4348,
4348,"37456","9_SG","3_SG",2,1,0,=,,,4349,
4349,"37456","8_SG","26_SG",2,1,1,=,,,,
4350,"37650","2_SG","1_SG",2,0,0,=,,,4351,
4351,"37650","2_SG","2_SG",2,0,0,=,,,4352,
4352,"37650","2_SG","3_SG",2,0,0,=,,,4353,
4353,"37650","2_SG","4_SG",2,1,0,=,,,4354,
4354,"37650","1_SG","1_SG",2,0,0,=,,,4355,
4355,"37650","1_SG","2_SG",2,0,0,=,,,4356,
4356,"37650","1_SG","3_SG",2,1,0,=,,,4357,
4357,"37650","9_SG","1_SG",2,0,0,=,,,4358,
4358,"37650","9_SG","2_SG",2,0,0,=,,,4359,
4359,"37650","9_SG","3_SG",2,1,0,=,,,4360,
4360,"37650","8_SG","26_SG",2,1,1,=,,,,
4361,"37850","2_SG","1_SG",2,0,0,=,,,4362,
4362,"37850","2_SG","2_SG",2,0,0,=,,,4363,
4363,"37850","2_SG","3_SG",2,0,0,=,,,4364,
4364,"37850","2_SG","4_SG",2,1,0,=,,,4365,
4365,"37850","1_SG","1_SG",2,0,0,=,,,4366,
4366,"37850","1_SG","2_SG",2,0,0,=,,,4367,
4367,"37850","1_SG","3_SG",2,1,0,=,,,4368,
4368,"37850","9_SG","1_SG",2,0,0,=,,,4369,
4369,"37850","9_SG","2_SG",2,0,0,=,,,4370,
4370,"37850","9_SG","3_SG",2,1,0,=,,,4371,
4371,"37850","8_SG","26_SG",2,1,1,=,,,,
4372,"37950","2_SG","1_SG",2,0,0,=,,,4373,
4373,"37950","2_SG","2_SG",2,0,0,=,,,4374,
4374,"37950","2_SG","3_SG",2,0,0,=,,,4375,
4375,"37950","2_SG","4_SG",2,1,0,=,,,4376,
4376,"37950","1_SG","1_SG",2,0,0,=,,,4377,
4377,"37950","1_SG","2_SG",2,0,0,=,,,4378,
4378,"37950","1_SG","3_SG",2,1,0,=,,,4379,
4379,"37950","9_SG","1_SG",2,0,0,=,,,4380,
4380,"37950","9_SG","2_SG",2,0,0,=,,,4381,
4381,"37950","9_SG","3_SG",2,1,0,=,,,4382,
4382,"37950","8_SG","26_SG",2,1,1,=,,,,
4383,"38550","2_SG","1_SG",2,0,0,=,,,4384,
4384,"38550","2_SG","2_SG",2,0,0,=,,,4385,
4385,"38550","2_SG","3_SG",2,0,0,=,,,4386,
4386,"38550","2_SG","4_SG",2,1,0,=,,,4387,
4387,"38550","1_SG","1_SG",2,0,0,=,,,4388,
4388,"38550","1_SG","2_SG",2,0,0,=,,,4389,
4389,"38550","1_SG","3_SG",2,1,0,=,,,4390,
4390,"38550","9_SG","1_SG",2,0,0,=,,,4391,
4391,"38550","9_SG","2_SG",2,0,0,=,,,4392,
4392,"38550","9_SG","3_SG",2,1,0,=,,,4393,
4393,"38550","8_SG","26_SG",2,1,1,=,,,,
4394,"38650","2_SG","1_SG",2,0,0,=,,,4395,
4395,"38650","2_SG","2_SG",2,0,0,=,,,4396,
4396,"38650","2_SG","3_SG",2,0,0,=,,,4397,
4397,"38650","2_SG","4_SG",2,1,0,=,,,4398,
4398,"38650","1_SG","1_SG",2,0,0,=,,,4399,
4399,"38650","1_SG","2_SG",2,0,0,=,,,4400,
4400,"38650","1_SG","3_SG",2,1,0,=,,,4401,
4401,"38650","9_SG","1_SG",2,0,0,=,,,4402,
4402,"38650","9_SG","2_SG",2,0,0,=,,,4403,
4403,"38650","9_SG","3_SG",2,1,0,=,,,4404,
4404,"38650","8_SG","26_SG",2,1,1,=,,,,
4405,"38652","2_SG","1_SG",2,0,0,=,,,4406,
4406,"38652","2_SG","2_SG",2,0,0,=,,,4407,
4407,"38652","2_SG","3_SG",2,0,0,=,,,4408,
4408,"38652","2_SG","4_SG",2,1,0,=,,,4409,
4409,"38652","1_SG","1_SG",2,0,0,=,,,4410,
4410,"38652","1_SG","2_SG",2,0,0,=,,,4411,
4411,"38652","1_SG","3_SG",2,1,0,=,,,4412,
4412,"38652","9_SG","1_SG",2,0,0,=,,,4413,
4413,"38652","9_SG","2_SG",2,0,0,=,,,4414,
4414,"38652","9_SG","3_SG",2,1,0,=,,,4415,
4415,"38652","8_SG","26_SG",2,1,1,=,,,,
4416,"38702","2_SG","1_SG",2,0,0,=,,,4417,
4417,"38702","2_SG","2_SG",2,0,0,=,,,4418,
4418,"38702","2_SG","3_SG",2,0,0,=,,,4419,
4419,"38702","2_SG","4_SG",2,1,0,=,,,4420,
4420,"38702","1_SG","1_SG",2,0,0,=,,,4421,
4421,"38702","1_SG","2_SG",2,0,0,=,,,4422,
4422,"38702","1_SG","3_SG",2,1,0,=,,,4423,
4423,"38702","9_SG","1_SG",2,0,0,=,,,4424,
4424,"38702","9_SG","2_SG",2,0,0,=,,,4425,
4425,"38702","9_SG","3_SG",2,1,0,=,,,4426,
4426,"38702","8_SG","26_SG",2,1,1,=,,,,
4427,"39650","2_SG","1_SG",2,0,0,=,,,4428,
4428,"39650","2_SG","2_SG",2,0,0,=,,,4429,
4429,"39650","2_SG","3_SG",2,0,0,=,,,4430,
4430,"39650","2_SG","4_SG",2,1,0,=,,,4431,
4431,"39650","1_SG","1_SG",2,0,0,=,,,4432,
4432,"39650","1_SG","2_SG",2,0,0,=,,,4433,
4433,"39650","1_SG","3_SG",2,1,0,=,,,4434,
4434,"39650","9_SG","1_SG",2,0,0,=,,,4435,
4435,"39650","9_SG","2_SG",2,0,0,=,,,4436,
4436,"39650","9_SG","3_SG",2,1,0,=,,,4437,
4437,"39650","8_SG","26_SG",2,1,1,=,,,,
4438,"40550","2_SG","1_SG",2,0,0,=,,,4439,
4439,"40550","2_SG","2_SG",2,0,0,=,,,4440,
4440,"40550","2_SG","3_SG",2,0,0,=,,,4441,
4441,"40550","2_SG","4_SG",2,1,0,=,,,4442,
4442,"40550","1_SG","1_SG",2,0,0,=,,,4443,
4443,"40550","1_SG","2_SG",2,0,0,=,,,4444,
4444,"40550","1_SG","3_SG",2,1,0,=,,,4445,
4445,"40550","9_SG","1_SG",2,0,0,=,,,4446,
4446,"40550","9_SG","2_SG",2,0,0,=,,,4447,
4447,"40550","9_SG","3_SG",2,1,0,=,,,4448,
4448,"40550","8_SG","26_SG",2,1,1,=,,,,
4449,"41450","2_SG","1_SG",2,0,0,=,,,4450,
4450,"41450","2_SG","2_SG",2,0,0,=,,,4451,
4451,"41450","2_SG","3_SG",2,0,0,=,,,4452,
4452,"41450","2_SG","4_SG",2,1,0,=,,,4453,
4453,"41450","1_SG","1_SG",2,0,0,=,,,4454,
4454,"41450","1_SG","2_SG",2,0,0,=,,,4455,
4455,"41450","1_SG","3_SG",2,1,0,=,,,4456,
4456,"41450","9_SG","1_SG",2,0,0,=,,,4457,
4457,"41450","9_SG","2_SG",2,0,0,=,,,4458,
4458,"41450","9_SG","3_SG",2,1,0,=,,,4459,
4459,"41450","8_SG","26_SG",2,1,1,=,,,,
4460,"41451","2_SG","1_SG",2,0,0,=,,,4461,
4461,"41451","2_SG","2_SG",2,0,0,=,,,4462,
4462,"41451","2_SG","3_SG",2,0,0,=,,,4463,
4463,"41451","2_SG","4_SG",2,1,0,=,,,4464,
4464,"41451","1_SG","1_SG",2,0,0,=,,,4465,
4465,"41451","1_SG","2_SG",2,0,0,=,,,4466,
4466,"41451","1_SG","3_SG",2,1,0,=,,,4467,
4467,"41451","9_SG","1_SG",2,0,0,=,,,4468,
4468,"41451","9_SG","2_SG",2,0,0,=,,,4469,
4469,"41451","9_SG","3_SG",2,1,0,=,,,4470,
4470,"41451","8_SG","26_SG",2,1,1,=,,,,
4471,"41452","2_SG","1_SG",2,0,0,=,,,4472,
4472,"41452","2_SG","2_SG",2,0,0,=,,,4473,
4473,"41452","2_SG","3_SG",2,0,0,=,,,4474,
4474,"41452","2_SG","4_SG",2,1,0,=,,,4475,
4475,"41452","1_SG","1_SG",2,0,0,=,,,4476,
4476,"41452","1_SG","2_SG",2,0,0,=,,,4477,
4477,"41452","1_SG","3_SG",2,1,0,=,,,4478,
4478,"41452","9_SG","1_SG",2,0,0,=,,,4479,
4479,"41452","9_SG","2_SG",2,0,0,=,,,4480,
4480,"41452","9_SG","3_SG",2,1,0,=,,,4481,
4481,"41452","8_SG","26_SG",2,1,1,=,,,,
4482,"41453","2_SG","1_SG",2,0,0,=,,,4483,
4483,"41453","2_SG","2_SG",2,0,0,=,,,4484,
4484,"41453","2_SG","3_SG",2,0,0,=,,,4485,
4485,"41453","2_SG","4_SG",2,1,0,=,,,4486,
4486,"41453","1_SG","1_SG",2,0,0,=,,,4487,
4487,"41453","1_SG","2_SG",2,0,0,=,,,4488,
4488,"41453","1_SG","3_SG",2,1,0,=,,,4489,
4489,"41453","9_SG","1_SG",2,0,0,=,,,4490,
4490,"41453","9_SG","2_SG",2,0,0,=,,,4491,
4491,"41453","9_SG","3_SG",2,1,0,=,,,4492,
4492,"41453","8_SG","26_SG",2,1,1,=,,,,
4493,"41454","2_SG","1_SG",2,0,0,=,,,4494,
4494,"41454","2_SG","2_SG",2,0,0,=,,,4495,
4495,"41454","2_SG","3_SG",2,0,0,=,,,4496,
4496,"41454","2_SG","4_SG",2,1,0,=,,,4497,
4497,"41454","1_SG","1_SG",2,0,0,=,,,4498,
4498,"41454","1_SG","2_SG",2,0,0,=,,,4499,
4499,"41454","1_SG","3_SG",2,1,0,=,,,4500,
4500,"41454","9_SG","1_SG",2,0,0,=,,,4501,
4501,"41454","9_SG","2_SG",2,0,0,=,,,4502,
4502,"41454","9_SG","3_SG",2,1,0,=,,,4503,
4503,"41454","8_SG","26_SG",2,1,1,=,,,,
4504,"41550","2_SG","1_SG",2,0,0,=,,,4505,
4505,"41550","2_SG","2_SG",2,0,0,=,,,4506,
4506,"41550","2_SG","3_SG",2,0,0,=,,,4507,
4507,"41550","2_SG","4_SG",2,1,0,=,,,4508,
4508,"41550","1_SG","1_SG",2,0,0,=,,,4509,
4509,"41550","1_SG","2_SG",2,0,0,=,,,4510,
4510,"41550","1_SG","3_SG",2,1,0,=,,,4511,
4511,"41550","9_SG","1_SG",2,0,0,=,,,4512,
4512,"41550","9_SG","2_SG",2,0,0,=,,,4513,
4513,"41550","9_SG","3_SG",2,1,0,=,,,4514,
4514,"41550","8_SG","26_SG",2,1,1,=,,,,
4515,"41700","2_SG","1_SG",2,0,0,=,,,4516,
4516,"41700","2_SG","2_SG",2,0,0,=,,,4517,
4517,"41700","2_SG","3_SG",2,0,0,=,,,4518,
4518,"41700","2_SG","4_SG",2,1,0,=,,,4519,
4519,"41700","1_SG","1_SG",2,0,0,=,,,4520,
4520,"41700","1_SG","2_SG",2,0,0,=,,,4521,
4521,"41700","1_SG","3_SG",2,1,0,=,,,4522,
4522,"41700","9_SG","1_SG",2,0,0,=,,,4523,
4523,"41700","9_SG","2_SG",2,0,0,=,,,4524,
4524,"41700","9_SG","3_SG",2,1,0,=,,,4525,
4525,"41700","8_SG","26_SG",2,1,1,=,,,,
4526,"41701","2_SG","1_SG",2,0,0,=,,,4527,
4527,"41701","2_SG","2_SG",2,0,0,=,,,4528,
4528,"41701","2_SG","3_SG",2,0,0,=,,,4529,
4529,"41701","2_SG","4_SG",2,1,0,=,,,4530,
4530,"41701","1_SG","1_SG",2,0,0,=,,,4531,
4531,"41701","1_SG","2_SG",2,0,0,=,,,4532,
4532,"41701","1_SG","3_SG",2,1,0,=,,,4533,
4533,"41701","9_SG","1_SG",2,0,0,=,,,4534,
4534,"41701","9_SG","2_SG",2,0,0,=,,,4535,
4535,"41701","9_SG","3_SG",2,1,0,=,,,4536,
4536,"41701","8_SG","26_SG",2,1,1,=,,,,
4537,"41752","2_SG","1_SG",2,0,0,=,,,4538,
4538,"41752","2_SG","2_SG",2,0,0,=,,,4539,
4539,"41752","2_SG","3_SG",2,0,0,=,,,4540,
4540,"41752","2_SG","4_SG",2,1,1,=,,,4541,
4541,"41752","1_SG","1_SG",2,0,0,=,,,4542,
4542,"41752","1_SG","2_SG",2,0,0,=,,,4543,
4543,"41752","1_SG","3_SG",2,1,1,=,,,4544,
4544,"41752","9_SG","1_SG",2,0,0,=,,,4545,
4545,"41752","9_SG","2_SG",2,0,0,=,,,4546,
4546,"41752","9_SG","3_SG",2,1,1,=,,,4547,
4547,"41752","8_SG","26_SG",2,1,1,=,,,,
4548,"41901","2_SG","1_SG",2,0,0,=,,,4549,
4549,"41901","2_SG","2_SG",2,0,0,=,,,4550,
4550,"41901","2_SG","3_SG",2,0,0,=,,,4551,
4551,"41901","2_SG","4_SG",2,1,0,=,,,4552,
4552,"41901","1_SG","1_SG",2,0,0,=,,,4553,
4553,"41901","1_SG","2_SG",2,0,0,=,,,4554,
4554,"41901","1_SG","3_SG",2,1,0,=,,,4555,
4555,"41901","9_SG","1_SG",2,0,0,=,,,4556,
4556,"41901","9_SG","2_SG",2,0,0,=,,,4557,
4557,"41901","9_SG","3_SG",2,1,0,=,,,4558,
4558,"41901","8_SG","26_SG",2,1,1,=,,,,
4559,"41902","2_SG","1_SG",2,0,0,=,,,4560,
4560,"41902","2_SG","2_SG",2,0,0,=,,,4561,
4561,"41902","2_SG","3_SG",2,0,0,=,,,4562,
4562,"41902","2_SG","4_SG",2,1,0,=,,,4563,
4563,"41902","1_SG","1_SG",2,0,0,=,,,4564,
4564,"41902","1_SG","2_SG",2,0,0,=,,,4565,
4565,"41902","1_SG","3_SG",2,1,0,=,,,4566,
4566,"41902","9_SG","1_SG",2,0,0,=,,,4567,
4567,"41902","9_SG","2_SG",2,0,0,=,,,4568,
4568,"41902","9_SG","3_SG",2,1,0,=,,,4569,
4569,"41902","8_SG","26_SG",2,1,1,=,,,,
4570,"42450","2_SG","1_SG",2,0,0,=,,,4571,
4571,"42450","2_SG","2_SG",2,0,0,=,,,4572,
4572,"42450","2_SG","3_SG",2,0,0,=,,,4573,
4573,"42450","2_SG","4_SG",2,1,0,=,,,4574,
4574,"42450","1_SG","1_SG",2,0,0,=,,,4575,
4575,"42450","1_SG","2_SG",2,0,0,=,,,4576,
4576,"42450","1_SG","3_SG",2,1,0,=,,,4577,
4577,"42450","9_SG","1_SG",2,0,0,=,,,4578,
4578,"42450","9_SG","2_SG",2,0,0,=,,,4579,
4579,"42450","9_SG","3_SG",2,1,0,=,,,4580,
4580,"42450","8_SG","26_SG",2,1,1,=,,,,
4581,"42451","2_SG","1_SG",2,0,0,=,,,4582,
4582,"42451","2_SG","2_SG",2,0,0,=,,,4583,
4583,"42451","2_SG","3_SG",2,0,0,=,,,4584,
4584,"42451","2_SG","4_SG",2,1,0,=,,,4585,
4585,"42451","1_SG","1_SG",2,0,0,=,,,4586,
4586,"42451","1_SG","2_SG",2,0,0,=,,,4587,
4587,"42451","1_SG","3_SG",2,1,0,=,,,4588,
4588,"42451","9_SG","1_SG",2,0,0,=,,,4589,
4589,"42451","9_SG","2_SG",2,0,0,=,,,4590,
4590,"42451","9_SG","3_SG",2,1,0,=,,,4591,
4591,"42451","8_SG","26_SG",2,1,1,=,,,,
4592,"42550","2_SG","1_SG",2,0,0,=,,,4593,
4593,"42550","2_SG","2_SG",2,0,0,=,,,4594,
4594,"42550","2_SG","3_SG",2,0,0,=,,,4595,
4595,"42550","2_SG","4_SG",2,1,0,=,,,4596,
4596,"42550","1_SG","1_SG",2,0,0,=,,,4597,
4597,"42550","1_SG","2_SG",2,0,0,=,,,4598,
4598,"42550","1_SG","3_SG",2,1,0,=,,,4599,
4599,"42550","9_SG","1_SG",2,0,0,=,,,4600,
4600,"42550","9_SG","2_SG",2,0,0,=,,,4601,
4601,"42550","9_SG","3_SG",2,1,0,=,,,4602,
4602,"42550","8_SG","26_SG",2,1,1,=,,,,
4603,"42551","2_SG","1_SG",2,0,0,=,,,4604,
4604,"42551","2_SG","2_SG",2,0,0,=,,,4605,
4605,"42551","2_SG","3_SG",2,0,0,=,,,4606,
4606,"42551","2_SG","4_SG",2,1,0,=,,,4607,
4607,"42551","1_SG","1_SG",2,0,0,=,,,4608,
4608,"42551","1_SG","2_SG",2,0,0,=,,,4609,
4609,"42551","1_SG","3_SG",2,1,0,=,,,4610,
4610,"42551","9_SG","1_SG",2,0,0,=,,,4611,
4611,"42551","9_SG","2_SG",2,0,0,=,,,4612,
4612,"42551","9_SG","3_SG",2,1,0,=,,,4613,
4613,"42551","8_SG","26_SG",2,1,1,=,,,,
4614,"42651","2_SG","1_SG",2,0,0,=,,,4615,
4615,"42651","2_SG","2_SG",2,0,0,=,,,4616,
4616,"42651","2_SG","3_SG",2,0,0,=,,,4617,
4617,"42651","2_SG","4_SG",2,1,0,=,,,4618,
4618,"42651","1_SG","1_SG",2,0,0,=,,,4619,
4619,"42651","1_SG","2_SG",2,0,0,=,,,4620,
4620,"42651","1_SG","3_SG",2,1,0,=,,,4621,
4621,"42651","9_SG","1_SG",2,0,0,=,,,4622,
4622,"42651","9_SG","2_SG",2,0,0,=,,,4623,
4623,"42651","9_SG","3_SG",2,1,0,=,,,4624,
4624,"42651","8_SG","26_SG",2,1,1,=,,,,
4625,"42652","2_SG","1_SG",2,0,0,=,,,4626,
4626,"42652","2_SG","2_SG",2,0,0,=,,,4627,
4627,"42652","2_SG","3_SG",2,0,0,=,,,4628,
4628,"42652","2_SG","4_SG",2,1,0,=,,,4629,
4629,"42652","1_SG","1_SG",2,0,0,=,,,4630,
4630,"42652","1_SG","2_SG",2,0,0,=,,,4631,
4631,"42652","1_SG","3_SG",2,1,0,=,,,4632,
4632,"42652","9_SG","1_SG",2,0,0,=,,,4633,
4633,"42652","9_SG","2_SG",2,0,0,=,,,4634,
4634,"42652","9_SG","3_SG",2,1,0,=,,,4635,
4635,"42652","8_SG","26_SG",2,1,1,=,,,,
4636,"43551","2_SG","1_SG",2,0,0,=,,,4637,
4637,"43551","2_SG","2_SG",2,0,0,=,,,4638,
4638,"43551","2_SG","3_SG",2,0,0,=,,,4639,
4639,"43551","2_SG","4_SG",2,1,0,=,,,4640,
4640,"43551","1_SG","1_SG",2,0,0,=,,,4641,
4641,"43551","1_SG","2_SG",2,0,0,=,,,4642,
4642,"43551","1_SG","3_SG",2,1,0,=,,,4643,
4643,"43551","9_SG","1_SG",2,0,0,=,,,4644,
4644,"43551","9_SG","2_SG",2,0,0,=,,,4645,
4645,"43551","9_SG","3_SG",2,1,0,=,,,4646,
4646,"43551","8_SG","26_SG",2,1,1,=,,,,
4647,"43552","2_SG","1_SG",2,0,0,=,,,4648,
4648,"43552","2_SG","2_SG",2,0,0,=,,,4649,
4649,"43552","2_SG","3_SG",2,0,0,=,,,4650,
4650,"43552","2_SG","4_SG",2,1,0,=,,,4651,
4651,"43552","1_SG","1_SG",2,0,0,=,,,4652,
4652,"43552","1_SG","2_SG",2,0,0,=,,,4653,
4653,"43552","1_SG","3_SG",2,1,0,=,,,4654,
4654,"43552","9_SG","1_SG",2,0,0,=,,,4655,
4655,"43552","9_SG","2_SG",2,0,0,=,,,4656,
4656,"43552","9_SG","3_SG",2,1,0,=,,,4657,
4657,"43552","8_SG","26_SG",2,1,1,=,,,,
4658,"44455","2_SG","1_SG",2,0,0,=,,,4659,
4659,"44455","2_SG","2_SG",2,0,0,=,,,4660,
4660,"44455","2_SG","3_SG",2,0,0,=,,,4661,
4661,"44455","2_SG","4_SG",2,1,0,=,,,4662,
4662,"44455","1_SG","1_SG",2,0,0,=,,,4663,
4663,"44455","1_SG","2_SG",2,0,0,=,,,4664,
4664,"44455","1_SG","3_SG",2,1,0,=,,,4665,
4665,"44455","9_SG","1_SG",2,0,0,=,,,4666,
4666,"44455","9_SG","2_SG",2,0,0,=,,,4667,
4667,"44455","9_SG","3_SG",2,1,0,=,,,4668,
4668,"44455","8_SG","26_SG",2,1,1,=,,,,
4669,"45450","2_SG","1_SG",2,0,0,=,,,4670,
4670,"45450","2_SG","2_SG",2,0,0,=,,,4671,
4671,"45450","2_SG","3_SG",2,0,0,=,,,4672,
4672,"45450","2_SG","4_SG",2,1,0,=,,,4673,
4673,"45450","1_SG","1_SG",2,0,0,=,,,4674,
4674,"45450","1_SG","2_SG",2,0,0,=,,,4675,
4675,"45450","1_SG","3_SG",2,1,0,=,,,4676,
4676,"45450","9_SG","1_SG",2,0,0,=,,,4677,
4677,"45450","9_SG","2_SG",2,0,0,=,,,4678,
4678,"45450","9_SG","3_SG",2,1,0,=,,,4679,
4679,"45450","8_SG","26_SG",2,1,1,=,,,,
4680,"45451","2_SG","1_SG",2,0,0,=,,,4681,
4681,"45451","2_SG","2_SG",2,0,0,=,,,4682,
4682,"45451","2_SG","3_SG",2,0,0,=,,,4683,
4683,"45451","2_SG","4_SG",2,1,0,=,,,4684,
4684,"45451","1_SG","1_SG",2,0,0,=,,,4685,
4685,"45451","1_SG","2_SG",2,0,0,=,,,4686,
4686,"45451","1_SG","3_SG",2,1,0,=,,,4687,
4687,"45451","9_SG","1_SG",2,0,0,=,,,4688,
4688,"45451","9_SG","2_SG",2,0,0,=,,,4689,
4689,"45451","9_SG","3_SG",2,1,0,=,,,4690,
4690,"45451","8_SG","26_SG",2,1,1,=,,,,
4691,"45951","2_SG","1_SG",2,0,0,=,,,4692,
4692,"45951","2_SG","2_SG",2,0,0,=,,,4693,
4693,"45951","2_SG","3_SG",2,0,0,=,,,4694,
4694,"45951","2_SG","4_SG",2,1,0,=,,,4695,
4695,"45951","1_SG","1_SG",2,0,0,=,,,4696,
4696,"45951","1_SG","2_SG",2,0,0,=,,,4697,
4697,"45951","1_SG","3_SG",2,1,0,=,,,4698,
4698,"45951","9_SG","1_SG",2,0,0,=,,,4699,
4699,"45951","9_SG","2_SG",2,0,0,=,,,4700,
4700,"45951","9_SG","3_SG",2,1,0,=,,,4701,
4701,"45951","8_SG","26_SG",2,1,1,=,,,,
4702,"45952","2_SG","1_SG",2,0,0,=,,,4703,
4703,"45952","2_SG","2_SG",2,0,0,=,,,4704,
4704,"45952","2_SG","3_SG",2,0,0,=,,,4705,
4705,"45952","2_SG","4_SG",2,1,0,=,,,4706,
4706,"45952","1_SG","1_SG",2,0,0,=,,,4707,
4707,"45952","1_SG","2_SG",2,0,0,=,,,4708,
4708,"45952","1_SG","3_SG",2,1,0,=,,,4709,
4709,"45952","9_SG","1_SG",2,0,0,=,,,4710,
4710,"45952","9_SG","2_SG",2,0,0,=,,,4711,
4711,"45952","9_SG","3_SG",2,1,0,=,,,4712,
4712,"45952","8_SG","26_SG",2,1,1,=,,,,
4713,"52650","2_SG","1_SG",2,0,0,=,,,4714,
4714,"52650","2_SG","2_SG",2,0,0,=,,,4715,
4715,"52650","2_SG","3_SG",2,0,0,=,,,4716,
4716,"52650","2_SG","4_SG",2,1,0,=,,,4717,
4717,"52650","1_SG","1_SG",2,0,0,=,,,4718,
4718,"52650","1_SG","2_SG",2,0,0,=,,,4719,
4719,"52650","1_SG","3_SG",2,1,0,=,,,4720,
4720,"52650","9_SG","1_SG",2,0,0,=,,,4721,
4721,"52650","9_SG","2_SG",2,0,0,=,,,4722,
4722,"52650","9_SG","3_SG",2,1,0,=,,,4723,
4723,"52650","8_SG","26_SG",2,1,1,=,,,,
4724,"53550","2_SG","1_SG",2,0,0,=,,,4725,
4725,"53550","2_SG","2_SG",2,0,0,=,,,4726,
4726,"53550","2_SG","3_SG",2,0,0,=,,,4727,
4727,"53550","2_SG","4_SG",2,1,0,=,,,4728,
4728,"53550","1_SG","1_SG",2,0,0,=,,,4729,
4729,"53550","1_SG","2_SG",2,0,0,=,,,4730,
4730,"53550","1_SG","3_SG",2,1,0,=,,,4731,
4731,"53550","9_SG","1_SG",2,0,0,=,,,4732,
4732,"53550","9_SG","2_SG",2,0,0,=,,,4733,
4733,"53550","9_SG","3_SG",2,1,0,=,,,4734,
4734,"53550","8_SG","26_SG",2,1,1,=,,,,
4735,"53652","2_SG","1_SG",2,0,0,=,,,4736,
4736,"53652","2_SG","2_SG",2,0,0,=,,,4737,
4737,"53652","2_SG","3_SG",2,0,0,=,,,4738,
4738,"53652","2_SG","4_SG",2,1,0,=,,,4739,
4739,"53652","1_SG","1_SG",2,0,0,=,,,4740,
4740,"53652","1_SG","2_SG",2,0,0,=,,,4741,
4741,"53652","1_SG","3_SG",2,1,0,=,,,4742,
4742,"53652","9_SG","1_SG",2,0,0,=,,,4743,
4743,"53652","9_SG","2_SG",2,0,0,=,,,4744,
4744,"53652","9_SG","3_SG",2,1,0,=,,,4745,
4745,"53652","8_SG","26_SG",2,1,1,=,,,,
4746,"53752","2_SG","1_SG",2,0,0,=,,,4747,
4747,"53752","2_SG","2_SG",2,0,0,=,,,4748,
4748,"53752","2_SG","3_SG",2,0,0,=,,,4749,
4749,"53752","2_SG","4_SG",2,1,0,=,,,4750,
4750,"53752","1_SG","1_SG",2,0,0,=,,,4751,
4751,"53752","1_SG","2_SG",2,0,0,=,,,4752,
4752,"53752","1_SG","3_SG",2,1,0,=,,,4753,
4753,"53752","9_SG","1_SG",2,0,0,=,,,4754,
4754,"53752","9_SG","2_SG",2,0,0,=,,,4755,
4755,"53752","9_SG","3_SG",2,1,0,=,,,4756,
4756,"53752","8_SG","26_SG",2,1,1,=,,,,
4757,"54550","2_SG","1_SG",2,0,0,=,,,4758,
4758,"54550","2_SG","2_SG",2,0,0,=,,,4759,
4759,"54550","2_SG","3_SG",2,0,0,=,,,4760,
4760,"54550","2_SG","4_SG",2,1,0,=,,,4761,
4761,"54550","1_SG","1_SG",2,0,0,=,,,4762,
4762,"54550","1_SG","2_SG",2,0,0,=,,,4763,
4763,"54550","1_SG","3_SG",2,1,0,=,,,4764,
4764,"54550","9_SG","1_SG",2,0,0,=,,,4765,
4765,"54550","9_SG","2_SG",2,0,0,=,,,4766,
4766,"54550","9_SG","3_SG",2,1,0,=,,,4767,
4767,"54550","8_SG","26_SG",2,1,1,=,,,,
4768,"54650","2_SG","1_SG",2,0,0,=,,,4769,
4769,"54650","2_SG","2_SG",2,0,0,=,,,4770,
4770,"54650","2_SG","3_SG",2,0,0,=,,,4771,
4771,"54650","2_SG","4_SG",2,1,0,=,,,4772,
4772,"54650","1_SG","1_SG",2,0,0,=,,,4773,
4773,"54650","1_SG","2_SG",2,0,0,=,,,4774,
4774,"54650","1_SG","3_SG",2,1,0,=,,,4775,
4775,"54650","9_SG","1_SG",2,0,0,=,,,4776,
4776,"54650","9_SG","2_SG",2,0,0,=,,,4777,
4777,"54650","9_SG","3_SG",2,1,0,=,,,4778,
4778,"54650","8_SG","26_SG",2,1,1,=,,,,
4779,"54700","2_SG","1_SG",2,0,0,=,,,4780,
4780,"54700","2_SG","2_SG",2,0,0,=,,,4781,
4781,"54700","2_SG","3_SG",2,0,0,=,,,4782,
4782,"54700","2_SG","4_SG",2,1,0,=,,,4783,
4783,"54700","1_SG","1_SG",2,0,0,=,,,4784,
4784,"54700","1_SG","2_SG",2,0,0,=,,,4785,
4785,"54700","1_SG","3_SG",2,1,0,=,,,4786,
4786,"54700","9_SG","1_SG",2,0,0,=,,,4787,
4787,"54700","9_SG","2_SG",2,0,0,=,,,4788,
4788,"54700","9_SG","3_SG",2,1,0,=,,,4789,
4789,"54700","8_SG","26_SG",2,1,1,=,,,,
4790,"54752","2_SG","1_SG",2,0,0,=,,,4791,
4791,"54752","2_SG","2_SG",2,0,0,=,,,4792,
4792,"54752","2_SG","3_SG",2,0,0,=,,,4793,
4793,"54752","2_SG","4_SG",2,1,0,=,,,4794,
4794,"54752","1_SG","1_SG",2,0,0,=,,,4795,
4795,"54752","1_SG","2_SG",2,0,0,=,,,4796,
4796,"54752","1_SG","3_SG",2,1,0,=,,,4797,
4797,"54752","9_SG","1_SG",2,0,0,=,,,4798,
4798,"54752","9_SG","2_SG",2,0,0,=,,,4799,
4799,"54752","9_SG","3_SG",2,1,0,=,,,4800,
4800,"54752","8_SG","26_SG",2,1,1,=,,,,
4801,"54950","2_SG","1_SG",2,0,0,=,,,4802,
4802,"54950","2_SG","2_SG",2,0,0,=,,,4803,
4803,"54950","2_SG","3_SG",2,0,0,=,,,4804,
4804,"54950","2_SG","4_SG",2,1,0,=,,,4805,
4805,"54950","1_SG","1_SG",2,0,0,=,,,4806,
4806,"54950","1_SG","2_SG",2,0,0,=,,,4807,
4807,"54950","1_SG","3_SG",2,1,0,=,,,4808,
4808,"54950","9_SG","1_SG",2,0,0,=,,,4809,
4809,"54950","9_SG","2_SG",2,0,0,=,,,4810,
4810,"54950","9_SG","3_SG",2,1,0,=,,,4811,
4811,"54950","8_SG","26_SG",2,1,1,=,,,,
4812,"54951","2_SG","1_SG",2,0,0,=,,,4813,
4813,"54951","2_SG","2_SG",2,0,0,=,,,4814,
4814,"54951","2_SG","3_SG",2,0,0,=,,,4815,
4815,"54951","2_SG","4_SG",2,1,0,=,,,4816,
4816,"54951","1_SG","1_SG",2,0,0,=,,,4817,
4817,"54951","1_SG","2_SG",2,0,0,=,,,4818,
4818,"54951","1_SG","3_SG",2,1,0,=,,,4819,
4819,"54951","9_SG","1_SG",2,0,0,=,,,4820,
4820,"54951","9_SG","2_SG",2,0,0,=,,,4821,
4821,"54951","9_SG","3_SG",2,1,0,=,,,4822,
4822,"54951","8_SG","26_SG",2,1,1,=,,,,
4823,"54952","2_SG","1_SG",2,0,0,=,,,4824,
4824,"54952","2_SG","2_SG",2,0,0,=,,,4825,
4825,"54952","2_SG","3_SG",2,0,0,=,,,4826,
4826,"54952","2_SG","4_SG",2,1,0,=,,,4827,
4827,"54952","1_SG","1_SG",2,0,0,=,,,4828,
4828,"54952","1_SG","2_SG",2,0,0,=,,,4829,
4829,"54952","1_SG","3_SG",2,1,0,=,,,4830,
4830,"54952","9_SG","1_SG",2,0,0,=,,,4831,
4831,"54952","9_SG","2_SG",2,0,0,=,,,4832,
4832,"54952","9_SG","3_SG",2,1,0,=,,,4833,
4833,"54952","8_SG","26_SG",2,1,1,=,,,,
4834,"58450","2_SG","1_SG",2,0,0,=,,,4835,
4835,"58450","2_SG","2_SG",2,0,0,=,,,4836,
4836,"58450","2_SG","3_SG",2,0,0,=,,,4837,
4837,"58450","2_SG","4_SG",2,1,0,=,,,4838,
4838,"58450","1_SG","1_SG",2,0,0,=,,,4839,
4839,"58450","1_SG","2_SG",2,0,0,=,,,4840,
4840,"58450","1_SG","3_SG",2,1,0,=,,,4841,
4841,"58450","9_SG","1_SG",2,0,0,=,,,4842,
4842,"58450","9_SG","2_SG",2,0,0,=,,,4843,
4843,"58450","9_SG","3_SG",2,1,0,=,,,4844,
4844,"58450","8_SG","26_SG",2,1,1,=,,,,
4845,"58552","2_SG","1_SG",2,0,0,=,,,4846,
4846,"58552","2_SG","2_SG",2,0,0,=,,,4847,
4847,"58552","2_SG","3_SG",2,0,0,=,,,4848,
4848,"58552","2_SG","4_SG",2,1,0,=,,,4849,
4849,"58552","1_SG","1_SG",2,0,0,=,,,4850,
4850,"58552","1_SG","2_SG",2,0,0,=,,,4851,
4851,"58552","1_SG","3_SG",2,1,0,=,,,4852,
4852,"58552","9_SG","1_SG",2,0,0,=,,,4853,
4853,"58552","9_SG","2_SG",2,0,0,=,,,4854,
4854,"58552","9_SG","3_SG",2,1,0,=,,,4855,
4855,"58552","8_SG","26_SG",2,1,1,=,,,,
4856,"62550","2_SG","1_SG",2,0,0,=,,,4857,
4857,"62550","2_SG","2_SG",2,0,0,=,,,4858,
4858,"62550","2_SG","3_SG",2,0,0,=,,,4859,
4859,"62550","2_SG","4_SG",2,1,0,=,,,4860,
4860,"62550","1_SG","1_SG",2,0,0,=,,,4861,
4861,"62550","1_SG","2_SG",2,0,0,=,,,4862,
4862,"62550","1_SG","3_SG",2,1,0,=,,,4863,
4863,"62550","9_SG","1_SG",2,0,0,=,,,4864,
4864,"62550","9_SG","2_SG",2,0,0,=,,,4865,
4865,"62550","9_SG","3_SG",2,1,0,=,,,4866,
4866,"62550","8_SG","26_SG",2,1,1,=,,,,
4867,"62750","2_SG","1_SG",2,0,0,=,,,4868,
4868,"62750","2_SG","2_SG",2,0,0,=,,,4869,
4869,"62750","2_SG","3_SG",2,0,0,=,,,4870,
4870,"62750","2_SG","4_SG",2,1,0,=,,,4871,
4871,"62750","1_SG","1_SG",2,0,0,=,,,4872,
4872,"62750","1_SG","2_SG",2,0,0,=,,,4873,
4873,"62750","1_SG","3_SG",2,1,0,=,,,4874,
4874,"62750","9_SG","1_SG",2,0,0,=,,,4875,
4875,"62750","9_SG","2_SG",2,0,0,=,,,4876,
4876,"62750","9_SG","3_SG",2,1,0,=,,,4877,
4877,"62750","8_SG","26_SG",2,1,1,=,,,,
4878,"80302","1_SG","1_SG",3,0,0,=,,,4879,
4879,"80302","1_SG","2_SG",3,1,0,=,,,4880,
4880,"80302","2_SG","1_SG",4,0,0,=,,,4881,
4881,"80302","2_SG","2_SG",4,0,0,=,,,4882,
4882,"80302","2_SG","3_SG",4,1,0,=,,,4883,
4883,"80302","8_SG","26_SG",4,1,1,=,,,,
4889,"80350","1_SG","1_SG",3,0,0,=,,,4890,
4890,"80350","1_SG","2_SG",3,1,0,=,,,4891,
4891,"80350","2_SG","1_SG",3,0,0,=,,,4892,
4892,"80350","2_SG","2_SG",3,1,0,=,,,4893,
4893,"80350","3_SG","1_SG",3,0,0,=,,,4894,
4894,"80350","3_SG","2_SG",3,1,0,=,,,4895,
4895,"80350","8_SG","26_SG",3,1,1,=,,,,
4900,"80354","1_SG","1_SG",3,0,0,=,,,4901,
4901,"80354","1_SG","2_SG",3,1,0,=,,,4902,
4902,"80354","2_SG","1_SG",3,0,0,=,,,4903,
4903,"80354","2_SG","2_SG",3,1,0,=,,,4904,
4904,"80354","3_SG","1_SG",3,0,0,=,,,4905,
4905,"80354","3_SG","2_SG",3,1,0,=,,,4906,
4906,"80354","8_SG","26_SG",3,1,1,=,,,,
4911,"80650","2_SG","1_SG",2,0,0,=,,,4912,
4912,"80650","2_SG","2_SG",2,0,0,=,,,4913,
4913,"80650","2_SG","3_SG",2,0,0,=,,,4914,
4914,"80650","2_SG","4_SG",2,1,0,=,,,4915,
4915,"80650","1_SG","1_SG",2,0,0,=,,,4916,
4916,"80650","1_SG","2_SG",2,0,0,=,,,4917,
4917,"80650","1_SG","3_SG",2,1,0,=,,,4918,
4918,"80650","9_SG","1_SG",2,0,0,=,,,4919,
4919,"80650","9_SG","2_SG",2,0,0,=,,,4920,
4920,"80650","9_SG","3_SG",2,1,0,=,,,4921,
4921,"80650","8_SG","26_SG",2,1,1,=,,,,
4922,"80652","2_SG","1_SG",2,0,0,=,,,4923,
4923,"80652","2_SG","2_SG",2,0,0,=,,,4924,
4924,"80652","2_SG","3_SG",2,0,0,=,,,4925,
4925,"80652","2_SG","4_SG",2,1,0,=,,,4926,
4926,"80652","1_SG","1_SG",2,0,0,=,,,4927,
4927,"80652","1_SG","2_SG",2,0,0,=,,,4928,
4928,"80652","1_SG","3_SG",2,1,0,=,,,4929,
4929,"80652","9_SG","1_SG",2,0,0,=,,,4930,
4930,"80652","9_SG","2_SG",2,0,0,=,,,4931,
4931,"80652","9_SG","3_SG",2,1,0,=,,,4932,
4932,"80652","8_SG","26_SG",2,1,1,=,,,,
4933,"80850","1_SG","1_SG",2,0,0,=,,,4934,
4934,"80850","1_SG","2_SG",2,1,0,=,,,4935,
4935,"80850","2_SG","1_SG",2,0,0,=,,,4936,
4936,"80850","2_SG","2_SG",2,1,0,=,,,4937,
4937,"80850","3_SG","1_SG",3,0,0,=,,,11711,
4938,"80850","8_SG","26_SG",3,1,1,=,,,,
4944,"81550","2_SG","1_SG",2,0,0,=,,,4945,
4945,"81550","2_SG","2_SG",2,0,0,=,,,4946,
4946,"81550","2_SG","3_SG",2,0,0,=,,,4947,
4947,"81550","2_SG","4_SG",2,1,0,=,,,4948,
4948,"81550","1_SG","1_SG",2,0,0,=,,,4949,
4949,"81550","1_SG","2_SG",2,0,0,=,,,4950,
4950,"81550","1_SG","3_SG",3,1,0,=,,,4951,
4951,"81550","7_SG","1_SG",3,0,0,=,,,4952,
4952,"81550","7_SG","2_SG",3,0,0,=,,,4953,
4953,"81550","7_SG","3_SG",3,1,0,=,,,4954,
4954,"81550","8_SG","26_SG",3,1,1,=,,,,
4955,"81850","2_SG","1_SG",2,0,0,=,,,4956,
4956,"81850","2_SG","2_SG",2,0,0,=,,,4957,
4957,"81850","2_SG","3_SG",2,0,0,=,,,4958,
4958,"81850","2_SG","4_SG",2,1,0,=,,,4959,
4959,"81850","1_SG","1_SG",2,0,0,=,,,4960,
4960,"81850","1_SG","2_SG",2,0,0,=,,,4961,
4961,"81850","1_SG","3_SG",2,1,0,=,,,4962,
4962,"81850","7_SG","1_SG",2,0,0,=,,,4963,
4963,"81850","7_SG","2_SG",2,0,0,=,,,4964,
4964,"81850","7_SG","3_SG",2,1,1,=,,,,
4965,"81850","8_SG","26_SG",2,1,1,=,,,,
4966,"900011","2_SG","1_SG",2,0,0,=,,,4967,
4967,"900011","2_SG","2_SG",2,0,0,=,,,4968,
4968,"900011","2_SG","3_SG",2,0,0,=,,,4969,
4969,"900011","2_SG","4_SG",2,1,0,=,,,4970,
4970,"900011","1_SG","1_SG",2,0,0,=,,,4971,
4971,"900011","1_SG","2_SG",2,0,0,=,,,4972,
4972,"900011","1_SG","3_SG",2,1,0,=,,,4973,
4973,"900011","9_SG","1_SG",2,0,0,=,,,4974,
4974,"900011","9_SG","2_SG",2,0,0,=,,,4975,
4975,"900011","9_SG","3_SG",2,1,0,=,,,4976,
4976,"900011","8_SG","26_SG",2,1,1,=,,,,
4977,"900012","2_SG","1_SG",2,0,0,=,,,4978,
4978,"900012","2_SG","2_SG",2,0,0,=,,,4979,
4979,"900012","2_SG","3_SG",2,0,0,=,,,4980,
4980,"900012","2_SG","4_SG",2,1,0,=,,,4981,
4981,"900012","1_SG","1_SG",2,0,0,=,,,4982,
4982,"900012","1_SG","2_SG",2,0,0,=,,,4983,
4983,"900012","1_SG","3_SG",2,1,0,=,,,4984,
4984,"900012","9_SG","1_SG",2,0,0,=,,,4985,
4985,"900012","9_SG","2_SG",2,0,0,=,,,4986,
4986,"900012","9_SG","3_SG",2,1,0,=,,,4987,
4987,"900012","8_SG","26_SG",2,1,1,=,,,,
4988,"900013","2_SG","1_SG",2,0,0,=,,,4989,
4989,"900013","2_SG","2_SG",2,0,0,=,,,4990,
4990,"900013","2_SG","3_SG",2,0,0,=,,,4991,
4991,"900013","2_SG","4_SG",2,1,0,=,,,4992,
4992,"900013","1_SG","1_SG",2,0,0,=,,,4993,
4993,"900013","1_SG","2_SG",2,0,0,=,,,4994,
4994,"900013","1_SG","3_SG",2,1,0,=,,,4995,
4995,"900013","9_SG","1_SG",2,0,0,=,,,4996,
4996,"900013","9_SG","2_SG",2,0,0,=,,,4997,
4997,"900013","9_SG","3_SG",2,1,0,=,,,4998,
4998,"900013","8_SG","26_SG",2,1,1,=,,,,
4999,"900014","2_SG","1_SG",2,0,0,=,,,5000,
5000,"900014","2_SG","2_SG",2,0,0,=,,,5001,
5001,"900014","2_SG","3_SG",2,0,0,=,,,5002,
5002,"900014","2_SG","4_SG",2,1,0,=,,,5003,
5003,"900014","1_SG","1_SG",2,0,0,=,,,5004,
5004,"900014","1_SG","2_SG",2,0,0,=,,,5005,
5005,"900014","1_SG","3_SG",2,1,0,=,,,5006,
5006,"900014","9_SG","1_SG",2,0,0,=,,,5007,
5007,"900014","9_SG","2_SG",2,0,0,=,,,5008,
5008,"900014","9_SG","3_SG",2,1,0,=,,,5009,
5009,"900014","8_SG","26_SG",2,1,1,=,,,,
5010,"900015","2_SG","1_SG",2,0,0,=,,,5011,
5011,"900015","2_SG","2_SG",2,0,0,=,,,5012,
5012,"900015","2_SG","3_SG",2,0,0,=,,,5013,
5013,"900015","2_SG","4_SG",2,1,0,=,,,5014,
5014,"900015","1_SG","1_SG",2,0,0,=,,,5015,
5015,"900015","1_SG","2_SG",2,0,0,=,,,5016,
5016,"900015","1_SG","3_SG",2,1,0,=,,,5017,
5017,"900015","9_SG","1_SG",2,0,0,=,,,5018,
5018,"900015","9_SG","2_SG",2,0,0,=,,,5019,
5019,"900015","9_SG","3_SG",2,1,0,=,,,5020,
5020,"900015","8_SG","26_SG",2,1,1,=,,,,
5021,"900036","2_SG","1_SG",2,0,0,=,,,5022,
5022,"900036","2_SG","2_SG",2,0,0,=,,,5023,
5023,"900036","2_SG","3_SG",2,0,0,=,,,5024,
5024,"900036","2_SG","4_SG",2,1,0,=,,,5025,
5025,"900036","1_SG","1_SG",2,0,0,=,,,5026,
5026,"900036","1_SG","2_SG",2,0,0,=,,,5027,
5027,"900036","1_SG","3_SG",2,1,0,=,,,5028,
5028,"900036","9_SG","1_SG",2,0,0,=,,,5029,
5029,"900036","9_SG","2_SG",2,0,0,=,,,5030,
5030,"900036","9_SG","3_SG",2,1,0,=,,,5031,
5031,"900036","8_SG","26_SG",2,1,1,=,,,,
5032,"900037","2_SG","1_SG",2,0,0,=,,,5033,
5033,"900037","2_SG","2_SG",2,0,0,=,,,5034,
5034,"900037","2_SG","3_SG",2,0,0,=,,,5035,
5035,"900037","2_SG","4_SG",2,1,0,=,,,5036,
5036,"900037","1_SG","1_SG",2,0,0,=,,,5037,
5037,"900037","1_SG","2_SG",2,0,0,=,,,5038,
5038,"900037","1_SG","3_SG",2,1,0,=,,,5039,
5039,"900037","9_SG","1_SG",2,0,0,=,,,5040,
5040,"900037","9_SG","2_SG",2,0,0,=,,,5041,
5041,"900037","9_SG","3_SG",2,1,0,=,,,5042,
5042,"900037","8_SG","26_SG",2,1,1,=,,,,
5043,"900038","2_SG","1_SG",2,0,0,=,,,5044,
5044,"900038","2_SG","2_SG",2,0,0,=,,,5045,
5045,"900038","2_SG","3_SG",2,0,0,=,,,5046,
5046,"900038","2_SG","4_SG",2,1,0,=,,,5047,
5047,"900038","1_SG","1_SG",2,0,0,=,,,5048,
5048,"900038","1_SG","2_SG",2,0,0,=,,,5049,
5049,"900038","1_SG","3_SG",2,1,0,=,,,5050,
5050,"900038","9_SG","1_SG",2,0,0,=,,,5051,
5051,"900038","9_SG","2_SG",2,0,0,=,,,5052,
5052,"900038","9_SG","3_SG",2,1,0,=,,,5053,
5053,"900038","8_SG","26_SG",2,1,1,=,,,,
5054,"900039","2_SG","1_SG",2,0,0,=,,,5055,
5055,"900039","2_SG","2_SG",2,0,0,=,,,5056,
5056,"900039","2_SG","3_SG",2,0,0,=,,,5057,
5057,"900039","2_SG","4_SG",2,1,0,=,,,5058,
5058,"900039","1_SG","1_SG",2,0,0,=,,,5059,
5059,"900039","1_SG","2_SG",2,0,0,=,,,5060,
5060,"900039","1_SG","3_SG",2,1,0,=,,,5061,
5061,"900039","9_SG","1_SG",2,0,0,=,,,5062,
5062,"900039","9_SG","2_SG",2,0,0,=,,,5063,
5063,"900039","9_SG","3_SG",2,1,0,=,,,5064,
5064,"900039","8_SG","26_SG",2,1,1,=,,,,
5065,"900052","2_SG","1_SG",2,0,0,=,,,5066,
5066,"900052","2_SG","2_SG",2,0,0,=,,,5067,
5067,"900052","2_SG","3_SG",2,0,0,=,,,5068,
5068,"900052","2_SG","4_SG",2,1,0,=,,,5069,
5069,"900052","1_SG","1_SG",2,0,0,=,,,5070,
5070,"900052","1_SG","2_SG",2,0,0,=,,,5071,
5071,"900052","1_SG","3_SG",2,1,0,=,,,5072,
5072,"900052","9_SG","1_SG",2,0,0,=,,,5073,
5073,"900052","9_SG","2_SG",2,0,0,=,,,5074,
5074,"900052","9_SG","3_SG",2,1,0,=,,,5075,
5075,"900052","8_SG","26_SG",2,1,1,=,,,,
5076,"900054","2_SG","1_SG",2,0,0,=,,,5077,
5077,"900054","2_SG","2_SG",2,0,0,=,,,5078,
5078,"900054","2_SG","3_SG",2,0,0,=,,,5079,
5079,"900054","2_SG","4_SG",2,1,0,=,,,5080,
5080,"900054","1_SG","1_SG",2,0,0,=,,,5081,
5081,"900054","1_SG","2_SG",2,0,0,=,,,5082,
5082,"900054","1_SG","3_SG",2,1,0,=,,,5083,
5083,"900054","9_SG","1_SG",2,0,0,=,,,5084,
5084,"900054","9_SG","2_SG",2,0,0,=,,,5085,
5085,"900054","9_SG","3_SG",2,1,0,=,,,5086,
5086,"900054","8_SG","26_SG",2,1,1,=,,,,
5087,"900055","2_SG","1_SG",2,0,0,=,,,5088,
5088,"900055","2_SG","2_SG",2,0,0,=,,,5089,
5089,"900055","2_SG","3_SG",2,0,0,=,,,5090,
5090,"900055","2_SG","4_SG",2,1,0,=,,,5091,
5091,"900055","1_SG","1_SG",2,0,0,=,,,5092,
5092,"900055","1_SG","2_SG",2,0,0,=,,,5093,
5093,"900055","1_SG","3_SG",2,1,0,=,,,5094,
5094,"900055","9_SG","1_SG",2,0,0,=,,,5095,
5095,"900055","9_SG","2_SG",2,0,0,=,,,5096,
5096,"900055","9_SG","3_SG",2,1,0,=,,,5097,
5097,"900055","8_SG","26_SG",2,1,1,=,,,,
5098,"900056","2_SG","1_SG",2,0,0,=,,,5099,
5099,"900056","2_SG","2_SG",2,0,0,=,,,5100,
5100,"900056","2_SG","3_SG",2,0,0,=,,,5101,
5101,"900056","2_SG","4_SG",2,1,0,=,,,5102,
5102,"900056","1_SG","1_SG",2,0,0,=,,,5103,
5103,"900056","1_SG","2_SG",2,0,0,=,,,5104,
5104,"900056","1_SG","3_SG",2,1,0,=,,,5105,
5105,"900056","9_SG","1_SG",2,0,0,=,,,5106,
5106,"900056","9_SG","2_SG",2,0,0,=,,,5107,
5107,"900056","9_SG","3_SG",2,1,0,=,,,5108,
5108,"900056","8_SG","26_SG",2,1,1,=,,,,
5109,"900057","2_SG","1_SG",2,0,0,=,,,5110,
5110,"900057","2_SG","2_SG",2,0,0,=,,,5111,
5111,"900057","2_SG","3_SG",2,0,0,=,,,5112,
5112,"900057","2_SG","4_SG",2,1,0,=,,,5113,
5113,"900057","1_SG","1_SG",2,0,0,=,,,5114,
5114,"900057","1_SG","2_SG",2,0,0,=,,,5115,
5115,"900057","1_SG","3_SG",2,1,0,=,,,5116,
5116,"900057","9_SG","1_SG",2,0,0,=,,,5117,
5117,"900057","9_SG","2_SG",2,0,0,=,,,5118,
5118,"900057","9_SG","3_SG",2,1,0,=,,,5119,
5119,"900057","8_SG","26_SG",2,1,1,=,,,,
5120,"900058","2_SG","1_SG",2,0,0,=,,,5121,
5121,"900058","2_SG","2_SG",2,0,0,=,,,5122,
5122,"900058","2_SG","3_SG",2,0,0,=,,,5123,
5123,"900058","2_SG","4_SG",2,1,0,=,,,5124,
5124,"900058","1_SG","1_SG",2,0,0,=,,,5125,
5125,"900058","1_SG","2_SG",2,0,0,=,,,5126,
5126,"900058","1_SG","3_SG",2,1,0,=,,,5127,
5127,"900058","9_SG","1_SG",2,0,0,=,,,5128,
5128,"900058","9_SG","2_SG",2,0,0,=,,,5129,
5129,"900058","9_SG","3_SG",2,1,0,=,,,5130,
5130,"900058","8_SG","26_SG",2,1,1,=,,,,
5131,"900066","2_SG","1_SG",2,0,0,=,,,5132,
5132,"900066","2_SG","2_SG",2,0,0,=,,,5133,
5133,"900066","2_SG","3_SG",2,0,0,=,,,5134,
5134,"900066","2_SG","4_SG",2,1,0,=,,,5135,
5135,"900066","1_SG","1_SG",2,0,0,=,,,5136,
5136,"900066","1_SG","2_SG",2,0,0,=,,,5137,
5137,"900066","1_SG","3_SG",2,1,0,=,,,5138,
5138,"900066","9_SG","1_SG",2,0,0,=,,,5139,
5139,"900066","9_SG","2_SG",2,0,0,=,,,5140,
5140,"900066","9_SG","3_SG",2,1,0,=,,,5141,
5141,"900066","8_SG","26_SG",2,1,1,=,,,,
5142,"900067","2_SG","1_SG",2,0,0,=,,,5143,
5143,"900067","2_SG","2_SG",2,0,0,=,,,5144,
5144,"900067","2_SG","3_SG",2,0,0,=,,,5145,
5145,"900067","2_SG","4_SG",2,1,0,=,,,5146,
5146,"900067","1_SG","1_SG",2,0,0,=,,,5147,
5147,"900067","1_SG","2_SG",2,0,0,=,,,5148,
5148,"900067","1_SG","3_SG",2,1,0,=,,,5149,
5149,"900067","9_SG","1_SG",2,0,0,=,,,5150,
5150,"900067","9_SG","2_SG",2,0,0,=,,,5151,
5151,"900067","9_SG","3_SG",2,1,0,=,,,5152,
5152,"900067","8_SG","26_SG",2,1,1,=,,,,
5153,"900070","2_SG","1_SG",2,0,0,=,,,5154,
5154,"900070","2_SG","2_SG",2,0,0,=,,,5155,
5155,"900070","2_SG","3_SG",2,0,0,=,,,5156,
5156,"900070","2_SG","4_SG",2,1,0,=,,,5157,
5157,"900070","1_SG","1_SG",2,0,0,=,,,5158,
5158,"900070","1_SG","2_SG",2,0,0,=,,,5159,
5159,"900070","1_SG","3_SG",2,1,0,=,,,5160,
5160,"900070","9_SG","1_SG",2,0,0,=,,,5161,
5161,"900070","9_SG","2_SG",2,0,0,=,,,5162,
5162,"900070","9_SG","3_SG",2,1,0,=,,,5163,
5163,"900070","8_SG","26_SG",2,1,1,=,,,,
5164,"900072","2_SG","1_SG",2,0,0,=,,,5165,
5165,"900072","2_SG","2_SG",2,0,0,=,,,5166,
5166,"900072","2_SG","3_SG",2,0,0,=,,,5167,
5167,"900072","2_SG","4_SG",2,1,0,=,,,5168,
5168,"900072","1_SG","1_SG",2,0,0,=,,,5169,
5169,"900072","1_SG","2_SG",2,0,0,=,,,5170,
5170,"900072","1_SG","3_SG",2,1,0,=,,,5171,
5171,"900072","9_SG","1_SG",2,0,0,=,,,5172,
5172,"900072","9_SG","2_SG",2,0,0,=,,,5173,
5173,"900072","9_SG","3_SG",2,1,0,=,,,5174,
5174,"900072","8_SG","26_SG",2,1,1,=,,,,
5175,"900073","2_SG","1_SG",2,0,0,=,,,5176,
5176,"900073","2_SG","2_SG",2,0,0,=,,,5177,
5177,"900073","2_SG","3_SG",2,0,0,=,,,5178,
5178,"900073","2_SG","4_SG",2,1,0,=,,,5179,
5179,"900073","1_SG","1_SG",2,0,0,=,,,5180,
5180,"900073","1_SG","2_SG",2,0,0,=,,,5181,
5181,"900073","1_SG","3_SG",2,1,0,=,,,5182,
5182,"900073","9_SG","1_SG",2,0,0,=,,,5183,
5183,"900073","9_SG","2_SG",2,0,0,=,,,5184,
5184,"900073","9_SG","3_SG",2,1,0,=,,,5185,
5185,"900073","8_SG","26_SG",2,1,1,=,,,,
5186,"900074","2_SG","1_SG",2,0,0,=,,,5187,
5187,"900074","2_SG","2_SG",2,0,0,=,,,5188,
5188,"900074","2_SG","3_SG",2,0,0,=,,,5189,
5189,"900074","2_SG","4_SG",2,1,0,=,,,5190,
5190,"900074","1_SG","1_SG",2,0,0,=,,,5191,
5191,"900074","1_SG","2_SG",2,0,0,=,,,5192,
5192,"900074","1_SG","3_SG",2,1,0,=,,,5193,
5193,"900074","9_SG","1_SG",2,0,0,=,,,5194,
5194,"900074","9_SG","2_SG",2,0,0,=,,,5195,
5195,"900074","9_SG","3_SG",2,1,0,=,,,5196,
5196,"900074","8_SG","26_SG",2,1,1,=,,,,
5197,"900075","2_SG","1_SG",2,0,0,=,,,5198,
5198,"900075","2_SG","2_SG",2,0,0,=,,,5199,
5199,"900075","2_SG","3_SG",2,0,0,=,,,5200,
5200,"900075","2_SG","4_SG",2,1,0,=,,,5201,
5201,"900075","1_SG","1_SG",2,0,0,=,,,5202,
5202,"900075","1_SG","2_SG",2,0,0,=,,,5203,
5203,"900075","1_SG","3_SG",2,1,0,=,,,5204,
5204,"900075","9_SG","1_SG",2,0,0,=,,,5205,
5205,"900075","9_SG","2_SG",2,0,0,=,,,5206,
5206,"900075","9_SG","3_SG",2,1,0,=,,,5207,
5207,"900075","8_SG","26_SG",2,1,1,=,,,,
5208,"900076","2_SG","1_SG",2,0,0,=,,,5209,
5209,"900076","2_SG","2_SG",2,0,0,=,,,5210,
5210,"900076","2_SG","3_SG",2,0,0,=,,,5211,
5211,"900076","2_SG","4_SG",2,1,0,=,,,5212,
5212,"900076","1_SG","1_SG",2,0,0,=,,,5213,
5213,"900076","1_SG","2_SG",2,0,0,=,,,5214,
5214,"900076","1_SG","3_SG",2,1,0,=,,,5215,
5215,"900076","9_SG","1_SG",2,0,0,=,,,5216,
5216,"900076","9_SG","2_SG",2,0,0,=,,,5217,
5217,"900076","9_SG","3_SG",2,1,0,=,,,5218,
5218,"900076","8_SG","26_SG",2,1,1,=,,,,
5219,"900101","2_SG","1_SG",2,0,0,=,,,5220,
5220,"900101","2_SG","2_SG",2,0,0,=,,,5221,
5221,"900101","2_SG","3_SG",2,0,0,=,,,5222,
5222,"900101","2_SG","4_SG",2,1,0,=,,,5223,
5223,"900101","1_SG","1_SG",2,0,0,=,,,5224,
5224,"900101","1_SG","2_SG",2,0,0,=,,,5225,
5225,"900101","1_SG","3_SG",2,1,0,=,,,5226,
5226,"900101","9_SG","1_SG",2,0,0,=,,,5227,
5227,"900101","9_SG","2_SG",2,0,0,=,,,5228,
5228,"900101","9_SG","3_SG",2,1,0,=,,,5229,
5229,"900101","8_SG","26_SG",2,1,1,=,,,,
5230,"900108","2_SG","1_SG",2,0,0,=,,,5231,
5231,"900108","2_SG","2_SG",2,0,0,=,,,5232,
5232,"900108","2_SG","3_SG",2,0,0,=,,,5233,
5233,"900108","2_SG","4_SG",2,1,0,=,,,5234,
5234,"900108","1_SG","1_SG",2,0,0,=,,,5235,
5235,"900108","1_SG","2_SG",2,0,0,=,,,5236,
5236,"900108","1_SG","3_SG",2,1,0,=,,,5237,
5237,"900108","9_SG","1_SG",2,0,0,=,,,5238,
5238,"900108","9_SG","2_SG",2,0,0,=,,,5239,
5239,"900108","9_SG","3_SG",2,1,0,=,,,5240,
5240,"900108","8_SG","26_SG",2,1,1,=,,,,
5241,"900109","2_SG","1_SG",2,0,0,=,,,5242,
5242,"900109","2_SG","2_SG",2,0,0,=,,,5243,
5243,"900109","2_SG","3_SG",2,0,0,=,,,5244,
5244,"900109","2_SG","4_SG",2,1,0,=,,,5245,
5245,"900109","1_SG","1_SG",2,0,0,=,,,5246,
5246,"900109","1_SG","2_SG",2,0,0,=,,,5247,
5247,"900109","1_SG","3_SG",2,1,0,=,,,5248,
5248,"900109","9_SG","1_SG",2,0,0,=,,,5249,
5249,"900109","9_SG","2_SG",2,0,0,=,,,5250,
5250,"900109","9_SG","3_SG",2,1,0,=,,,5251,
5251,"900109","8_SG","26_SG",2,1,1,=,,,,
5252,"900110","2_SG","1_SG",2,0,0,=,,,5253,
5253,"900110","2_SG","2_SG",2,0,0,=,,,5254,
5254,"900110","2_SG","3_SG",2,0,0,=,,,5255,
5255,"900110","2_SG","4_SG",2,1,0,=,,,5256,
5256,"900110","1_SG","1_SG",2,0,0,=,,,5257,
5257,"900110","1_SG","2_SG",2,0,0,=,,,5258,
5258,"900110","1_SG","3_SG",2,1,0,=,,,5259,
5259,"900110","9_SG","1_SG",2,0,0,=,,,5260,
5260,"900110","9_SG","2_SG",2,0,0,=,,,5261,
5261,"900110","9_SG","3_SG",2,1,0,=,,,5262,
5262,"900110","8_SG","26_SG",2,1,1,=,,,,
5263,"900113","2_SG","1_SG",2,0,0,=,,,5264,
5264,"900113","2_SG","2_SG",2,0,0,=,,,5265,
5265,"900113","2_SG","3_SG",2,0,0,=,,,5266,
5266,"900113","2_SG","4_SG",2,1,0,=,,,5267,
5267,"900113","1_SG","1_SG",2,0,0,=,,,5268,
5268,"900113","1_SG","2_SG",2,0,0,=,,,5269,
5269,"900113","1_SG","3_SG",2,1,0,=,,,5270,
5270,"900113","9_SG","1_SG",2,0,0,=,,,5271,
5271,"900113","9_SG","2_SG",2,0,0,=,,,5272,
5272,"900113","9_SG","3_SG",2,1,0,=,,,5273,
5273,"900113","8_SG","26_SG",2,1,1,=,,,,
5274,"900114","2_SG","1_SG",2,0,0,=,,,5275,
5275,"900114","2_SG","2_SG",2,0,0,=,,,5276,
5276,"900114","2_SG","3_SG",2,0,0,=,,,5277,
5277,"900114","2_SG","4_SG",2,1,0,=,,,5278,
5278,"900114","1_SG","1_SG",2,0,0,=,,,5279,
5279,"900114","1_SG","2_SG",2,0,0,=,,,5280,
5280,"900114","1_SG","3_SG",2,1,0,=,,,5281,
5281,"900114","9_SG","1_SG",2,0,0,=,,,5282,
5282,"900114","9_SG","2_SG",2,0,0,=,,,5283,
5283,"900114","9_SG","3_SG",2,1,0,=,,,5284,
5284,"900114","8_SG","26_SG",2,1,1,=,,,,
5285,"900118","2_SG","1_SG",2,0,0,=,,,5286,
5286,"900118","2_SG","2_SG",2,0,0,=,,,5287,
5287,"900118","2_SG","3_SG",2,0,0,=,,,5288,
5288,"900118","2_SG","4_SG",2,1,0,=,,,5289,
5289,"900118","1_SG","1_SG",2,0,0,=,,,5290,
5290,"900118","1_SG","2_SG",2,0,0,=,,,5291,
5291,"900118","1_SG","3_SG",2,1,0,=,,,5292,
5292,"900118","9_SG","1_SG",2,0,0,=,,,5293,
5293,"900118","9_SG","2_SG",2,0,0,=,,,5294,
5294,"900118","9_SG","3_SG",2,1,0,=,,,5295,
5295,"900118","8_SG","26_SG",2,1,1,=,,,,
5296,"900119","2_SG","1_SG",2,0,0,=,,,5297,
5297,"900119","2_SG","2_SG",2,0,0,=,,,5298,
5298,"900119","2_SG","3_SG",2,0,0,=,,,5299,
5299,"900119","2_SG","4_SG",2,1,0,=,,,5300,
5300,"900119","1_SG","1_SG",2,0,0,=,,,5301,
5301,"900119","1_SG","2_SG",2,0,0,=,,,5302,
5302,"900119","1_SG","3_SG",2,1,0,=,,,5303,
5303,"900119","9_SG","1_SG",2,0,0,=,,,5304,
5304,"900119","9_SG","2_SG",2,0,0,=,,,5305,
5305,"900119","9_SG","3_SG",2,1,0,=,,,5306,
5306,"900119","8_SG","26_SG",2,1,1,=,,,,
5307,"900120","4_SG","1_SG",2,0,0,=,,,5308,
5308,"900120","4_SG","2_SG",2,1,0,=,,,5309,
5309,"900120","3_SG","1_SG",2,0,0,=,,,5310,
5310,"900120","3_SG","2_SG",2,1,0,=,,,5311,
5311,"900120","2_SG","1_SG",3,0,0,=,,,5312,
5312,"900120","2_SG","2_SG",3,1,0,=,,,5313,
5313,"900120","1_SG","1_SG",3,0,0,=,,,5314,
5314,"900120","1_SG","2_SG",3,1,0,=,,,5317,
5317,"900120","7_SG","26_SG",3,1,1,=,,,,
5318,"900121","2_SG","1_SG",2,0,0,=,,,5319,
5319,"900121","2_SG","2_SG",2,0,0,=,,,5320,
5320,"900121","2_SG","3_SG",2,0,0,=,,,5321,
5321,"900121","2_SG","4_SG",2,1,0,=,,,5322,
5322,"900121","1_SG","1_SG",2,0,0,=,,,5323,
5323,"900121","1_SG","2_SG",2,0,0,=,,,5324,
5324,"900121","1_SG","3_SG",2,1,0,=,,,5325,
5325,"900121","9_SG","1_SG",2,0,0,=,,,5326,
5326,"900121","9_SG","2_SG",2,0,0,=,,,5327,
5327,"900121","9_SG","3_SG",2,1,0,=,,,5328,
5328,"900121","8_SG","26_SG",2,1,1,=,,,,
5329,"900122","2_SG","1_SG",2,0,0,=,,,5330,
5330,"900122","2_SG","2_SG",2,0,0,=,,,5331,
5331,"900122","2_SG","3_SG",2,0,0,=,,,5332,
5332,"900122","2_SG","4_SG",2,1,0,=,,,5333,
5333,"900122","1_SG","1_SG",2,0,0,=,,,5334,
5334,"900122","1_SG","2_SG",2,0,0,=,,,5335,
5335,"900122","1_SG","3_SG",2,1,0,=,,,5336,
5336,"900122","9_SG","1_SG",2,0,0,=,,,5337,
5337,"900122","9_SG","2_SG",2,0,0,=,,,5338,
5338,"900122","9_SG","3_SG",2,1,0,=,,,5339,
5339,"900122","8_SG","26_SG",2,1,1,=,,,,
5340,"900124","2_SG","1_SG",2,0,0,=,,,5341,
5341,"900124","2_SG","2_SG",2,0,0,=,,,5342,
5342,"900124","2_SG","3_SG",2,0,0,=,,,5343,
5343,"900124","2_SG","4_SG",2,1,0,=,,,5344,
5344,"900124","1_SG","1_SG",2,0,0,=,,,5345,
5345,"900124","1_SG","2_SG",2,0,0,=,,,5346,
5346,"900124","1_SG","3_SG",2,1,0,=,,,5347,
5347,"900124","9_SG","1_SG",2,0,0,=,,,5348,
5348,"900124","9_SG","2_SG",2,0,0,=,,,5349,
5349,"900124","9_SG","3_SG",2,1,0,=,,,5350,
5350,"900124","8_SG","26_SG",2,1,1,=,,,,
5351,"900128","2_SG","1_SG",2,0,0,=,,,5352,
5352,"900128","2_SG","2_SG",2,0,0,=,,,5353,
5353,"900128","2_SG","3_SG",2,0,0,=,,,5354,
5354,"900128","2_SG","4_SG",2,1,0,=,,,5355,
5355,"900128","1_SG","1_SG",2,0,0,=,,,5356,
5356,"900128","1_SG","2_SG",2,0,0,=,,,5357,
5357,"900128","1_SG","3_SG",2,1,0,=,,,5358,
5358,"900128","9_SG","1_SG",2,0,0,=,,,5359,
5359,"900128","9_SG","2_SG",2,0,0,=,,,5360,
5360,"900128","9_SG","3_SG",2,1,0,=,,,5361,
5361,"900128","8_SG","26_SG",2,1,1,=,,,,
5362,"900129","2_SG","1_SG",2,0,0,=,,,5363,
5363,"900129","2_SG","2_SG",2,0,0,=,,,5364,
5364,"900129","2_SG","3_SG",2,0,0,=,,,5365,
5365,"900129","2_SG","4_SG",2,1,0,=,,,5366,
5366,"900129","1_SG","1_SG",2,0,0,=,,,5367,
5367,"900129","1_SG","2_SG",2,0,0,=,,,5368,
5368,"900129","1_SG","3_SG",2,1,0,=,,,5369,
5369,"900129","9_SG","1_SG",2,0,0,=,,,5370,
5370,"900129","9_SG","2_SG",2,0,0,=,,,5371,
5371,"900129","9_SG","3_SG",2,1,0,=,,,5372,
5372,"900129","8_SG","26_SG",2,1,1,=,,,,
5373,"900136","2_SG","1_SG",2,0,0,=,,,5374,
5374,"900136","2_SG","2_SG",2,0,0,=,,,5375,
5375,"900136","2_SG","3_SG",2,0,0,=,,,5376,
5376,"900136","2_SG","4_SG",2,1,0,=,,,5377,
5377,"900136","1_SG","1_SG",2,0,0,=,,,5378,
5378,"900136","1_SG","2_SG",2,0,0,=,,,5379,
5379,"900136","1_SG","3_SG",2,1,0,=,,,5380,
5380,"900136","9_SG","1_SG",2,0,0,=,,,5381,
5381,"900136","9_SG","2_SG",2,0,0,=,,,5382,
5382,"900136","9_SG","3_SG",2,1,0,=,,,5383,
5383,"900136","8_SG","26_SG",2,1,1,=,,,,
5384,"900140","2_SG","1_SG",2,0,0,=,,,5385,
5385,"900140","2_SG","2_SG",2,0,0,=,,,5386,
5386,"900140","2_SG","3_SG",2,0,0,=,,,5387,
5387,"900140","2_SG","4_SG",2,1,0,=,,,5388,
5388,"900140","1_SG","1_SG",2,0,0,=,,,5389,
5389,"900140","1_SG","2_SG",2,0,0,=,,,5390,
5390,"900140","1_SG","3_SG",2,1,0,=,,,5391,
5391,"900140","9_SG","1_SG",2,0,0,=,,,5392,
5392,"900140","9_SG","2_SG",2,0,0,=,,,5393,
5393,"900140","9_SG","3_SG",2,1,0,=,,,5394,
5394,"900140","8_SG","26_SG",2,1,1,=,,,,
5395,"900144","2_SG","1_SG",2,0,0,=,,,5396,
5396,"900144","2_SG","2_SG",2,0,0,=,,,5397,
5397,"900144","2_SG","3_SG",2,0,0,=,,,5398,
5398,"900144","2_SG","4_SG",2,1,0,=,,,5399,
5399,"900144","1_SG","1_SG",2,0,0,=,,,5400,
5400,"900144","1_SG","2_SG",2,0,0,=,,,5401,
5401,"900144","1_SG","3_SG",2,1,0,=,,,5402,
5402,"900144","9_SG","1_SG",2,0,0,=,,,5403,
5403,"900144","9_SG","2_SG",2,0,0,=,,,5404,
5404,"900144","9_SG","3_SG",2,1,0,=,,,5405,
5405,"900144","8_SG","26_SG",2,1,1,=,,,,
5406,"900148","2_SG","1_SG",2,0,0,=,,,5407,
5407,"900148","2_SG","2_SG",2,0,0,=,,,5408,
5408,"900148","2_SG","3_SG",2,0,0,=,,,5409,
5409,"900148","2_SG","4_SG",2,1,0,=,,,5410,
5410,"900148","1_SG","1_SG",2,0,0,=,,,5411,
5411,"900148","1_SG","2_SG",2,0,0,=,,,5412,
5412,"900148","1_SG","3_SG",2,1,0,=,,,5413,
5413,"900148","9_SG","1_SG",2,0,0,=,,,5414,
5414,"900148","9_SG","2_SG",2,0,0,=,,,5415,
5415,"900148","9_SG","3_SG",2,1,0,=,,,5416,
5416,"900148","8_SG","26_SG",2,1,1,=,,,,
5417,"900149","2_SG","1_SG",2,0,0,=,,,5418,
5418,"900149","2_SG","2_SG",2,0,0,=,,,5419,
5419,"900149","2_SG","3_SG",2,0,0,=,,,5420,
5420,"900149","2_SG","4_SG",2,1,0,=,,,5421,
5421,"900149","1_SG","1_SG",2,0,0,=,,,5422,
5422,"900149","1_SG","2_SG",2,0,0,=,,,5423,
5423,"900149","1_SG","3_SG",2,1,0,=,,,5424,
5424,"900149","9_SG","1_SG",2,0,0,=,,,5425,
5425,"900149","9_SG","2_SG",2,0,0,=,,,5426,
5426,"900149","9_SG","3_SG",2,1,0,=,,,5427,
5427,"900149","8_SG","26_SG",2,1,1,=,,,,
5428,"91_SG","2_SG","1_SG",2,0,0,=,,,5429,
5429,"91_SG","2_SG","2_SG",2,0,0,=,,,5430,
5430,"91_SG","2_SG","3_SG",2,0,0,=,,,5431,
5431,"91_SG","2_SG","4_SG",2,1,0,=,,,5432,
5432,"91_SG","1_SG","1_SG",2,0,0,=,,,5433,
5433,"91_SG","1_SG","2_SG",2,0,0,=,,,5434,
5434,"91_SG","1_SG","3_SG",2,1,0,=,,,5435,
5435,"91_SG","9_SG","1_SG",2,0,0,=,,,5436,
5436,"91_SG","9_SG","2_SG",2,0,0,=,,,5437,
5437,"91_SG","9_SG","3_SG",2,1,0,=,,,5438,
5438,"91_SG","8_SG","26_SG",2,1,1,=,,,,
5461,"1_SG","12_SG","26_SG",2,1,0,=,,,5462,
5462,"1_SG","4_SG","1_SG",2,0,0,=,,,5463,
5463,"1_SG","4_SG","2_SG",2,1,0,=,,,5464,
5464,"1_SG","3_SG","1_SG",2,0,0,=,,,5465,
5465,"1_SG","3_SG","2_SG",2,1,0,=,,,5466,
5466,"1_SG","2_SG","1_SG",3,0,0,=,,,5467,
5467,"1_SG","2_SG","2_SG",3,1,0,=,,,5468,
5468,"1_SG","1_SG","1_SG",3,0,0,=,,,5469,
5469,"1_SG","1_SG","2_SG",3,1,0,=,,,5470,
5470,"1_SG","7_SG","26_SG",3,1,1,=,,,,
5471,"10027","12_SG","26_SG",2,1,0,=,,,5472,
5472,"10027","4_SG","1_SG",2,0,0,=,,,5473,
5473,"10027","4_SG","2_SG",2,1,0,=,,,5474,
5474,"10027","3_SG","1_SG",2,0,0,=,,,5475,
5475,"10027","3_SG","2_SG",2,1,0,=,,,5476,
5476,"10027","2_SG","1_SG",3,0,0,=,,,5477,
5477,"10027","2_SG","2_SG",3,1,0,=,,,5478,
5478,"10027","1_SG","1_SG",3,0,0,=,,,5479,
5479,"10027","1_SG","2_SG",3,1,0,=,,,5480,
5480,"10027","7_SG","26_SG",3,1,1,=,,,,
5481,"10201","12_SG","26_SG",2,1,0,=,,,5482,
5482,"10201","4_SG","1_SG",2,0,0,=,,,5483,
5483,"10201","4_SG","2_SG",2,1,0,=,,,5484,
5484,"10201","3_SG","1_SG",2,0,0,=,,,5485,
5485,"10201","3_SG","2_SG",2,1,0,=,,,5486,
5486,"10201","2_SG","1_SG",3,0,0,=,,,5487,
5487,"10201","2_SG","2_SG",3,1,0,=,,,5488,
5488,"10201","1_SG","1_SG",3,0,0,=,,,5489,
5489,"10201","1_SG","2_SG",3,1,0,=,,,5490,
5490,"10201","7_SG","26_SG",3,1,1,=,,,,
5491,"103_SG","12_SG","26_SG",2,1,0,=,,,5492,
5492,"103_SG","4_SG","1_SG",2,0,0,=,,,5493,
5493,"103_SG","4_SG","2_SG",2,1,0,=,,,5494,
5494,"103_SG","3_SG","1_SG",2,0,0,=,,,5495,
5495,"103_SG","3_SG","2_SG",2,1,0,=,,,5496,
5496,"103_SG","2_SG","1_SG",3,0,0,=,,,5497,
5497,"103_SG","2_SG","2_SG",3,1,0,=,,,5498,
5498,"103_SG","1_SG","1_SG",3,0,0,=,,,5499,
5499,"103_SG","1_SG","2_SG",3,1,0,=,,,5500,
5500,"103_SG","7_SG","26_SG",3,1,1,=,,,,
5501,"10351","12_SG","26_SG",2,1,0,=,,,5502,
5502,"10351","4_SG","1_SG",2,0,0,=,,,5503,
5503,"10351","4_SG","2_SG",2,1,0,=,,,5504,
5504,"10351","3_SG","1_SG",2,0,0,=,,,5505,
5505,"10351","3_SG","2_SG",2,1,0,=,,,5506,
5506,"10351","2_SG","1_SG",3,0,0,=,,,5507,
5507,"10351","2_SG","2_SG",3,1,0,=,,,5508,
5508,"10351","1_SG","1_SG",3,0,0,=,,,5509,
5509,"10351","1_SG","2_SG",3,1,0,=,,,5510,
5510,"10351","7_SG","26_SG",3,1,1,=,,,,
5511,"11025","12_SG","26_SG",2,1,0,=,,,5512,
5512,"11025","4_SG","1_SG",2,0,0,=,,,5513,
5513,"11025","4_SG","2_SG",2,1,0,=,,,5514,
5514,"11025","3_SG","1_SG",2,0,0,=,,,5515,
5515,"11025","3_SG","2_SG",2,1,0,=,,,5516,
5516,"11025","2_SG","1_SG",3,0,0,=,,,5517,
5517,"11025","2_SG","2_SG",3,1,0,=,,,5518,
5518,"11025","1_SG","1_SG",3,0,0,=,,,5519,
5519,"11025","1_SG","2_SG",3,1,0,=,,,5520,
5520,"11025","7_SG","26_SG",3,1,1,=,,,,
5521,"11201","12_SG","26_SG",2,1,0,=,,,5522,
5522,"11201","4_SG","1_SG",2,0,0,=,,,5523,
5523,"11201","4_SG","2_SG",2,1,0,=,,,5524,
5524,"11201","3_SG","1_SG",2,0,0,=,,,5525,
5525,"11201","3_SG","2_SG",2,1,0,=,,,5526,
5526,"11201","2_SG","1_SG",3,0,0,=,,,5527,
5527,"11201","2_SG","2_SG",3,1,0,=,,,5528,
5528,"11201","1_SG","1_SG",3,0,0,=,,,5529,
5529,"11201","1_SG","2_SG",3,1,0,=,,,5530,
5530,"11201","7_SG","26_SG",3,1,1,=,,,,
5531,"11351","12_SG","26_SG",2,1,0,=,,,5532,
5532,"11351","4_SG","1_SG",2,0,0,=,,,5533,
5533,"11351","4_SG","2_SG",2,1,0,=,,,5534,
5534,"11351","3_SG","1_SG",2,0,0,=,,,5535,
5535,"11351","3_SG","2_SG",2,1,0,=,,,5536,
5536,"11351","2_SG","1_SG",3,0,0,=,,,5537,
5537,"11351","2_SG","2_SG",3,1,0,=,,,5538,
5538,"11351","1_SG","1_SG",3,0,0,=,,,5539,
5539,"11351","1_SG","2_SG",3,1,0,=,,,5540,
5540,"11351","7_SG","26_SG",3,1,1,=,,,,
5541,"12025","12_SG","26_SG",2,1,0,=,,,5542,
5542,"12025","4_SG","1_SG",2,0,0,=,,,5543,
5543,"12025","4_SG","2_SG",2,1,0,=,,,5544,
5544,"12025","3_SG","1_SG",2,0,0,=,,,5545,
5545,"12025","3_SG","2_SG",2,1,0,=,,,5546,
5546,"12025","2_SG","1_SG",3,0,0,=,,,5547,
5547,"12025","2_SG","2_SG",3,1,0,=,,,5548,
5548,"12025","1_SG","1_SG",3,0,0,=,,,5549,
5549,"12025","1_SG","2_SG",3,1,0,=,,,5550,
5550,"12025","7_SG","26_SG",3,1,1,=,,,,
5551,"122_SG","12_SG","26_SG",2,1,0,=,,,5552,
5552,"122_SG","4_SG","1_SG",2,0,0,=,,,5553,
5553,"122_SG","4_SG","2_SG",2,1,0,=,,,5554,
5554,"122_SG","3_SG","1_SG",2,0,0,=,,,5555,
5555,"122_SG","3_SG","2_SG",2,1,0,=,,,5556,
5556,"122_SG","2_SG","1_SG",3,0,0,=,,,5557,
5557,"122_SG","2_SG","2_SG",3,1,0,=,,,5558,
5558,"122_SG","1_SG","1_SG",3,0,0,=,,,5559,
5559,"122_SG","1_SG","2_SG",3,1,0,=,,,5560,
5560,"122_SG","7_SG","26_SG",3,1,1,=,,,,
5561,"12201","12_SG","26_SG",2,1,0,=,,,5562,
5562,"12201","4_SG","1_SG",2,0,0,=,,,5563,
5563,"12201","4_SG","2_SG",2,1,0,=,,,5564,
5564,"12201","3_SG","1_SG",2,0,0,=,,,5565,
5565,"12201","3_SG","2_SG",2,1,0,=,,,5566,
5566,"12201","2_SG","1_SG",3,0,0,=,,,5567,
5567,"12201","2_SG","2_SG",3,1,0,=,,,5568,
5568,"12201","1_SG","1_SG",3,0,0,=,,,5569,
5569,"12201","1_SG","2_SG",3,1,0,=,,,5570,
5570,"12201","7_SG","26_SG",3,1,1,=,,,,
5571,"12351","12_SG","26_SG",2,1,0,=,,,5572,
5572,"12351","4_SG","1_SG",2,0,0,=,,,5573,
5573,"12351","4_SG","2_SG",2,1,0,=,,,5574,
5574,"12351","3_SG","1_SG",2,0,0,=,,,5575,
5575,"12351","3_SG","2_SG",2,1,0,=,,,5576,
5576,"12351","2_SG","1_SG",3,0,0,=,,,5577,
5577,"12351","2_SG","2_SG",3,1,0,=,,,5578,
5578,"12351","1_SG","1_SG",3,0,0,=,,,5579,
5579,"12351","1_SG","2_SG",3,1,0,=,,,5580,
5580,"12351","7_SG","26_SG",3,1,1,=,,,,
5581,"13_SG","12_SG","26_SG",2,1,0,=,,,5582,
5582,"13_SG","4_SG","1_SG",2,0,0,=,,,5583,
5583,"13_SG","4_SG","2_SG",2,1,0,=,,,5584,
5584,"13_SG","3_SG","1_SG",2,0,0,=,,,5585,
5585,"13_SG","3_SG","2_SG",2,1,0,=,,,5586,
5586,"13_SG","2_SG","1_SG",3,0,0,=,,,5587,
5587,"13_SG","2_SG","2_SG",3,1,0,=,,,5588,
5588,"13_SG","1_SG","1_SG",3,0,0,=,,,5589,
5589,"13_SG","1_SG","2_SG",3,1,0,=,,,5590,
5590,"13_SG","7_SG","26_SG",3,1,1,=,,,,
5601,"13025","12_SG","26_SG",2,1,0,=,,,5602,
5602,"13025","4_SG","1_SG",2,0,0,=,,,5603,
5603,"13025","4_SG","2_SG",2,1,0,=,,,5604,
5604,"13025","3_SG","1_SG",2,0,0,=,,,5605,
5605,"13025","3_SG","2_SG",2,1,0,=,,,5606,
5606,"13025","2_SG","1_SG",3,0,0,=,,,5607,
5607,"13025","2_SG","2_SG",3,1,0,=,,,5608,
5608,"13025","1_SG","1_SG",3,0,0,=,,,5609,
5609,"13025","1_SG","2_SG",3,1,0,=,,,5610,
5610,"13025","7_SG","26_SG",3,1,1,=,,,,
5611,"13201","12_SG","26_SG",2,1,0,=,,,5612,
5612,"13201","4_SG","1_SG",2,0,0,=,,,5613,
5613,"13201","4_SG","2_SG",2,1,0,=,,,5614,
5614,"13201","3_SG","1_SG",2,0,0,=,,,5615,
5615,"13201","3_SG","2_SG",2,1,0,=,,,5616,
5616,"13201","2_SG","1_SG",3,0,0,=,,,5617,
5617,"13201","2_SG","2_SG",3,1,0,=,,,5618,
5618,"13201","1_SG","1_SG",3,0,0,=,,,5619,
5619,"13201","1_SG","2_SG",3,1,0,=,,,5620,
5620,"13201","7_SG","26_SG",3,1,1,=,,,,
5621,"13351","12_SG","26_SG",2,1,0,=,,,5622,
5622,"13351","4_SG","1_SG",2,0,0,=,,,5623,
5623,"13351","4_SG","2_SG",2,1,0,=,,,5624,
5624,"13351","3_SG","1_SG",2,0,0,=,,,5625,
5625,"13351","3_SG","2_SG",2,1,0,=,,,5626,
5626,"13351","2_SG","1_SG",3,0,0,=,,,5627,
5627,"13351","2_SG","2_SG",3,1,0,=,,,5628,
5628,"13351","1_SG","1_SG",3,0,0,=,,,5629,
5629,"13351","1_SG","2_SG",3,1,0,=,,,5630,
5630,"13351","7_SG","26_SG",3,1,1,=,,,,
5631,"14351","12_SG","26_SG",2,1,0,=,,,5632,
5632,"14351","4_SG","1_SG",2,0,0,=,,,5633,
5633,"14351","4_SG","2_SG",2,1,0,=,,,5634,
5634,"14351","3_SG","1_SG",2,0,0,=,,,5635,
5635,"14351","3_SG","2_SG",2,1,0,=,,,5636,
5636,"14351","2_SG","1_SG",3,0,0,=,,,5637,
5637,"14351","2_SG","2_SG",3,1,0,=,,,5638,
5638,"14351","1_SG","1_SG",3,0,0,=,,,5639,
5639,"14351","1_SG","2_SG",3,1,0,=,,,5640,
5640,"14351","7_SG","26_SG",3,1,1,=,,,,
5641,"15025","12_SG","26_SG",2,1,0,=,,,5642,
5642,"15025","4_SG","1_SG",2,0,0,=,,,5643,
5643,"15025","4_SG","2_SG",2,1,0,=,,,5644,
5644,"15025","3_SG","1_SG",2,0,0,=,,,5645,
5645,"15025","3_SG","2_SG",2,1,0,=,,,5646,
5646,"15025","2_SG","1_SG",3,0,0,=,,,5647,
5647,"15025","2_SG","2_SG",3,1,0,=,,,5648,
5648,"15025","1_SG","1_SG",3,0,0,=,,,5649,
5649,"15025","1_SG","2_SG",3,1,0,=,,,5650,
5650,"15025","7_SG","26_SG",3,1,1,=,,,,
5651,"15101","12_SG","26_SG",2,1,0,=,,,5652,
5652,"15101","4_SG","1_SG",2,0,0,=,,,5653,
5653,"15101","4_SG","2_SG",2,1,0,=,,,5654,
5654,"15101","3_SG","1_SG",2,0,0,=,,,5655,
5655,"15101","3_SG","2_SG",2,1,0,=,,,5656,
5656,"15101","2_SG","1_SG",3,0,0,=,,,5657,
5657,"15101","2_SG","2_SG",3,1,0,=,,,5658,
5658,"15101","1_SG","1_SG",3,0,0,=,,,5659,
5659,"15101","1_SG","2_SG",3,1,0,=,,,5660,
5660,"15101","7_SG","26_SG",3,1,1,=,,,,
5661,"15351","12_SG","26_SG",2,1,0,=,,,5662,
5662,"15351","4_SG","1_SG",2,0,0,=,,,5663,
5663,"15351","4_SG","2_SG",2,1,0,=,,,5664,
5664,"15351","3_SG","1_SG",2,0,0,=,,,5665,
5665,"15351","3_SG","2_SG",2,1,0,=,,,5666,
5666,"15351","2_SG","1_SG",3,0,0,=,,,5667,
5667,"15351","2_SG","2_SG",3,1,0,=,,,5668,
5668,"15351","1_SG","1_SG",3,0,0,=,,,5669,
5669,"15351","1_SG","2_SG",3,1,0,=,,,5670,
5670,"15351","7_SG","26_SG",3,1,1,=,,,,
5711,"160_SG","12_SG","26_SG",2,1,0,=,,,5712,
5712,"160_SG","4_SG","1_SG",2,0,0,=,,,5713,
5713,"160_SG","4_SG","2_SG",2,1,0,=,,,5714,
5714,"160_SG","3_SG","1_SG",2,0,0,=,,,5715,
5715,"160_SG","3_SG","2_SG",2,1,0,=,,,5716,
5716,"160_SG","2_SG","1_SG",3,0,0,=,,,5717,
5717,"160_SG","2_SG","2_SG",3,1,0,=,,,5718,
5718,"160_SG","1_SG","1_SG",3,0,0,=,,,5719,
5719,"160_SG","1_SG","2_SG",3,1,0,=,,,5720,
5720,"160_SG","7_SG","26_SG",3,1,1,=,,,,
5721,"16025","12_SG","26_SG",2,1,0,=,,,5722,
5722,"16025","4_SG","1_SG",2,0,0,=,,,5723,
5723,"16025","4_SG","2_SG",2,1,0,=,,,5724,
5724,"16025","3_SG","1_SG",2,0,0,=,,,5725,
5725,"16025","3_SG","2_SG",2,1,0,=,,,5726,
5726,"16025","2_SG","1_SG",3,0,0,=,,,5727,
5727,"16025","2_SG","2_SG",3,1,0,=,,,5728,
5728,"16025","1_SG","1_SG",3,0,0,=,,,5729,
5729,"16025","1_SG","2_SG",3,1,0,=,,,5730,
5730,"16025","7_SG","26_SG",3,1,1,=,,,,
5731,"161_SG","12_SG","26_SG",2,1,0,=,,,5732,
5732,"161_SG","4_SG","1_SG",2,0,0,=,,,5733,
5733,"161_SG","4_SG","2_SG",2,1,0,=,,,5734,
5734,"161_SG","3_SG","1_SG",2,0,0,=,,,5735,
5735,"161_SG","3_SG","2_SG",2,1,0,=,,,5736,
5736,"161_SG","2_SG","1_SG",3,0,0,=,,,5737,
5737,"161_SG","2_SG","2_SG",3,1,0,=,,,5738,
5738,"161_SG","1_SG","1_SG",3,0,0,=,,,5739,
5739,"161_SG","1_SG","2_SG",3,1,0,=,,,5740,
5740,"161_SG","7_SG","26_SG",3,1,1,=,,,,
5751,"16201","12_SG","26_SG",2,1,0,=,,,5752,
5752,"16201","4_SG","1_SG",2,0,0,=,,,5753,
5753,"16201","4_SG","2_SG",2,1,0,=,,,5754,
5754,"16201","3_SG","1_SG",2,0,0,=,,,5755,
5755,"16201","3_SG","2_SG",2,1,0,=,,,5756,
5756,"16201","2_SG","1_SG",3,0,0,=,,,5757,
5757,"16201","2_SG","2_SG",3,1,0,=,,,5758,
5758,"16201","1_SG","1_SG",3,0,0,=,,,5759,
5759,"16201","1_SG","2_SG",3,1,0,=,,,5760,
5760,"16201","7_SG","26_SG",3,1,1,=,,,,
5761,"16351","12_SG","26_SG",2,1,0,=,,,5762,
5762,"16351","4_SG","1_SG",2,0,0,=,,,5763,
5763,"16351","4_SG","2_SG",2,1,0,=,,,5764,
5764,"16351","3_SG","1_SG",2,0,0,=,,,5765,
5765,"16351","3_SG","2_SG",2,1,0,=,,,5766,
5766,"16351","2_SG","1_SG",3,0,0,=,,,5767,
5767,"16351","2_SG","2_SG",3,1,0,=,,,5768,
5768,"16351","1_SG","1_SG",3,0,0,=,,,5769,
5769,"16351","1_SG","2_SG",3,1,0,=,,,5770,
5770,"16351","7_SG","26_SG",3,1,1,=,,,,
5771,"164_SG","12_SG","26_SG",2,1,0,=,,,5772,
5772,"164_SG","4_SG","1_SG",2,0,0,=,,,5773,
5773,"164_SG","4_SG","2_SG",2,1,0,=,,,5774,
5774,"164_SG","3_SG","1_SG",2,0,0,=,,,5775,
5775,"164_SG","3_SG","2_SG",2,1,0,=,,,5776,
5776,"164_SG","2_SG","1_SG",3,0,0,=,,,5777,
5777,"164_SG","2_SG","2_SG",3,1,0,=,,,5778,
5778,"164_SG","1_SG","1_SG",3,0,0,=,,,5779,
5779,"164_SG","1_SG","2_SG",3,1,0,=,,,5780,
5780,"164_SG","7_SG","26_SG",3,1,1,=,,,,
5781,"165_SG","12_SG","26_SG",2,1,0,=,,,5782,
5782,"165_SG","4_SG","1_SG",2,0,0,=,,,5783,
5783,"165_SG","4_SG","2_SG",2,1,0,=,,,5784,
5784,"165_SG","3_SG","1_SG",2,0,0,=,,,5785,
5785,"165_SG","3_SG","2_SG",2,1,0,=,,,5786,
5786,"165_SG","2_SG","1_SG",3,0,0,=,,,5787,
5787,"165_SG","2_SG","2_SG",3,1,0,=,,,5788,
5788,"165_SG","1_SG","1_SG",3,0,0,=,,,5789,
5789,"165_SG","1_SG","2_SG",3,1,0,=,,,5790,
5790,"165_SG","7_SG","26_SG",3,1,1,=,,,,
5811,"17_SG","12_SG","26_SG",2,1,0,=,,,5812,
5812,"17_SG","4_SG","1_SG",2,0,0,=,,,5813,
5813,"17_SG","4_SG","2_SG",2,1,0,=,,,5814,
5814,"17_SG","3_SG","1_SG",2,0,0,=,,,5815,
5815,"17_SG","3_SG","2_SG",2,1,0,=,,,5816,
5816,"17_SG","2_SG","1_SG",3,0,0,=,,,5817,
5817,"17_SG","2_SG","2_SG",3,1,0,=,,,5818,
5818,"17_SG","1_SG","1_SG",3,0,0,=,,,5819,
5819,"17_SG","1_SG","2_SG",3,1,0,=,,,5820,
5820,"17_SG","7_SG","26_SG",3,1,1,=,,,,
5821,"17025","12_SG","26_SG",2,1,0,=,,,5822,
5822,"17025","4_SG","1_SG",2,0,0,=,,,5823,
5823,"17025","4_SG","2_SG",2,1,0,=,,,5824,
5824,"17025","3_SG","1_SG",2,0,0,=,,,5825,
5825,"17025","3_SG","2_SG",2,1,0,=,,,5826,
5826,"17025","2_SG","1_SG",3,0,0,=,,,5827,
5827,"17025","2_SG","2_SG",3,1,0,=,,,5828,
5828,"17025","1_SG","1_SG",3,0,0,=,,,5829,
5829,"17025","1_SG","2_SG",3,1,0,=,,,5830,
5830,"17025","7_SG","26_SG",3,1,1,=,,,,
5831,"17201","12_SG","26_SG",2,1,0,=,,,5832,
5832,"17201","4_SG","1_SG",2,0,0,=,,,5833,
5833,"17201","4_SG","2_SG",2,1,0,=,,,5834,
5834,"17201","3_SG","1_SG",2,0,0,=,,,5835,
5835,"17201","3_SG","2_SG",2,1,0,=,,,5836,
5836,"17201","2_SG","1_SG",3,0,0,=,,,5837,
5837,"17201","2_SG","2_SG",3,1,0,=,,,5838,
5838,"17201","1_SG","1_SG",3,0,0,=,,,5839,
5839,"17201","1_SG","2_SG",3,1,0,=,,,5840,
5840,"17201","7_SG","26_SG",3,1,1,=,,,,
5841,"17351","12_SG","26_SG",2,1,0,=,,,5842,
5842,"17351","4_SG","1_SG",2,0,0,=,,,5843,
5843,"17351","4_SG","2_SG",2,1,0,=,,,5844,
5844,"17351","3_SG","1_SG",2,0,0,=,,,5845,
5845,"17351","3_SG","2_SG",2,1,0,=,,,5846,
5846,"17351","2_SG","1_SG",3,0,0,=,,,5847,
5847,"17351","2_SG","2_SG",3,1,0,=,,,5848,
5848,"17351","1_SG","1_SG",3,0,0,=,,,5849,
5849,"17351","1_SG","2_SG",3,1,0,=,,,5850,
5850,"17351","7_SG","26_SG",3,1,1,=,,,,
5851,"18025","12_SG","26_SG",2,1,0,=,,,5852,
5852,"18025","4_SG","1_SG",2,0,0,=,,,5853,
5853,"18025","4_SG","2_SG",2,1,0,=,,,5854,
5854,"18025","3_SG","1_SG",2,0,0,=,,,5855,
5855,"18025","3_SG","2_SG",2,1,0,=,,,5856,
5856,"18025","2_SG","1_SG",3,0,0,=,,,5857,
5857,"18025","2_SG","2_SG",3,1,0,=,,,5858,
5858,"18025","1_SG","1_SG",3,0,0,=,,,5859,
5859,"18025","1_SG","2_SG",3,1,0,=,,,5860,
5860,"18025","7_SG","26_SG",3,1,1,=,,,,
5861,"18351","12_SG","26_SG",2,1,0,=,,,5862,
5862,"18351","4_SG","1_SG",2,0,0,=,,,5863,
5863,"18351","4_SG","2_SG",2,1,0,=,,,5864,
5864,"18351","3_SG","1_SG",2,0,0,=,,,5865,
5865,"18351","3_SG","2_SG",2,1,0,=,,,5866,
5866,"18351","2_SG","1_SG",3,0,0,=,,,5867,
5867,"18351","2_SG","2_SG",3,1,0,=,,,5868,
5868,"18351","1_SG","1_SG",3,0,0,=,,,5869,
5869,"18351","1_SG","2_SG",3,1,0,=,,,5870,
5870,"18351","7_SG","26_SG",3,1,1,=,,,,
5871,"18353","12_SG","26_SG",2,1,0,=,,,5872,
5872,"18353","4_SG","1_SG",2,0,0,=,,,5873,
5873,"18353","4_SG","2_SG",2,1,0,=,,,5874,
5874,"18353","3_SG","1_SG",2,0,0,=,,,5875,
5875,"18353","3_SG","2_SG",2,1,0,=,,,5876,
5876,"18353","2_SG","1_SG",3,0,0,=,,,5877,
5877,"18353","2_SG","2_SG",3,1,0,=,,,5878,
5878,"18353","1_SG","1_SG",3,0,0,=,,,5879,
5879,"18353","1_SG","2_SG",3,1,0,=,,,5880,
5880,"18353","7_SG","26_SG",3,1,1,=,,,,
5901,"2_SG","12_SG","26_SG",2,1,0,=,,,5902,
5902,"2_SG","4_SG","1_SG",2,0,0,=,,,5903,
5903,"2_SG","4_SG","2_SG",2,1,0,=,,,5904,
5904,"2_SG","3_SG","1_SG",2,0,0,=,,,5905,
5905,"2_SG","3_SG","2_SG",2,1,0,=,,,5906,
5906,"2_SG","2_SG","1_SG",3,0,0,=,,,5907,
5907,"2_SG","2_SG","2_SG",3,1,0,=,,,5908,
5908,"2_SG","1_SG","1_SG",3,0,0,=,,,5909,
5909,"2_SG","1_SG","2_SG",3,1,0,=,,,5910,
5910,"2_SG","7_SG","26_SG",3,1,1,=,,,,
5911,"20_SG","12_SG","26_SG",2,1,0,=,,,5912,
5912,"20_SG","4_SG","1_SG",2,0,0,=,,,5913,
5913,"20_SG","4_SG","2_SG",2,1,0,=,,,5914,
5914,"20_SG","3_SG","1_SG",2,0,0,=,,,5915,
5915,"20_SG","3_SG","2_SG",2,1,0,=,,,5916,
5916,"20_SG","2_SG","1_SG",3,0,0,=,,,5917,
5917,"20_SG","2_SG","2_SG",3,1,0,=,,,5918,
5918,"20_SG","1_SG","1_SG",3,0,0,=,,,5919,
5919,"20_SG","1_SG","2_SG",3,1,0,=,,,5920,
5920,"20_SG","7_SG","26_SG",3,1,1,=,,,,
5921,"20025","12_SG","26_SG",2,1,0,=,,,5922,
5922,"20025","4_SG","1_SG",2,0,0,=,,,5923,
5923,"20025","4_SG","2_SG",2,1,0,=,,,5924,
5924,"20025","3_SG","1_SG",2,0,0,=,,,5925,
5925,"20025","3_SG","2_SG",2,1,0,=,,,5926,
5926,"20025","2_SG","1_SG",3,0,0,=,,,5927,
5927,"20025","2_SG","2_SG",3,1,0,=,,,5928,
5928,"20025","1_SG","1_SG",3,0,0,=,,,5929,
5929,"20025","1_SG","2_SG",3,1,0,=,,,5930,
5930,"20025","7_SG","26_SG",3,1,1,=,,,,
5931,"20101","12_SG","26_SG",2,1,0,=,,,5932,
5932,"20101","4_SG","1_SG",2,0,0,=,,,5933,
5933,"20101","4_SG","2_SG",2,1,0,=,,,5934,
5934,"20101","3_SG","1_SG",2,0,0,=,,,5935,
5935,"20101","3_SG","2_SG",2,1,0,=,,,5936,
5936,"20101","2_SG","1_SG",3,0,0,=,,,5937,
5937,"20101","2_SG","2_SG",3,1,0,=,,,5938,
5938,"20101","1_SG","1_SG",3,0,0,=,,,5939,
5939,"20101","1_SG","2_SG",3,1,0,=,,,5940,
5940,"20101","7_SG","26_SG",3,1,1,=,,,,
5941,"20201","12_SG","26_SG",2,1,0,=,,,5942,
5942,"20201","4_SG","1_SG",2,0,0,=,,,5943,
5943,"20201","4_SG","2_SG",2,1,0,=,,,5944,
5944,"20201","3_SG","1_SG",2,0,0,=,,,5945,
5945,"20201","3_SG","2_SG",2,1,0,=,,,5946,
5946,"20201","2_SG","1_SG",3,0,0,=,,,5947,
5947,"20201","2_SG","2_SG",3,1,0,=,,,5948,
5948,"20201","1_SG","1_SG",3,0,0,=,,,5949,
5949,"20201","1_SG","2_SG",3,1,0,=,,,5950,
5950,"20201","7_SG","26_SG",3,1,1,=,,,,
5951,"20301","12_SG","26_SG",2,1,0,=,,,5952,
5952,"20301","4_SG","1_SG",2,0,0,=,,,5953,
5953,"20301","4_SG","2_SG",2,1,0,=,,,5954,
5954,"20301","3_SG","1_SG",2,0,0,=,,,5955,
5955,"20301","3_SG","2_SG",2,1,0,=,,,5956,
5956,"20301","2_SG","1_SG",3,0,0,=,,,5957,
5957,"20301","2_SG","2_SG",3,1,0,=,,,5958,
5958,"20301","1_SG","1_SG",3,0,0,=,,,5959,
5959,"20301","1_SG","2_SG",3,1,0,=,,,5960,
5960,"20301","7_SG","26_SG",3,1,1,=,,,,
5961,"21025","12_SG","26_SG",2,1,0,=,,,5962,
5962,"21025","4_SG","1_SG",2,0,0,=,,,5963,
5963,"21025","4_SG","2_SG",2,1,0,=,,,5964,
5964,"21025","3_SG","1_SG",2,0,0,=,,,5965,
5965,"21025","3_SG","2_SG",2,1,0,=,,,5966,
5966,"21025","2_SG","1_SG",3,0,0,=,,,5967,
5967,"21025","2_SG","2_SG",3,1,0,=,,,5968,
5968,"21025","1_SG","1_SG",3,0,0,=,,,5969,
5969,"21025","1_SG","2_SG",3,1,0,=,,,5970,
5970,"21025","7_SG","26_SG",3,1,1,=,,,,
5971,"21027","12_SG","26_SG",2,1,0,=,,,5972,
5972,"21027","4_SG","1_SG",2,0,0,=,,,5973,
5973,"21027","4_SG","2_SG",2,1,0,=,,,5974,
5974,"21027","3_SG","1_SG",2,0,0,=,,,5975,
5975,"21027","3_SG","2_SG",2,1,0,=,,,5976,
5976,"21027","2_SG","1_SG",3,0,0,=,,,5977,
5977,"21027","2_SG","2_SG",3,1,0,=,,,5978,
5978,"21027","1_SG","1_SG",3,0,0,=,,,5979,
5979,"21027","1_SG","2_SG",3,1,0,=,,,5980,
5980,"21027","7_SG","26_SG",3,1,1,=,,,,
5981,"21203","12_SG","26_SG",2,1,0,=,,,5982,
5982,"21203","4_SG","1_SG",2,0,0,=,,,5983,
5983,"21203","4_SG","2_SG",2,1,0,=,,,5984,
5984,"21203","3_SG","1_SG",2,0,0,=,,,5985,
5985,"21203","3_SG","2_SG",2,1,0,=,,,5986,
5986,"21203","2_SG","1_SG",3,0,0,=,,,5987,
5987,"21203","2_SG","2_SG",3,1,0,=,,,5988,
5988,"21203","1_SG","1_SG",3,0,0,=,,,5989,
5989,"21203","1_SG","2_SG",3,1,0,=,,,5990,
5990,"21203","7_SG","26_SG",3,1,1,=,,,,
5991,"21301","12_SG","26_SG",2,1,0,=,,,5992,
5992,"21301","4_SG","1_SG",2,0,0,=,,,5993,
5993,"21301","4_SG","2_SG",2,1,0,=,,,5994,
5994,"21301","3_SG","1_SG",2,0,0,=,,,5995,
5995,"21301","3_SG","2_SG",2,1,0,=,,,5996,
5996,"21301","2_SG","1_SG",3,0,0,=,,,5997,
5997,"21301","2_SG","2_SG",3,1,0,=,,,5998,
5998,"21301","1_SG","1_SG",3,0,0,=,,,5999,
5999,"21301","1_SG","2_SG",3,1,0,=,,,6000,
6000,"21301","7_SG","26_SG",3,1,1,=,,,,
6001,"22001","12_SG","26_SG",2,1,0,=,,,6002,
6002,"22001","4_SG","1_SG",2,0,0,=,,,6003,
6003,"22001","4_SG","2_SG",2,1,0,=,,,6004,
6004,"22001","3_SG","1_SG",2,0,0,=,,,6005,
6005,"22001","3_SG","2_SG",2,1,0,=,,,6006,
6006,"22001","2_SG","1_SG",3,0,0,=,,,6007,
6007,"22001","2_SG","2_SG",3,1,0,=,,,6008,
6008,"22001","1_SG","1_SG",3,0,0,=,,,6009,
6009,"22001","1_SG","2_SG",3,1,0,=,,,6010,
6010,"22001","7_SG","26_SG",3,1,1,=,,,,
6011,"22002","12_SG","26_SG",2,1,0,=,,,6012,
6012,"22002","4_SG","1_SG",2,0,0,=,,,6013,
6013,"22002","4_SG","2_SG",2,1,0,=,,,6014,
6014,"22002","3_SG","1_SG",2,0,0,=,,,6015,
6015,"22002","3_SG","2_SG",2,1,0,=,,,6016,
6016,"22002","2_SG","1_SG",3,0,0,=,,,6017,
6017,"22002","2_SG","2_SG",3,1,0,=,,,6018,
6018,"22002","1_SG","1_SG",3,0,0,=,,,6019,
6019,"22002","1_SG","2_SG",3,1,0,=,,,6020,
6020,"22002","7_SG","26_SG",3,1,1,=,,,,
6021,"22003","12_SG","26_SG",2,1,0,=,,,6022,
6022,"22003","4_SG","1_SG",2,0,0,=,,,6023,
6023,"22003","4_SG","2_SG",2,1,0,=,,,6024,
6024,"22003","3_SG","1_SG",2,0,0,=,,,6025,
6025,"22003","3_SG","2_SG",2,1,0,=,,,6026,
6026,"22003","2_SG","1_SG",3,0,0,=,,,6027,
6027,"22003","2_SG","2_SG",3,1,0,=,,,6028,
6028,"22003","1_SG","1_SG",3,0,0,=,,,6029,
6029,"22003","1_SG","2_SG",3,1,0,=,,,6030,
6030,"22003","7_SG","26_SG",3,1,1,=,,,,
6031,"22004","12_SG","26_SG",2,1,0,=,,,6032,
6032,"22004","4_SG","1_SG",2,0,0,=,,,6033,
6033,"22004","4_SG","2_SG",2,1,0,=,,,6034,
6034,"22004","3_SG","1_SG",2,0,0,=,,,6035,
6035,"22004","3_SG","2_SG",2,1,0,=,,,6036,
6036,"22004","2_SG","1_SG",3,0,0,=,,,6037,
6037,"22004","2_SG","2_SG",3,1,0,=,,,6038,
6038,"22004","1_SG","1_SG",3,0,0,=,,,6039,
6039,"22004","1_SG","2_SG",3,1,0,=,,,6040,
6040,"22004","7_SG","26_SG",3,1,1,=,,,,
6041,"22006","12_SG","26_SG",2,1,0,=,,,6042,
6042,"22006","4_SG","1_SG",2,0,0,=,,,6043,
6043,"22006","4_SG","2_SG",2,1,0,=,,,6044,
6044,"22006","3_SG","1_SG",2,0,0,=,,,6045,
6045,"22006","3_SG","2_SG",2,1,0,=,,,6046,
6046,"22006","2_SG","1_SG",3,0,0,=,,,6047,
6047,"22006","2_SG","2_SG",3,1,0,=,,,6048,
6048,"22006","1_SG","1_SG",3,0,0,=,,,6049,
6049,"22006","1_SG","2_SG",3,1,0,=,,,6050,
6050,"22006","7_SG","26_SG",3,1,1,=,,,,
6051,"22007","12_SG","26_SG",2,1,0,=,,,6052,
6052,"22007","4_SG","1_SG",2,0,0,=,,,6053,
6053,"22007","4_SG","2_SG",2,1,0,=,,,6054,
6054,"22007","3_SG","1_SG",2,0,0,=,,,6055,
6055,"22007","3_SG","2_SG",2,1,0,=,,,6056,
6056,"22007","2_SG","1_SG",3,0,0,=,,,6057,
6057,"22007","2_SG","2_SG",3,1,0,=,,,6058,
6058,"22007","1_SG","1_SG",3,0,0,=,,,6059,
6059,"22007","1_SG","2_SG",3,1,0,=,,,6060,
6060,"22007","7_SG","26_SG",3,1,1,=,,,,
6061,"22008","12_SG","26_SG",2,1,0,=,,,6062,
6062,"22008","4_SG","1_SG",2,0,0,=,,,6063,
6063,"22008","4_SG","2_SG",2,1,0,=,,,6064,
6064,"22008","3_SG","1_SG",2,0,0,=,,,6065,
6065,"22008","3_SG","2_SG",2,1,0,=,,,6066,
6066,"22008","2_SG","1_SG",3,0,0,=,,,6067,
6067,"22008","2_SG","2_SG",3,1,0,=,,,6068,
6068,"22008","1_SG","1_SG",3,0,0,=,,,6069,
6069,"22008","1_SG","2_SG",3,1,0,=,,,6070,
6070,"22008","7_SG","26_SG",3,1,1,=,,,,
6071,"22009","12_SG","26_SG",2,1,0,=,,,6072,
6072,"22009","4_SG","1_SG",2,0,0,=,,,6073,
6073,"22009","4_SG","2_SG",2,1,0,=,,,6074,
6074,"22009","3_SG","1_SG",2,0,0,=,,,6075,
6075,"22009","3_SG","2_SG",2,1,0,=,,,6076,
6076,"22009","2_SG","1_SG",3,0,0,=,,,6077,
6077,"22009","2_SG","2_SG",3,1,0,=,,,6078,
6078,"22009","1_SG","1_SG",3,0,0,=,,,6079,
6079,"22009","1_SG","2_SG",3,1,0,=,,,6080,
6080,"22009","7_SG","26_SG",3,1,1,=,,,,
6081,"22029","12_SG","26_SG",2,1,0,=,,,6082,
6082,"22029","4_SG","1_SG",2,0,0,=,,,6083,
6083,"22029","4_SG","2_SG",2,1,0,=,,,6084,
6084,"22029","3_SG","1_SG",2,0,0,=,,,6085,
6085,"22029","3_SG","2_SG",2,1,0,=,,,6086,
6086,"22029","2_SG","1_SG",3,0,0,=,,,6087,
6087,"22029","2_SG","2_SG",3,1,0,=,,,6088,
6088,"22029","1_SG","1_SG",3,0,0,=,,,6089,
6089,"22029","1_SG","2_SG",3,1,0,=,,,6090,
6090,"22029","7_SG","26_SG",3,1,1,=,,,,
6111,"23021","12_SG","26_SG",2,1,0,=,,,6112,
6112,"23021","4_SG","1_SG",2,0,0,=,,,6113,
6113,"23021","4_SG","2_SG",2,1,0,=,,,6114,
6114,"23021","3_SG","1_SG",2,0,0,=,,,6115,
6115,"23021","3_SG","2_SG",2,1,0,=,,,6116,
6116,"23021","2_SG","1_SG",3,0,0,=,,,6117,
6117,"23021","2_SG","2_SG",3,1,0,=,,,6118,
6118,"23021","1_SG","1_SG",3,0,0,=,,,6119,
6119,"23021","1_SG","2_SG",3,1,0,=,,,6120,
6120,"23021","7_SG","26_SG",3,1,1,=,,,,
6121,"23025","12_SG","26_SG",2,1,0,=,,,6122,
6122,"23025","4_SG","1_SG",2,0,0,=,,,6123,
6123,"23025","4_SG","2_SG",2,1,0,=,,,6124,
6124,"23025","3_SG","1_SG",2,0,0,=,,,6125,
6125,"23025","3_SG","2_SG",2,1,0,=,,,6126,
6126,"23025","2_SG","1_SG",3,0,0,=,,,6127,
6127,"23025","2_SG","2_SG",3,1,0,=,,,6128,
6128,"23025","1_SG","1_SG",3,0,0,=,,,6129,
6129,"23025","1_SG","2_SG",3,1,0,=,,,6130,
6130,"23025","7_SG","26_SG",3,1,1,=,,,,
6141,"23101","12_SG","26_SG",2,1,0,=,,,6142,
6142,"23101","4_SG","1_SG",2,0,0,=,,,6143,
6143,"23101","4_SG","2_SG",2,1,0,=,,,6144,
6144,"23101","3_SG","1_SG",2,0,0,=,,,6145,
6145,"23101","3_SG","2_SG",2,1,0,=,,,6146,
6146,"23101","2_SG","1_SG",3,0,0,=,,,6147,
6147,"23101","2_SG","2_SG",3,1,0,=,,,6148,
6148,"23101","1_SG","1_SG",3,0,0,=,,,6149,
6149,"23101","1_SG","2_SG",3,1,0,=,,,6150,
6150,"23101","7_SG","26_SG",3,1,1,=,,,,
6151,"23201","12_SG","26_SG",2,1,0,=,,,6152,
6152,"23201","4_SG","1_SG",2,0,0,=,,,6153,
6153,"23201","4_SG","2_SG",2,1,0,=,,,6154,
6154,"23201","3_SG","1_SG",2,0,0,=,,,6155,
6155,"23201","3_SG","2_SG",2,1,0,=,,,6156,
6156,"23201","2_SG","1_SG",3,0,0,=,,,6157,
6157,"23201","2_SG","2_SG",3,1,0,=,,,6158,
6158,"23201","1_SG","1_SG",3,0,0,=,,,6159,
6159,"23201","1_SG","2_SG",3,1,0,=,,,6160,
6160,"23201","7_SG","26_SG",3,1,1,=,,,,
6161,"23351","12_SG","26_SG",2,1,0,=,,,6162,
6162,"23351","4_SG","1_SG",2,0,0,=,,,6163,
6163,"23351","4_SG","2_SG",2,1,0,=,,,6164,
6164,"23351","3_SG","1_SG",2,0,0,=,,,6165,
6165,"23351","3_SG","2_SG",2,1,0,=,,,6166,
6166,"23351","2_SG","1_SG",3,0,0,=,,,6167,
6167,"23351","2_SG","2_SG",3,1,0,=,,,6168,
6168,"23351","1_SG","1_SG",3,0,0,=,,,6169,
6169,"23351","1_SG","2_SG",3,1,0,=,,,6170,
6170,"23351","7_SG","26_SG",3,1,1,=,,,,
6171,"24027","12_SG","26_SG",2,1,0,=,,,6172,
6172,"24027","4_SG","1_SG",2,0,0,=,,,6173,
6173,"24027","4_SG","2_SG",2,1,0,=,,,6174,
6174,"24027","3_SG","1_SG",2,0,0,=,,,6175,
6175,"24027","3_SG","2_SG",2,1,0,=,,,6176,
6176,"24027","2_SG","1_SG",3,0,0,=,,,6177,
6177,"24027","2_SG","2_SG",3,1,0,=,,,6178,
6178,"24027","1_SG","1_SG",3,0,0,=,,,6179,
6179,"24027","1_SG","2_SG",3,1,0,=,,,6180,
6180,"24027","7_SG","26_SG",3,1,1,=,,,,
6181,"24101","12_SG","26_SG",2,1,0,=,,,6182,
6182,"24101","4_SG","1_SG",2,0,0,=,,,6183,
6183,"24101","4_SG","2_SG",2,1,0,=,,,6184,
6184,"24101","3_SG","1_SG",2,0,0,=,,,6185,
6185,"24101","3_SG","2_SG",2,1,0,=,,,6186,
6186,"24101","2_SG","1_SG",3,0,0,=,,,6187,
6187,"24101","2_SG","2_SG",3,1,0,=,,,6188,
6188,"24101","1_SG","1_SG",3,0,0,=,,,6189,
6189,"24101","1_SG","2_SG",3,1,0,=,,,6190,
6190,"24101","7_SG","26_SG",3,1,1,=,,,,
6191,"24351","12_SG","26_SG",2,1,0,=,,,6192,
6192,"24351","4_SG","1_SG",2,0,0,=,,,6193,
6193,"24351","4_SG","2_SG",2,1,0,=,,,6194,
6194,"24351","3_SG","1_SG",2,0,0,=,,,6195,
6195,"24351","3_SG","2_SG",2,1,0,=,,,6196,
6196,"24351","2_SG","1_SG",3,0,0,=,,,6197,
6197,"24351","2_SG","2_SG",3,1,0,=,,,6198,
6198,"24351","1_SG","1_SG",3,0,0,=,,,6199,
6199,"24351","1_SG","2_SG",3,1,0,=,,,6200,
6200,"24351","7_SG","26_SG",3,1,1,=,,,,
6211,"25027","12_SG","26_SG",2,1,0,=,,,6212,
6212,"25027","4_SG","1_SG",2,0,0,=,,,6213,
6213,"25027","4_SG","2_SG",2,1,0,=,,,6214,
6214,"25027","3_SG","1_SG",2,0,0,=,,,6215,
6215,"25027","3_SG","2_SG",2,1,0,=,,,6216,
6216,"25027","2_SG","1_SG",3,0,0,=,,,6217,
6217,"25027","2_SG","2_SG",3,1,0,=,,,6218,
6218,"25027","1_SG","1_SG",3,0,0,=,,,6219,
6219,"25027","1_SG","2_SG",3,1,0,=,,,6220,
6220,"25027","7_SG","26_SG",3,1,1,=,,,,
6221,"25101","12_SG","26_SG",2,1,0,=,,,6222,
6222,"25101","4_SG","1_SG",2,0,0,=,,,6223,
6223,"25101","4_SG","2_SG",2,1,0,=,,,6224,
6224,"25101","3_SG","1_SG",2,0,0,=,,,6225,
6225,"25101","3_SG","2_SG",2,1,0,=,,,6226,
6226,"25101","2_SG","1_SG",3,0,0,=,,,6227,
6227,"25101","2_SG","2_SG",3,1,0,=,,,6228,
6228,"25101","1_SG","1_SG",3,0,0,=,,,6229,
6229,"25101","1_SG","2_SG",3,1,0,=,,,6230,
6230,"25101","7_SG","26_SG",3,1,1,=,,,,
6241,"25201","12_SG","26_SG",2,1,0,=,,,6242,
6242,"25201","4_SG","1_SG",2,0,0,=,,,6243,
6243,"25201","4_SG","2_SG",2,1,0,=,,,6244,
6244,"25201","3_SG","1_SG",2,0,0,=,,,6245,
6245,"25201","3_SG","2_SG",2,1,0,=,,,6246,
6246,"25201","2_SG","1_SG",3,0,0,=,,,6247,
6247,"25201","2_SG","2_SG",3,1,0,=,,,6248,
6248,"25201","1_SG","1_SG",3,0,0,=,,,6249,
6249,"25201","1_SG","2_SG",3,1,0,=,,,6250,
6250,"25201","7_SG","26_SG",3,1,1,=,,,,
6261,"25353","12_SG","26_SG",2,1,0,=,,,6262,
6262,"25353","4_SG","1_SG",2,0,0,=,,,6263,
6263,"25353","4_SG","2_SG",2,1,0,=,,,6264,
6264,"25353","3_SG","1_SG",2,0,0,=,,,6265,
6265,"25353","3_SG","2_SG",2,1,0,=,,,6266,
6266,"25353","2_SG","1_SG",3,0,0,=,,,6267,
6267,"25353","2_SG","2_SG",3,1,0,=,,,6268,
6268,"25353","1_SG","1_SG",3,0,0,=,,,6269,
6269,"25353","1_SG","2_SG",3,1,0,=,,,6270,
6270,"25353","7_SG","26_SG",3,1,1,=,,,,
6281,"26025","12_SG","26_SG",2,1,0,=,,,6282,
6282,"26025","4_SG","1_SG",2,0,0,=,,,6283,
6283,"26025","4_SG","2_SG",2,1,0,=,,,6284,
6284,"26025","3_SG","1_SG",2,0,0,=,,,6285,
6285,"26025","3_SG","2_SG",2,1,0,=,,,6286,
6286,"26025","2_SG","1_SG",3,0,0,=,,,6287,
6287,"26025","2_SG","2_SG",3,1,0,=,,,6288,
6288,"26025","1_SG","1_SG",3,0,0,=,,,6289,
6289,"26025","1_SG","2_SG",3,1,0,=,,,6290,
6290,"26025","7_SG","26_SG",3,1,1,=,,,,
6291,"26101","12_SG","26_SG",2,1,0,=,,,6292,
6292,"26101","4_SG","1_SG",2,0,0,=,,,6293,
6293,"26101","4_SG","2_SG",2,1,0,=,,,6294,
6294,"26101","3_SG","1_SG",2,0,0,=,,,6295,
6295,"26101","3_SG","2_SG",2,1,0,=,,,6296,
6296,"26101","2_SG","1_SG",3,0,0,=,,,6297,
6297,"26101","2_SG","2_SG",3,1,0,=,,,6298,
6298,"26101","1_SG","1_SG",3,0,0,=,,,6299,
6299,"26101","1_SG","2_SG",3,1,0,=,,,6300,
6300,"26101","7_SG","26_SG",3,1,1,=,,,,
6301,"26201","12_SG","26_SG",2,1,0,=,,,6302,
6302,"26201","4_SG","1_SG",2,0,0,=,,,6303,
6303,"26201","4_SG","2_SG",2,1,0,=,,,6304,
6304,"26201","3_SG","1_SG",2,0,0,=,,,6305,
6305,"26201","3_SG","2_SG",2,1,0,=,,,6306,
6306,"26201","2_SG","1_SG",3,0,0,=,,,6307,
6307,"26201","2_SG","2_SG",3,1,0,=,,,6308,
6308,"26201","1_SG","1_SG",3,0,0,=,,,6309,
6309,"26201","1_SG","2_SG",3,1,0,=,,,6310,
6310,"26201","7_SG","26_SG",3,1,1,=,,,,
6311,"26301","12_SG","26_SG",2,1,0,=,,,6312,
6312,"26301","4_SG","1_SG",2,0,0,=,,,6313,
6313,"26301","4_SG","2_SG",2,1,0,=,,,6314,
6314,"26301","3_SG","1_SG",2,0,0,=,,,6315,
6315,"26301","3_SG","2_SG",2,1,0,=,,,6316,
6316,"26301","2_SG","1_SG",3,0,0,=,,,6317,
6317,"26301","2_SG","2_SG",3,1,0,=,,,6318,
6318,"26301","1_SG","1_SG",3,0,0,=,,,6319,
6319,"26301","1_SG","2_SG",3,1,0,=,,,6320,
6320,"26301","7_SG","26_SG",3,1,1,=,,,,
6321,"26351","12_SG","26_SG",2,1,0,=,,,6322,
6322,"26351","4_SG","1_SG",2,0,0,=,,,6323,
6323,"26351","4_SG","2_SG",2,1,0,=,,,6324,
6324,"26351","3_SG","1_SG",2,0,0,=,,,6325,
6325,"26351","3_SG","2_SG",2,1,0,=,,,6326,
6326,"26351","2_SG","1_SG",3,0,0,=,,,6327,
6327,"26351","2_SG","2_SG",3,1,0,=,,,6328,
6328,"26351","1_SG","1_SG",3,0,0,=,,,6329,
6329,"26351","1_SG","2_SG",3,1,0,=,,,6330,
6330,"26351","7_SG","26_SG",3,1,1,=,,,,
6331,"27_SG","12_SG","26_SG",2,1,0,=,,,6332,
6332,"27_SG","4_SG","1_SG",2,0,0,=,,,6333,
6333,"27_SG","4_SG","2_SG",2,1,0,=,,,6334,
6334,"27_SG","3_SG","1_SG",2,0,0,=,,,6335,
6335,"27_SG","3_SG","2_SG",2,1,0,=,,,6336,
6336,"27_SG","2_SG","1_SG",3,0,0,=,,,6337,
6337,"27_SG","2_SG","2_SG",3,1,0,=,,,6338,
6338,"27_SG","1_SG","1_SG",3,0,0,=,,,6339,
6339,"27_SG","1_SG","2_SG",3,1,0,=,,,6340,
6340,"27_SG","7_SG","26_SG",3,1,1,=,,,,
6341,"27025","12_SG","26_SG",2,1,0,=,,,6342,
6342,"27025","4_SG","1_SG",2,0,0,=,,,6343,
6343,"27025","4_SG","2_SG",2,1,0,=,,,6344,
6344,"27025","3_SG","1_SG",2,0,0,=,,,6345,
6345,"27025","3_SG","2_SG",2,1,0,=,,,6346,
6346,"27025","2_SG","1_SG",3,0,0,=,,,6347,
6347,"27025","2_SG","2_SG",3,1,0,=,,,6348,
6348,"27025","1_SG","1_SG",3,0,0,=,,,6349,
6349,"27025","1_SG","2_SG",3,1,0,=,,,6350,
6350,"27025","7_SG","26_SG",3,1,1,=,,,,
6351,"27101","12_SG","26_SG",2,1,0,=,,,6352,
6352,"27101","4_SG","1_SG",2,0,0,=,,,6353,
6353,"27101","4_SG","2_SG",2,1,0,=,,,6354,
6354,"27101","3_SG","1_SG",2,0,0,=,,,6355,
6355,"27101","3_SG","2_SG",2,1,0,=,,,6356,
6356,"27101","2_SG","1_SG",3,0,0,=,,,6357,
6357,"27101","2_SG","2_SG",3,1,0,=,,,6358,
6358,"27101","1_SG","1_SG",3,0,0,=,,,6359,
6359,"27101","1_SG","2_SG",3,1,0,=,,,6360,
6360,"27101","7_SG","26_SG",3,1,1,=,,,,
6361,"27351","12_SG","26_SG",2,1,0,=,,,6362,
6362,"27351","4_SG","1_SG",2,0,0,=,,,6363,
6363,"27351","4_SG","2_SG",2,1,0,=,,,6364,
6364,"27351","3_SG","1_SG",2,0,0,=,,,6365,
6365,"27351","3_SG","2_SG",2,1,0,=,,,6366,
6366,"27351","2_SG","1_SG",3,0,0,=,,,6367,
6367,"27351","2_SG","2_SG",3,1,0,=,,,6368,
6368,"27351","1_SG","1_SG",3,0,0,=,,,6369,
6369,"27351","1_SG","2_SG",3,1,0,=,,,6370,
6370,"27351","7_SG","26_SG",3,1,1,=,,,,
6371,"28_SG","12_SG","26_SG",2,1,0,=,,,6372,
6372,"28_SG","4_SG","1_SG",2,0,0,=,,,6373,
6373,"28_SG","4_SG","2_SG",2,1,0,=,,,6374,
6374,"28_SG","3_SG","1_SG",2,0,0,=,,,6375,
6375,"28_SG","3_SG","2_SG",2,1,0,=,,,6376,
6376,"28_SG","2_SG","1_SG",3,0,0,=,,,6377,
6377,"28_SG","2_SG","2_SG",3,1,0,=,,,6378,
6378,"28_SG","1_SG","1_SG",3,0,0,=,,,6379,
6379,"28_SG","1_SG","2_SG",3,1,0,=,,,6380,
6380,"28_SG","7_SG","26_SG",3,1,1,=,,,,
6381,"28025","12_SG","26_SG",2,1,0,=,,,6382,
6382,"28025","4_SG","1_SG",2,0,0,=,,,6383,
6383,"28025","4_SG","2_SG",2,1,0,=,,,6384,
6384,"28025","3_SG","1_SG",2,0,0,=,,,6385,
6385,"28025","3_SG","2_SG",2,1,0,=,,,6386,
6386,"28025","2_SG","1_SG",3,0,0,=,,,6387,
6387,"28025","2_SG","2_SG",3,1,0,=,,,6388,
6388,"28025","1_SG","1_SG",3,0,0,=,,,6389,
6389,"28025","1_SG","2_SG",3,1,0,=,,,6390,
6390,"28025","7_SG","26_SG",3,1,1,=,,,,
6391,"28101","12_SG","26_SG",2,1,0,=,,,6392,
6392,"28101","4_SG","1_SG",2,0,0,=,,,6393,
6393,"28101","4_SG","2_SG",2,1,0,=,,,6394,
6394,"28101","3_SG","1_SG",2,0,0,=,,,6395,
6395,"28101","3_SG","2_SG",2,1,0,=,,,6396,
6396,"28101","2_SG","1_SG",3,0,0,=,,,6397,
6397,"28101","2_SG","2_SG",3,1,0,=,,,6398,
6398,"28101","1_SG","1_SG",3,0,0,=,,,6399,
6399,"28101","1_SG","2_SG",3,1,0,=,,,6400,
6400,"28101","7_SG","26_SG",3,1,1,=,,,,
6421,"29025","12_SG","26_SG",2,1,0,=,,,6422,
6422,"29025","4_SG","1_SG",2,0,0,=,,,6423,
6423,"29025","4_SG","2_SG",2,1,0,=,,,6424,
6424,"29025","3_SG","1_SG",2,0,0,=,,,6425,
6425,"29025","3_SG","2_SG",2,1,0,=,,,6426,
6426,"29025","2_SG","1_SG",3,0,0,=,,,6427,
6427,"29025","2_SG","2_SG",3,1,0,=,,,6428,
6428,"29025","1_SG","1_SG",3,0,0,=,,,6429,
6429,"29025","1_SG","2_SG",3,1,0,=,,,6430,
6430,"29025","7_SG","26_SG",3,1,1,=,,,,
6431,"29027","12_SG","26_SG",2,1,0,=,,,6432,
6432,"29027","4_SG","1_SG",2,0,0,=,,,6433,
6433,"29027","4_SG","2_SG",2,1,0,=,,,6434,
6434,"29027","3_SG","1_SG",2,0,0,=,,,6435,
6435,"29027","3_SG","2_SG",2,1,0,=,,,6436,
6436,"29027","2_SG","1_SG",3,0,0,=,,,6437,
6437,"29027","2_SG","2_SG",3,1,0,=,,,6438,
6438,"29027","1_SG","1_SG",3,0,0,=,,,6439,
6439,"29027","1_SG","2_SG",3,1,0,=,,,6440,
6440,"29027","7_SG","26_SG",3,1,1,=,,,,
6441,"29201","12_SG","26_SG",2,1,0,=,,,6442,
6442,"29201","4_SG","1_SG",2,0,0,=,,,6443,
6443,"29201","4_SG","2_SG",2,1,0,=,,,6444,
6444,"29201","3_SG","1_SG",2,0,0,=,,,6445,
6445,"29201","3_SG","2_SG",2,1,0,=,,,6446,
6446,"29201","2_SG","1_SG",3,0,0,=,,,6447,
6447,"29201","2_SG","2_SG",3,1,0,=,,,6448,
6448,"29201","1_SG","1_SG",3,0,0,=,,,6449,
6449,"29201","1_SG","2_SG",3,1,0,=,,,6450,
6450,"29201","7_SG","26_SG",3,1,1,=,,,,
6451,"29203","12_SG","26_SG",2,1,0,=,,,6452,
6452,"29203","4_SG","1_SG",2,0,0,=,,,6453,
6453,"29203","4_SG","2_SG",2,1,0,=,,,6454,
6454,"29203","3_SG","1_SG",2,0,0,=,,,6455,
6455,"29203","3_SG","2_SG",2,1,0,=,,,6456,
6456,"29203","2_SG","1_SG",3,0,0,=,,,6457,
6457,"29203","2_SG","2_SG",3,1,0,=,,,6458,
6458,"29203","1_SG","1_SG",3,0,0,=,,,6459,
6459,"29203","1_SG","2_SG",3,1,0,=,,,6460,
6460,"29203","7_SG","26_SG",3,1,1,=,,,,
6461,"29351","12_SG","26_SG",2,1,0,=,,,6462,
6462,"29351","4_SG","1_SG",2,0,0,=,,,6463,
6463,"29351","4_SG","2_SG",2,1,0,=,,,6464,
6464,"29351","3_SG","1_SG",2,0,0,=,,,6465,
6465,"29351","3_SG","2_SG",2,1,0,=,,,6466,
6466,"29351","2_SG","1_SG",3,0,0,=,,,6467,
6467,"29351","2_SG","2_SG",3,1,0,=,,,6468,
6468,"29351","1_SG","1_SG",3,0,0,=,,,6469,
6469,"29351","1_SG","2_SG",3,1,0,=,,,6470,
6470,"29351","7_SG","26_SG",3,1,1,=,,,,
6471,"29353","12_SG","26_SG",2,1,0,=,,,6472,
6472,"29353","4_SG","1_SG",2,0,0,=,,,6473,
6473,"29353","4_SG","2_SG",2,1,0,=,,,6474,
6474,"29353","3_SG","1_SG",2,0,0,=,,,6475,
6475,"29353","3_SG","2_SG",2,1,0,=,,,6476,
6476,"29353","2_SG","1_SG",3,0,0,=,,,6477,
6477,"29353","2_SG","2_SG",3,1,0,=,,,6478,
6478,"29353","1_SG","1_SG",3,0,0,=,,,6479,
6479,"29353","1_SG","2_SG",3,1,0,=,,,6480,
6480,"29353","7_SG","26_SG",3,1,1,=,,,,
6481,"29355","12_SG","26_SG",2,1,0,=,,,6482,
6482,"29355","4_SG","1_SG",2,0,0,=,,,6483,
6483,"29355","4_SG","2_SG",2,1,0,=,,,6484,
6484,"29355","3_SG","1_SG",2,0,0,=,,,6485,
6485,"29355","3_SG","2_SG",2,1,0,=,,,6486,
6486,"29355","2_SG","1_SG",3,0,0,=,,,6487,
6487,"29355","2_SG","2_SG",3,1,0,=,,,6488,
6488,"29355","1_SG","1_SG",3,0,0,=,,,6489,
6489,"29355","1_SG","2_SG",3,1,0,=,,,6490,
6490,"29355","7_SG","26_SG",3,1,1,=,,,,
6501,"30025","12_SG","26_SG",2,1,0,=,,,6502,
6502,"30025","4_SG","1_SG",2,0,0,=,,,6503,
6503,"30025","4_SG","2_SG",2,1,0,=,,,6504,
6504,"30025","3_SG","1_SG",2,0,0,=,,,6505,
6505,"30025","3_SG","2_SG",2,1,0,=,,,6506,
6506,"30025","2_SG","1_SG",3,0,0,=,,,6507,
6507,"30025","2_SG","2_SG",3,1,0,=,,,6508,
6508,"30025","1_SG","1_SG",3,0,0,=,,,6509,
6509,"30025","1_SG","2_SG",3,1,0,=,,,6510,
6510,"30025","7_SG","26_SG",3,1,1,=,,,,
6511,"30027","12_SG","26_SG",2,1,0,=,,,6512,
6512,"30027","4_SG","1_SG",2,0,0,=,,,6513,
6513,"30027","4_SG","2_SG",2,1,0,=,,,6514,
6514,"30027","3_SG","1_SG",2,0,0,=,,,6515,
6515,"30027","3_SG","2_SG",2,1,0,=,,,6516,
6516,"30027","2_SG","1_SG",3,0,0,=,,,6517,
6517,"30027","2_SG","2_SG",3,1,0,=,,,6518,
6518,"30027","1_SG","1_SG",3,0,0,=,,,6519,
6519,"30027","1_SG","2_SG",3,1,0,=,,,6520,
6520,"30027","7_SG","26_SG",3,1,1,=,,,,
6531,"31003","12_SG","26_SG",2,1,0,=,,,6532,
6532,"31003","4_SG","1_SG",2,0,0,=,,,6533,
6533,"31003","4_SG","2_SG",2,1,0,=,,,6534,
6534,"31003","3_SG","1_SG",2,0,0,=,,,6535,
6535,"31003","3_SG","2_SG",2,1,0,=,,,6536,
6536,"31003","2_SG","1_SG",3,0,0,=,,,6537,
6537,"31003","2_SG","2_SG",3,1,0,=,,,6538,
6538,"31003","1_SG","1_SG",3,0,0,=,,,6539,
6539,"31003","1_SG","2_SG",3,1,0,=,,,6540,
6540,"31003","7_SG","26_SG",3,1,1,=,,,,
6541,"31101","12_SG","26_SG",2,1,0,=,,,6542,
6542,"31101","4_SG","1_SG",2,0,0,=,,,6543,
6543,"31101","4_SG","2_SG",2,1,0,=,,,6544,
6544,"31101","3_SG","1_SG",2,0,0,=,,,6545,
6545,"31101","3_SG","2_SG",2,1,0,=,,,6546,
6546,"31101","2_SG","1_SG",3,0,0,=,,,6547,
6547,"31101","2_SG","2_SG",3,1,0,=,,,6548,
6548,"31101","1_SG","1_SG",3,0,0,=,,,6549,
6549,"31101","1_SG","2_SG",3,1,0,=,,,6550,
6550,"31101","7_SG","26_SG",3,1,1,=,,,,
6551,"31107","12_SG","26_SG",2,1,0,=,,,6552,
6552,"31107","4_SG","1_SG",2,0,0,=,,,6553,
6553,"31107","4_SG","2_SG",2,1,0,=,,,6554,
6554,"31107","3_SG","1_SG",2,0,0,=,,,6555,
6555,"31107","3_SG","2_SG",2,1,0,=,,,6556,
6556,"31107","2_SG","1_SG",3,0,0,=,,,6557,
6557,"31107","2_SG","2_SG",3,1,0,=,,,6558,
6558,"31107","1_SG","1_SG",3,0,0,=,,,6559,
6559,"31107","1_SG","2_SG",3,1,0,=,,,6560,
6560,"31107","7_SG","26_SG",3,1,1,=,,,,
6561,"31108","12_SG","26_SG",2,1,0,=,,,6562,
6562,"31108","4_SG","1_SG",2,0,0,=,,,6563,
6563,"31108","4_SG","2_SG",2,1,0,=,,,6564,
6564,"31108","3_SG","1_SG",2,0,0,=,,,6565,
6565,"31108","3_SG","2_SG",2,1,0,=,,,6566,
6566,"31108","2_SG","1_SG",3,0,0,=,,,6567,
6567,"31108","2_SG","2_SG",3,1,0,=,,,6568,
6568,"31108","1_SG","1_SG",3,0,0,=,,,6569,
6569,"31108","1_SG","2_SG",3,1,0,=,,,6570,
6570,"31108","7_SG","26_SG",3,1,1,=,,,,
6571,"31109","12_SG","26_SG",2,1,0,=,,,6572,
6572,"31109","4_SG","1_SG",2,0,0,=,,,6573,
6573,"31109","4_SG","2_SG",2,1,0,=,,,6574,
6574,"31109","3_SG","1_SG",2,0,0,=,,,6575,
6575,"31109","3_SG","2_SG",2,1,0,=,,,6576,
6576,"31109","2_SG","1_SG",3,0,0,=,,,6577,
6577,"31109","2_SG","2_SG",3,1,0,=,,,6578,
6578,"31109","1_SG","1_SG",3,0,0,=,,,6579,
6579,"31109","1_SG","2_SG",3,1,0,=,,,6580,
6580,"31109","7_SG","26_SG",3,1,1,=,,,,
6581,"31110","12_SG","26_SG",2,1,0,=,,,6582,
6582,"31110","4_SG","1_SG",2,0,0,=,,,6583,
6583,"31110","4_SG","2_SG",2,1,0,=,,,6584,
6584,"31110","3_SG","1_SG",2,0,0,=,,,6585,
6585,"31110","3_SG","2_SG",2,1,0,=,,,6586,
6586,"31110","2_SG","1_SG",3,0,0,=,,,6587,
6587,"31110","2_SG","2_SG",3,1,0,=,,,6588,
6588,"31110","1_SG","1_SG",3,0,0,=,,,6589,
6589,"31110","1_SG","2_SG",3,1,0,=,,,6590,
6590,"31110","7_SG","26_SG",3,1,1,=,,,,
6591,"31111","12_SG","26_SG",2,1,0,=,,,6592,
6592,"31111","4_SG","1_SG",2,0,0,=,,,6593,
6593,"31111","4_SG","2_SG",2,1,0,=,,,6594,
6594,"31111","3_SG","1_SG",2,0,0,=,,,6595,
6595,"31111","3_SG","2_SG",2,1,0,=,,,6596,
6596,"31111","2_SG","1_SG",3,0,0,=,,,6597,
6597,"31111","2_SG","2_SG",3,1,0,=,,,6598,
6598,"31111","1_SG","1_SG",3,0,0,=,,,6599,
6599,"31111","1_SG","2_SG",3,1,0,=,,,6600,
6600,"31111","7_SG","26_SG",3,1,1,=,,,,
6601,"31112","12_SG","26_SG",2,1,0,=,,,6602,
6602,"31112","4_SG","1_SG",2,0,0,=,,,6603,
6603,"31112","4_SG","2_SG",2,1,0,=,,,6604,
6604,"31112","3_SG","1_SG",2,0,0,=,,,6605,
6605,"31112","3_SG","2_SG",2,1,0,=,,,6606,
6606,"31112","2_SG","1_SG",3,0,0,=,,,6607,
6607,"31112","2_SG","2_SG",3,1,0,=,,,6608,
6608,"31112","1_SG","1_SG",3,0,0,=,,,6609,
6609,"31112","1_SG","2_SG",3,1,0,=,,,6610,
6610,"31112","7_SG","26_SG",3,1,1,=,,,,
6611,"31113","12_SG","26_SG",2,1,0,=,,,6612,
6612,"31113","4_SG","1_SG",2,0,0,=,,,6613,
6613,"31113","4_SG","2_SG",2,1,0,=,,,6614,
6614,"31113","3_SG","1_SG",2,0,0,=,,,6615,
6615,"31113","3_SG","2_SG",2,1,0,=,,,6616,
6616,"31113","2_SG","1_SG",3,0,0,=,,,6617,
6617,"31113","2_SG","2_SG",3,1,0,=,,,6618,
6618,"31113","1_SG","1_SG",3,0,0,=,,,6619,
6619,"31113","1_SG","2_SG",3,1,0,=,,,6620,
6620,"31113","7_SG","26_SG",3,1,1,=,,,,
6621,"31114","12_SG","26_SG",2,1,0,=,,,6622,
6622,"31114","4_SG","1_SG",2,0,0,=,,,6623,
6623,"31114","4_SG","2_SG",2,1,0,=,,,6624,
6624,"31114","3_SG","1_SG",2,0,0,=,,,6625,
6625,"31114","3_SG","2_SG",2,1,0,=,,,6626,
6626,"31114","2_SG","1_SG",3,0,0,=,,,6627,
6627,"31114","2_SG","2_SG",3,1,0,=,,,6628,
6628,"31114","1_SG","1_SG",3,0,0,=,,,6629,
6629,"31114","1_SG","2_SG",3,1,0,=,,,6630,
6630,"31114","7_SG","26_SG",3,1,1,=,,,,
6631,"31115","12_SG","26_SG",2,1,0,=,,,6632,
6632,"31115","4_SG","1_SG",2,0,0,=,,,6633,
6633,"31115","4_SG","2_SG",2,1,0,=,,,6634,
6634,"31115","3_SG","1_SG",2,0,0,=,,,6635,
6635,"31115","3_SG","2_SG",2,1,0,=,,,6636,
6636,"31115","2_SG","1_SG",3,0,0,=,,,6637,
6637,"31115","2_SG","2_SG",3,1,0,=,,,6638,
6638,"31115","1_SG","1_SG",3,0,0,=,,,6639,
6639,"31115","1_SG","2_SG",3,1,0,=,,,6640,
6640,"31115","7_SG","26_SG",3,1,1,=,,,,
6641,"31301","12_SG","26_SG",2,1,0,=,,,6642,
6642,"31301","4_SG","1_SG",2,0,0,=,,,6643,
6643,"31301","4_SG","2_SG",2,1,0,=,,,6644,
6644,"31301","3_SG","1_SG",2,0,0,=,,,6645,
6645,"31301","3_SG","2_SG",2,1,0,=,,,6646,
6646,"31301","2_SG","1_SG",3,0,0,=,,,6647,
6647,"31301","2_SG","2_SG",3,1,0,=,,,6648,
6648,"31301","1_SG","1_SG",3,0,0,=,,,6649,
6649,"31301","1_SG","2_SG",3,1,0,=,,,6650,
6650,"31301","7_SG","26_SG",3,1,1,=,,,,
6651,"31307","12_SG","26_SG",2,1,0,=,,,6652,
6652,"31307","4_SG","1_SG",2,0,0,=,,,6653,
6653,"31307","4_SG","2_SG",2,1,0,=,,,6654,
6654,"31307","3_SG","1_SG",2,0,0,=,,,6655,
6655,"31307","3_SG","2_SG",2,1,0,=,,,6656,
6656,"31307","2_SG","1_SG",3,0,0,=,,,6657,
6657,"31307","2_SG","2_SG",3,1,0,=,,,6658,
6658,"31307","1_SG","1_SG",3,0,0,=,,,6659,
6659,"31307","1_SG","2_SG",3,1,0,=,,,6660,
6660,"31307","7_SG","26_SG",3,1,1,=,,,,
6661,"31351","12_SG","26_SG",2,1,0,=,,,6662,
6662,"31351","4_SG","1_SG",2,0,0,=,,,6663,
6663,"31351","4_SG","2_SG",2,1,0,=,,,6664,
6664,"31351","3_SG","1_SG",2,0,0,=,,,6665,
6665,"31351","3_SG","2_SG",2,1,0,=,,,6666,
6666,"31351","2_SG","1_SG",3,0,0,=,,,6667,
6667,"31351","2_SG","2_SG",3,1,0,=,,,6668,
6668,"31351","1_SG","1_SG",3,0,0,=,,,6669,
6669,"31351","1_SG","2_SG",3,1,0,=,,,6670,
6670,"31351","7_SG","26_SG",3,1,1,=,,,,
6671,"32025","12_SG","26_SG",2,1,0,=,,,6672,
6672,"32025","4_SG","1_SG",2,0,0,=,,,6673,
6673,"32025","4_SG","2_SG",2,1,0,=,,,6674,
6674,"32025","3_SG","1_SG",2,0,0,=,,,6675,
6675,"32025","3_SG","2_SG",2,1,0,=,,,6676,
6676,"32025","2_SG","1_SG",3,0,0,=,,,6677,
6677,"32025","2_SG","2_SG",3,1,0,=,,,6678,
6678,"32025","1_SG","1_SG",3,0,0,=,,,6679,
6679,"32025","1_SG","2_SG",3,1,0,=,,,6680,
6680,"32025","7_SG","26_SG",3,1,1,=,,,,
6681,"32351","12_SG","26_SG",2,1,0,=,,,6682,
6682,"32351","4_SG","1_SG",2,0,0,=,,,6683,
6683,"32351","4_SG","2_SG",2,1,0,=,,,6684,
6684,"32351","3_SG","1_SG",2,0,0,=,,,6685,
6685,"32351","3_SG","2_SG",2,1,0,=,,,6686,
6686,"32351","2_SG","1_SG",3,0,0,=,,,6687,
6687,"32351","2_SG","2_SG",3,1,0,=,,,6688,
6688,"32351","1_SG","1_SG",3,0,0,=,,,6689,
6689,"32351","1_SG","2_SG",3,1,0,=,,,6690,
6690,"32351","7_SG","26_SG",3,1,1,=,,,,
6711,"33_SG","12_SG","26_SG",2,1,0,=,,,6712,
6712,"33_SG","4_SG","1_SG",2,0,0,=,,,6713,
6713,"33_SG","4_SG","2_SG",2,1,0,=,,,6714,
6714,"33_SG","3_SG","1_SG",2,0,0,=,,,6715,
6715,"33_SG","3_SG","2_SG",2,1,0,=,,,6716,
6716,"33_SG","2_SG","1_SG",3,0,0,=,,,6717,
6717,"33_SG","2_SG","2_SG",3,1,0,=,,,6718,
6718,"33_SG","1_SG","1_SG",3,0,0,=,,,6719,
6719,"33_SG","1_SG","2_SG",3,1,0,=,,,6720,
6720,"33_SG","7_SG","26_SG",3,1,1,=,,,,
6721,"33025","12_SG","26_SG",2,1,0,=,,,6722,
6722,"33025","4_SG","1_SG",2,0,0,=,,,6723,
6723,"33025","4_SG","2_SG",2,1,0,=,,,6724,
6724,"33025","3_SG","1_SG",2,0,0,=,,,6725,
6725,"33025","3_SG","2_SG",2,1,0,=,,,6726,
6726,"33025","2_SG","1_SG",3,0,0,=,,,6727,
6727,"33025","2_SG","2_SG",3,1,0,=,,,6728,
6728,"33025","1_SG","1_SG",3,0,0,=,,,6729,
6729,"33025","1_SG","2_SG",3,1,0,=,,,6730,
6730,"33025","7_SG","26_SG",3,1,1,=,,,,
6731,"33301","12_SG","26_SG",2,1,0,=,,,6732,
6732,"33301","4_SG","1_SG",2,0,0,=,,,6733,
6733,"33301","4_SG","2_SG",2,1,0,=,,,6734,
6734,"33301","3_SG","1_SG",2,0,0,=,,,6735,
6735,"33301","3_SG","2_SG",2,1,0,=,,,6736,
6736,"33301","2_SG","1_SG",3,0,0,=,,,6737,
6737,"33301","2_SG","2_SG",3,1,0,=,,,6738,
6738,"33301","1_SG","1_SG",3,0,0,=,,,6739,
6739,"33301","1_SG","2_SG",3,1,0,=,,,6740,
6740,"33301","7_SG","26_SG",3,1,1,=,,,,
6781,"34025","12_SG","26_SG",2,1,0,=,,,6782,
6782,"34025","4_SG","1_SG",2,0,0,=,,,6783,
6783,"34025","4_SG","2_SG",2,1,0,=,,,6784,
6784,"34025","3_SG","1_SG",2,0,0,=,,,6785,
6785,"34025","3_SG","2_SG",2,1,0,=,,,6786,
6786,"34025","2_SG","1_SG",3,0,0,=,,,6787,
6787,"34025","2_SG","2_SG",3,1,0,=,,,6788,
6788,"34025","1_SG","1_SG",3,0,0,=,,,6789,
6789,"34025","1_SG","2_SG",3,1,0,=,,,6790,
6790,"34025","7_SG","26_SG",3,1,1,=,,,,
6791,"34101","12_SG","26_SG",2,1,0,=,,,6792,
6792,"34101","4_SG","1_SG",2,0,0,=,,,6793,
6793,"34101","4_SG","2_SG",2,1,0,=,,,6794,
6794,"34101","3_SG","1_SG",2,0,0,=,,,6795,
6795,"34101","3_SG","2_SG",2,1,0,=,,,6796,
6796,"34101","2_SG","1_SG",3,0,0,=,,,6797,
6797,"34101","2_SG","2_SG",3,1,0,=,,,6798,
6798,"34101","1_SG","1_SG",3,0,0,=,,,6799,
6799,"34101","1_SG","2_SG",3,1,0,=,,,6800,
6800,"34101","7_SG","26_SG",3,1,1,=,,,,
6801,"34301","12_SG","26_SG",2,1,0,=,,,6802,
6802,"34301","4_SG","1_SG",2,0,0,=,,,6803,
6803,"34301","4_SG","2_SG",2,1,0,=,,,6804,
6804,"34301","3_SG","1_SG",2,0,0,=,,,6805,
6805,"34301","3_SG","2_SG",2,1,0,=,,,6806,
6806,"34301","2_SG","1_SG",3,0,0,=,,,6807,
6807,"34301","2_SG","2_SG",3,1,0,=,,,6808,
6808,"34301","1_SG","1_SG",3,0,0,=,,,6809,
6809,"34301","1_SG","2_SG",3,1,0,=,,,6810,
6810,"34301","7_SG","26_SG",3,1,1,=,,,,
6811,"34351","12_SG","26_SG",2,1,0,=,,,6812,
6812,"34351","4_SG","1_SG",2,0,0,=,,,6813,
6813,"34351","4_SG","2_SG",2,1,0,=,,,6814,
6814,"34351","3_SG","1_SG",2,0,0,=,,,6815,
6815,"34351","3_SG","2_SG",2,1,0,=,,,6816,
6816,"34351","2_SG","1_SG",3,0,0,=,,,6817,
6817,"34351","2_SG","2_SG",3,1,0,=,,,6818,
6818,"34351","1_SG","1_SG",3,0,0,=,,,6819,
6819,"34351","1_SG","2_SG",3,1,0,=,,,6820,
6820,"34351","7_SG","26_SG",3,1,1,=,,,,
6831,"37025","12_SG","26_SG",2,1,0,=,,,6832,
6832,"37025","4_SG","1_SG",2,0,0,=,,,6833,
6833,"37025","4_SG","2_SG",2,1,0,=,,,6834,
6834,"37025","3_SG","1_SG",2,0,0,=,,,6835,
6835,"37025","3_SG","2_SG",2,1,0,=,,,6836,
6836,"37025","2_SG","1_SG",3,0,0,=,,,6837,
6837,"37025","2_SG","2_SG",3,1,0,=,,,6838,
6838,"37025","1_SG","1_SG",3,0,0,=,,,6839,
6839,"37025","1_SG","2_SG",3,1,0,=,,,6840,
6840,"37025","7_SG","26_SG",3,1,1,=,,,,
6841,"37101","12_SG","26_SG",2,1,0,=,,,6842,
6842,"37101","4_SG","1_SG",2,0,0,=,,,6843,
6843,"37101","4_SG","2_SG",2,1,0,=,,,6844,
6844,"37101","3_SG","1_SG",2,0,0,=,,,6845,
6845,"37101","3_SG","2_SG",2,1,0,=,,,6846,
6846,"37101","2_SG","1_SG",3,0,0,=,,,6847,
6847,"37101","2_SG","2_SG",3,1,0,=,,,6848,
6848,"37101","1_SG","1_SG",3,0,0,=,,,6849,
6849,"37101","1_SG","2_SG",3,1,0,=,,,6850,
6850,"37101","7_SG","26_SG",3,1,1,=,,,,
6851,"37201","12_SG","26_SG",2,1,0,=,,,6852,
6852,"37201","4_SG","1_SG",2,0,0,=,,,6853,
6853,"37201","4_SG","2_SG",2,1,0,=,,,6854,
6854,"37201","3_SG","1_SG",2,0,0,=,,,6855,
6855,"37201","3_SG","2_SG",2,1,0,=,,,6856,
6856,"37201","2_SG","1_SG",3,0,0,=,,,6857,
6857,"37201","2_SG","2_SG",3,1,0,=,,,6858,
6858,"37201","1_SG","1_SG",3,0,0,=,,,6859,
6859,"37201","1_SG","2_SG",3,1,0,=,,,6860,
6860,"37201","7_SG","26_SG",3,1,1,=,,,,
6861,"37301","12_SG","26_SG",2,1,0,=,,,6862,
6862,"37301","4_SG","1_SG",2,0,0,=,,,6863,
6863,"37301","4_SG","2_SG",2,1,0,=,,,6864,
6864,"37301","3_SG","1_SG",2,0,0,=,,,6865,
6865,"37301","3_SG","2_SG",2,1,0,=,,,6866,
6866,"37301","2_SG","1_SG",3,0,0,=,,,6867,
6867,"37301","2_SG","2_SG",3,1,0,=,,,6868,
6868,"37301","1_SG","1_SG",3,0,0,=,,,6869,
6869,"37301","1_SG","2_SG",3,1,0,=,,,6870,
6870,"37301","7_SG","26_SG",3,1,1,=,,,,
6871,"37351","12_SG","26_SG",2,1,0,=,,,6872,
6872,"37351","4_SG","1_SG",2,0,0,=,,,6873,
6873,"37351","4_SG","2_SG",2,1,0,=,,,6874,
6874,"37351","3_SG","1_SG",2,0,0,=,,,6875,
6875,"37351","3_SG","2_SG",2,1,0,=,,,6876,
6876,"37351","2_SG","1_SG",3,0,0,=,,,6877,
6877,"37351","2_SG","2_SG",3,1,0,=,,,6878,
6878,"37351","1_SG","1_SG",3,0,0,=,,,6879,
6879,"37351","1_SG","2_SG",3,1,0,=,,,6880,
6880,"37351","7_SG","26_SG",3,1,1,=,,,,
6881,"38201","12_SG","26_SG",2,1,0,=,,,6882,
6882,"38201","4_SG","1_SG",2,0,0,=,,,6883,
6883,"38201","4_SG","2_SG",2,1,0,=,,,6884,
6884,"38201","3_SG","1_SG",2,0,0,=,,,6885,
6885,"38201","3_SG","2_SG",2,1,0,=,,,6886,
6886,"38201","2_SG","1_SG",3,0,0,=,,,6887,
6887,"38201","2_SG","2_SG",3,1,0,=,,,6888,
6888,"38201","1_SG","1_SG",3,0,0,=,,,6889,
6889,"38201","1_SG","2_SG",3,1,0,=,,,6890,
6890,"38201","7_SG","26_SG",3,1,1,=,,,,
6891,"38301","12_SG","26_SG",2,1,0,=,,,6892,
6892,"38301","4_SG","1_SG",2,0,0,=,,,6893,
6893,"38301","4_SG","2_SG",2,1,0,=,,,6894,
6894,"38301","3_SG","1_SG",2,0,0,=,,,6895,
6895,"38301","3_SG","2_SG",2,1,0,=,,,6896,
6896,"38301","2_SG","1_SG",3,0,0,=,,,6897,
6897,"38301","2_SG","2_SG",3,1,0,=,,,6898,
6898,"38301","1_SG","1_SG",3,0,0,=,,,6899,
6899,"38301","1_SG","2_SG",3,1,0,=,,,6900,
6900,"38301","7_SG","26_SG",3,1,1,=,,,,
6901,"39_SG","12_SG","26_SG",2,1,0,=,,,6902,
6902,"39_SG","4_SG","1_SG",2,0,0,=,,,6903,
6903,"39_SG","4_SG","2_SG",2,1,0,=,,,6904,
6904,"39_SG","3_SG","1_SG",2,0,0,=,,,6905,
6905,"39_SG","3_SG","2_SG",2,1,0,=,,,6906,
6906,"39_SG","2_SG","1_SG",3,0,0,=,,,6907,
6907,"39_SG","2_SG","2_SG",3,1,0,=,,,6908,
6908,"39_SG","1_SG","1_SG",3,0,0,=,,,6909,
6909,"39_SG","1_SG","2_SG",3,1,0,=,,,6910,
6910,"39_SG","7_SG","26_SG",3,1,1,=,,,,
6911,"39025","12_SG","26_SG",2,1,0,=,,,6912,
6912,"39025","4_SG","1_SG",2,0,0,=,,,6913,
6913,"39025","4_SG","2_SG",2,1,0,=,,,6914,
6914,"39025","3_SG","1_SG",2,0,0,=,,,6915,
6915,"39025","3_SG","2_SG",2,1,0,=,,,6916,
6916,"39025","2_SG","1_SG",3,0,0,=,,,6917,
6917,"39025","2_SG","2_SG",3,1,0,=,,,6918,
6918,"39025","1_SG","1_SG",3,0,0,=,,,6919,
6919,"39025","1_SG","2_SG",3,1,0,=,,,6920,
6920,"39025","7_SG","26_SG",3,1,1,=,,,,
6921,"39201","12_SG","26_SG",2,1,0,=,,,6922,
6922,"39201","4_SG","1_SG",2,0,0,=,,,6923,
6923,"39201","4_SG","2_SG",2,1,0,=,,,6924,
6924,"39201","3_SG","1_SG",2,0,0,=,,,6925,
6925,"39201","3_SG","2_SG",2,1,0,=,,,6926,
6926,"39201","2_SG","1_SG",3,0,0,=,,,6927,
6927,"39201","2_SG","2_SG",3,1,0,=,,,6928,
6928,"39201","1_SG","1_SG",3,0,0,=,,,6929,
6929,"39201","1_SG","2_SG",3,1,0,=,,,6930,
6930,"39201","7_SG","26_SG",3,1,1,=,,,,
6931,"39301","12_SG","26_SG",2,1,0,=,,,6932,
6932,"39301","4_SG","1_SG",2,0,0,=,,,6933,
6933,"39301","4_SG","2_SG",2,1,0,=,,,6934,
6934,"39301","3_SG","1_SG",2,0,0,=,,,6935,
6935,"39301","3_SG","2_SG",2,1,0,=,,,6936,
6936,"39301","2_SG","1_SG",3,0,0,=,,,6937,
6937,"39301","2_SG","2_SG",3,1,0,=,,,6938,
6938,"39301","1_SG","1_SG",3,0,0,=,,,6939,
6939,"39301","1_SG","2_SG",3,1,0,=,,,6940,
6940,"39301","7_SG","26_SG",3,1,1,=,,,,
6951,"40025","12_SG","26_SG",2,1,0,=,,,6952,
6952,"40025","4_SG","1_SG",2,0,0,=,,,6953,
6953,"40025","4_SG","2_SG",2,1,0,=,,,6954,
6954,"40025","3_SG","1_SG",2,0,0,=,,,6955,
6955,"40025","3_SG","2_SG",2,1,0,=,,,6956,
6956,"40025","2_SG","1_SG",3,0,0,=,,,6957,
6957,"40025","2_SG","2_SG",3,1,0,=,,,6958,
6958,"40025","1_SG","1_SG",3,0,0,=,,,6959,
6959,"40025","1_SG","2_SG",3,1,0,=,,,6960,
6960,"40025","7_SG","26_SG",3,1,1,=,,,,
6961,"40103","12_SG","26_SG",2,1,0,=,,,6962,
6962,"40103","4_SG","1_SG",2,0,0,=,,,6963,
6963,"40103","4_SG","2_SG",2,1,0,=,,,6964,
6964,"40103","3_SG","1_SG",2,0,0,=,,,6965,
6965,"40103","3_SG","2_SG",2,1,0,=,,,6966,
6966,"40103","2_SG","1_SG",3,0,0,=,,,6967,
6967,"40103","2_SG","2_SG",3,1,0,=,,,6968,
6968,"40103","1_SG","1_SG",3,0,0,=,,,6969,
6969,"40103","1_SG","2_SG",3,1,0,=,,,6970,
6970,"40103","7_SG","26_SG",3,1,1,=,,,,
6971,"40201","12_SG","26_SG",2,1,0,=,,,6972,
6972,"40201","4_SG","1_SG",2,0,0,=,,,6973,
6973,"40201","4_SG","2_SG",2,1,0,=,,,6974,
6974,"40201","3_SG","1_SG",2,0,0,=,,,6975,
6975,"40201","3_SG","2_SG",2,1,0,=,,,6976,
6976,"40201","2_SG","1_SG",3,0,0,=,,,6977,
6977,"40201","2_SG","2_SG",3,1,0,=,,,6978,
6978,"40201","1_SG","1_SG",3,0,0,=,,,6979,
6979,"40201","1_SG","2_SG",3,1,0,=,,,6980,
6980,"40201","7_SG","26_SG",3,1,1,=,,,,
6981,"40301","12_SG","26_SG",2,1,0,=,,,6982,
6982,"40301","4_SG","1_SG",2,0,0,=,,,6983,
6983,"40301","4_SG","2_SG",2,1,0,=,,,6984,
6984,"40301","3_SG","1_SG",2,0,0,=,,,6985,
6985,"40301","3_SG","2_SG",2,1,0,=,,,6986,
6986,"40301","2_SG","1_SG",3,0,0,=,,,6987,
6987,"40301","2_SG","2_SG",3,1,0,=,,,6988,
6988,"40301","1_SG","1_SG",3,0,0,=,,,6989,
6989,"40301","1_SG","2_SG",3,1,0,=,,,6990,
6990,"40301","7_SG","26_SG",3,1,1,=,,,,
6991,"40355","12_SG","26_SG",2,1,0,=,,,6992,
6992,"40355","4_SG","1_SG",2,0,0,=,,,6993,
6993,"40355","4_SG","2_SG",2,1,0,=,,,6994,
6994,"40355","3_SG","1_SG",2,0,0,=,,,6995,
6995,"40355","3_SG","2_SG",2,1,0,=,,,6996,
6996,"40355","2_SG","1_SG",3,0,0,=,,,6997,
6997,"40355","2_SG","2_SG",3,1,0,=,,,6998,
6998,"40355","1_SG","1_SG",3,0,0,=,,,6999,
6999,"40355","1_SG","2_SG",3,1,0,=,,,7000,
7000,"40355","7_SG","26_SG",3,1,1,=,,,,
7001,"45_SG","12_SG","26_SG",2,1,0,=,,,7002,
7002,"45_SG","4_SG","1_SG",2,0,0,=,,,7003,
7003,"45_SG","4_SG","2_SG",2,1,0,=,,,7004,
7004,"45_SG","3_SG","1_SG",2,0,0,=,,,7005,
7005,"45_SG","3_SG","2_SG",2,1,0,=,,,7006,
7006,"45_SG","2_SG","1_SG",3,0,0,=,,,7007,
7007,"45_SG","2_SG","2_SG",3,1,0,=,,,7008,
7008,"45_SG","1_SG","1_SG",3,0,0,=,,,7009,
7009,"45_SG","1_SG","2_SG",3,1,0,=,,,7010,
7010,"45_SG","7_SG","26_SG",3,1,1,=,,,,
7011,"49_SG","12_SG","26_SG",2,1,0,=,,,7012,
7012,"49_SG","4_SG","1_SG",2,0,0,=,,,7013,
7013,"49_SG","4_SG","2_SG",2,1,0,=,,,7014,
7014,"49_SG","3_SG","1_SG",2,0,0,=,,,7015,
7015,"49_SG","3_SG","2_SG",2,1,0,=,,,7016,
7016,"49_SG","2_SG","1_SG",3,0,0,=,,,7017,
7017,"49_SG","2_SG","2_SG",3,1,0,=,,,7018,
7018,"49_SG","1_SG","1_SG",3,0,0,=,,,7019,
7019,"49_SG","1_SG","2_SG",3,1,0,=,,,7020,
7020,"49_SG","7_SG","26_SG",3,1,1,=,,,,
7021,"53025","12_SG","26_SG",2,1,0,=,,,7022,
7022,"53025","4_SG","1_SG",2,0,0,=,,,7023,
7023,"53025","4_SG","2_SG",2,1,0,=,,,7024,
7024,"53025","3_SG","1_SG",2,0,0,=,,,7025,
7025,"53025","3_SG","2_SG",2,1,0,=,,,7026,
7026,"53025","2_SG","1_SG",3,0,0,=,,,7027,
7027,"53025","2_SG","2_SG",3,1,0,=,,,7028,
7028,"53025","1_SG","1_SG",3,0,0,=,,,7029,
7029,"53025","1_SG","2_SG",3,1,0,=,,,7030,
7030,"53025","7_SG","26_SG",3,1,1,=,,,,
7031,"53353","12_SG","26_SG",2,1,0,=,,,7032,
7032,"53353","4_SG","1_SG",2,0,0,=,,,7033,
7033,"53353","4_SG","2_SG",2,1,0,=,,,7034,
7034,"53353","3_SG","1_SG",2,0,0,=,,,7035,
7035,"53353","3_SG","2_SG",2,1,0,=,,,7036,
7036,"53353","2_SG","1_SG",3,0,0,=,,,7037,
7037,"53353","2_SG","2_SG",3,1,0,=,,,7038,
7038,"53353","1_SG","1_SG",3,0,0,=,,,7039,
7039,"53353","1_SG","2_SG",3,1,0,=,,,7040,
7040,"53353","7_SG","26_SG",3,1,1,=,,,,
7041,"55025","12_SG","26_SG",2,1,0,=,,,7042,
7042,"55025","4_SG","1_SG",2,0,0,=,,,7043,
7043,"55025","4_SG","2_SG",2,1,0,=,,,7044,
7044,"55025","3_SG","1_SG",2,0,0,=,,,7045,
7045,"55025","3_SG","2_SG",2,1,0,=,,,7046,
7046,"55025","2_SG","1_SG",3,0,0,=,,,7047,
7047,"55025","2_SG","2_SG",3,1,0,=,,,7048,
7048,"55025","1_SG","1_SG",3,0,0,=,,,7049,
7049,"55025","1_SG","2_SG",3,1,0,=,,,7050,
7050,"55025","7_SG","26_SG",3,1,1,=,,,,
7051,"58025","12_SG","26_SG",2,1,0,=,,,7052,
7052,"58025","4_SG","1_SG",2,0,0,=,,,7053,
7053,"58025","4_SG","2_SG",2,1,0,=,,,7054,
7054,"58025","3_SG","1_SG",2,0,0,=,,,7055,
7055,"58025","3_SG","2_SG",2,1,0,=,,,7056,
7056,"58025","2_SG","1_SG",3,0,0,=,,,7057,
7057,"58025","2_SG","2_SG",3,1,0,=,,,7058,
7058,"58025","1_SG","1_SG",3,0,0,=,,,7059,
7059,"58025","1_SG","2_SG",3,1,0,=,,,7060,
7060,"58025","7_SG","26_SG",3,1,1,=,,,,
7061,"58301","12_SG","26_SG",2,1,0,=,,,7062,
7062,"58301","4_SG","1_SG",2,0,0,=,,,7063,
7063,"58301","4_SG","2_SG",2,1,0,=,,,7064,
7064,"58301","3_SG","1_SG",2,0,0,=,,,7065,
7065,"58301","3_SG","2_SG",2,1,0,=,,,7066,
7066,"58301","2_SG","1_SG",3,0,0,=,,,7067,
7067,"58301","2_SG","2_SG",3,1,0,=,,,7068,
7068,"58301","1_SG","1_SG",3,0,0,=,,,7069,
7069,"58301","1_SG","2_SG",3,1,0,=,,,7070,
7070,"58301","7_SG","26_SG",3,1,1,=,,,,
7071,"58351","12_SG","26_SG",2,1,0,=,,,7072,
7072,"58351","4_SG","1_SG",2,0,0,=,,,7073,
7073,"58351","4_SG","2_SG",2,1,0,=,,,7074,
7074,"58351","3_SG","1_SG",2,0,0,=,,,7075,
7075,"58351","3_SG","2_SG",2,1,0,=,,,7076,
7076,"58351","2_SG","1_SG",3,0,0,=,,,7077,
7077,"58351","2_SG","2_SG",3,1,0,=,,,7078,
7078,"58351","1_SG","1_SG",3,0,0,=,,,7079,
7079,"58351","1_SG","2_SG",3,1,0,=,,,7080,
7080,"58351","7_SG","26_SG",3,1,1,=,,,,
7081,"66025","12_SG","26_SG",2,1,0,=,,,7082,
7082,"66025","4_SG","1_SG",2,0,0,=,,,7083,
7083,"66025","4_SG","2_SG",2,1,0,=,,,7084,
7084,"66025","3_SG","1_SG",2,0,0,=,,,7085,
7085,"66025","3_SG","2_SG",2,1,0,=,,,7086,
7086,"66025","2_SG","1_SG",3,0,0,=,,,7087,
7087,"66025","2_SG","2_SG",3,1,0,=,,,7088,
7088,"66025","1_SG","1_SG",3,0,0,=,,,7089,
7089,"66025","1_SG","2_SG",3,1,0,=,,,7090,
7090,"66025","7_SG","26_SG",3,1,1,=,,,,
7091,"66101","12_SG","26_SG",2,1,0,=,,,7092,
7092,"66101","4_SG","1_SG",2,0,0,=,,,7093,
7093,"66101","4_SG","2_SG",2,1,0,=,,,7094,
7094,"66101","3_SG","1_SG",2,0,0,=,,,7095,
7095,"66101","3_SG","2_SG",2,1,0,=,,,7096,
7096,"66101","2_SG","1_SG",3,0,0,=,,,7097,
7097,"66101","2_SG","2_SG",3,1,0,=,,,7098,
7098,"66101","1_SG","1_SG",3,0,0,=,,,7099,
7099,"66101","1_SG","2_SG",3,1,0,=,,,7100,
7100,"66101","7_SG","26_SG",3,1,1,=,,,,
7101,"66301","12_SG","26_SG",2,1,0,=,,,7102,
7102,"66301","4_SG","1_SG",2,0,0,=,,,7103,
7103,"66301","4_SG","2_SG",2,1,0,=,,,7104,
7104,"66301","3_SG","1_SG",2,0,0,=,,,7105,
7105,"66301","3_SG","2_SG",2,1,0,=,,,7106,
7106,"66301","2_SG","1_SG",3,0,0,=,,,7107,
7107,"66301","2_SG","2_SG",3,1,0,=,,,7108,
7108,"66301","1_SG","1_SG",3,0,0,=,,,7109,
7109,"66301","1_SG","2_SG",3,1,0,=,,,7110,
7110,"66301","7_SG","26_SG",3,1,1,=,,,,
7111,"66303","12_SG","26_SG",2,1,0,=,,,7112,
7112,"66303","4_SG","1_SG",2,0,0,=,,,7113,
7113,"66303","4_SG","2_SG",2,1,0,=,,,7114,
7114,"66303","3_SG","1_SG",2,0,0,=,,,7115,
7115,"66303","3_SG","2_SG",2,1,0,=,,,7116,
7116,"66303","2_SG","1_SG",3,0,0,=,,,7117,
7117,"66303","2_SG","2_SG",3,1,0,=,,,7118,
7118,"66303","1_SG","1_SG",3,0,0,=,,,7119,
7119,"66303","1_SG","2_SG",3,1,0,=,,,7120,
7120,"66303","7_SG","26_SG",3,1,1,=,,,,
7121,"69_SG","12_SG","26_SG",2,1,0,=,,,7122,
7122,"69_SG","4_SG","1_SG",2,0,0,=,,,7123,
7123,"69_SG","4_SG","2_SG",2,1,0,=,,,7124,
7124,"69_SG","3_SG","1_SG",2,0,0,=,,,7125,
7125,"69_SG","3_SG","2_SG",2,1,0,=,,,7126,
7126,"69_SG","2_SG","1_SG",3,0,0,=,,,7127,
7127,"69_SG","2_SG","2_SG",3,1,0,=,,,7128,
7128,"69_SG","1_SG","1_SG",3,0,0,=,,,7129,
7129,"69_SG","1_SG","2_SG",3,1,0,=,,,7130,
7130,"69_SG","7_SG","26_SG",3,1,1,=,,,,
7131,"70000","12_SG","26_SG",2,1,0,=,,,7132,
7132,"70000","4_SG","1_SG",2,0,0,=,,,7133,
7133,"70000","4_SG","2_SG",2,1,0,=,,,7134,
7134,"70000","3_SG","1_SG",2,0,0,=,,,7135,
7135,"70000","3_SG","2_SG",2,1,0,=,,,7136,
7136,"70000","2_SG","1_SG",3,0,0,=,,,7137,
7137,"70000","2_SG","2_SG",3,1,0,=,,,7138,
7138,"70000","1_SG","1_SG",3,0,0,=,,,7139,
7139,"70000","1_SG","2_SG",3,1,0,=,,,7140,
7140,"70000","7_SG","26_SG",3,1,1,=,,,,
7141,"85_SG","12_SG","26_SG",2,1,0,=,,,7142,
7142,"85_SG","4_SG","1_SG",2,0,0,=,,,7143,
7143,"85_SG","4_SG","2_SG",2,1,0,=,,,7144,
7144,"85_SG","3_SG","1_SG",2,0,0,=,,,7145,
7145,"85_SG","3_SG","2_SG",2,1,0,=,,,7146,
7146,"85_SG","2_SG","1_SG",3,0,0,=,,,7147,
7147,"85_SG","2_SG","2_SG",3,1,0,=,,,7148,
7148,"85_SG","1_SG","1_SG",3,0,0,=,,,7149,
7149,"85_SG","1_SG","2_SG",3,1,0,=,,,7150,
7150,"85_SG","7_SG","26_SG",3,1,1,=,,,,
7151,"9_SG","12_SG","26_SG",2,1,0,=,,,7152,
7152,"9_SG","4_SG","1_SG",2,0,0,=,,,7153,
7153,"9_SG","4_SG","2_SG",2,1,0,=,,,7154,
7154,"9_SG","3_SG","1_SG",2,0,0,=,,,7155,
7155,"9_SG","3_SG","2_SG",2,1,0,=,,,7156,
7156,"9_SG","2_SG","1_SG",3,0,0,=,,,7157,
7157,"9_SG","2_SG","2_SG",3,1,0,=,,,7158,
7158,"9_SG","1_SG","1_SG",3,0,0,=,,,7159,
7159,"9_SG","1_SG","2_SG",3,1,0,=,,,7160,
7160,"9_SG","7_SG","26_SG",3,1,1,=,,,,
7171,"900003","12_SG","26_SG",2,1,0,=,,,7172,
7172,"900003","4_SG","1_SG",2,0,0,=,,,7173,
7173,"900003","4_SG","2_SG",2,1,0,=,,,7174,
7174,"900003","3_SG","1_SG",2,0,0,=,,,7175,
7175,"900003","3_SG","2_SG",2,1,0,=,,,7176,
7176,"900003","2_SG","1_SG",3,0,0,=,,,7177,
7177,"900003","2_SG","2_SG",3,1,0,=,,,7178,
7178,"900003","1_SG","1_SG",3,0,0,=,,,7179,
7179,"900003","1_SG","2_SG",3,1,0,=,,,7180,
7180,"900003","7_SG","26_SG",3,1,1,=,,,,
7181,"900004","12_SG","26_SG",2,1,0,=,,,7182,
7182,"900004","4_SG","1_SG",2,0,0,=,,,7183,
7183,"900004","4_SG","2_SG",2,1,0,=,,,7184,
7184,"900004","3_SG","1_SG",2,0,0,=,,,7185,
7185,"900004","3_SG","2_SG",2,1,0,=,,,7186,
7186,"900004","2_SG","1_SG",3,0,0,=,,,7187,
7187,"900004","2_SG","2_SG",3,1,0,=,,,7188,
7188,"900004","1_SG","1_SG",3,0,0,=,,,7189,
7189,"900004","1_SG","2_SG",3,1,0,=,,,7190,
7190,"900004","7_SG","26_SG",3,1,1,=,,,,
7191,"900005","12_SG","26_SG",2,1,0,=,,,7192,
7192,"900005","4_SG","1_SG",2,0,0,=,,,7193,
7193,"900005","4_SG","2_SG",2,1,0,=,,,7194,
7194,"900005","3_SG","1_SG",2,0,0,=,,,7195,
7195,"900005","3_SG","2_SG",2,1,0,=,,,7196,
7196,"900005","2_SG","1_SG",3,0,0,=,,,7197,
7197,"900005","2_SG","2_SG",3,1,0,=,,,7198,
7198,"900005","1_SG","1_SG",3,0,0,=,,,7199,
7199,"900005","1_SG","2_SG",3,1,0,=,,,7200,
7200,"900005","7_SG","26_SG",3,1,1,=,,,,
7201,"900006","12_SG","26_SG",2,1,0,=,,,7202,
7202,"900006","4_SG","1_SG",2,0,0,=,,,7203,
7203,"900006","4_SG","2_SG",2,1,0,=,,,7204,
7204,"900006","3_SG","1_SG",2,0,0,=,,,7205,
7205,"900006","3_SG","2_SG",2,1,0,=,,,7206,
7206,"900006","2_SG","1_SG",3,0,0,=,,,7207,
7207,"900006","2_SG","2_SG",3,1,0,=,,,7208,
7208,"900006","1_SG","1_SG",3,0,0,=,,,7209,
7209,"900006","1_SG","2_SG",3,1,0,=,,,7210,
7210,"900006","7_SG","26_SG",3,1,1,=,,,,
7211,"900007","12_SG","26_SG",2,1,0,=,,,7212,
7212,"900007","4_SG","1_SG",2,0,0,=,,,7213,
7213,"900007","4_SG","2_SG",2,1,0,=,,,7214,
7214,"900007","3_SG","1_SG",2,0,0,=,,,7215,
7215,"900007","3_SG","2_SG",2,1,0,=,,,7216,
7216,"900007","2_SG","1_SG",3,0,0,=,,,7217,
7217,"900007","2_SG","2_SG",3,1,0,=,,,7218,
7218,"900007","1_SG","1_SG",3,0,0,=,,,7219,
7219,"900007","1_SG","2_SG",3,1,0,=,,,7220,
7220,"900007","7_SG","26_SG",3,1,1,=,,,,
7221,"900008","12_SG","26_SG",2,1,0,=,,,7222,
7222,"900008","4_SG","1_SG",2,0,0,=,,,7223,
7223,"900008","4_SG","2_SG",2,1,0,=,,,7224,
7224,"900008","3_SG","1_SG",2,0,0,=,,,7225,
7225,"900008","3_SG","2_SG",2,1,0,=,,,7226,
7226,"900008","2_SG","1_SG",3,0,0,=,,,7227,
7227,"900008","2_SG","2_SG",3,1,0,=,,,7228,
7228,"900008","1_SG","1_SG",3,0,0,=,,,7229,
7229,"900008","1_SG","2_SG",3,1,0,=,,,7230,
7230,"900008","7_SG","26_SG",3,1,1,=,,,,
7231,"90001","12_SG","26_SG",2,1,0,=,,,7232,
7232,"90001","4_SG","1_SG",2,0,0,=,,,7233,
7233,"90001","4_SG","2_SG",2,1,0,=,,,7234,
7234,"90001","3_SG","1_SG",2,0,0,=,,,7235,
7235,"90001","3_SG","2_SG",2,1,0,=,,,7236,
7236,"90001","2_SG","1_SG",3,0,0,=,,,7237,
7237,"90001","2_SG","2_SG",3,1,0,=,,,7238,
7238,"90001","1_SG","1_SG",3,0,0,=,,,7239,
7239,"90001","1_SG","2_SG",3,1,0,=,,,7240,
7240,"90001","7_SG","26_SG",3,1,1,=,,,,
7241,"900010","12_SG","26_SG",2,1,0,=,,,7242,
7242,"900010","4_SG","1_SG",2,0,0,=,,,7243,
7243,"900010","4_SG","2_SG",2,1,0,=,,,7244,
7244,"900010","3_SG","1_SG",2,0,0,=,,,7245,
7245,"900010","3_SG","2_SG",2,1,0,=,,,7246,
7246,"900010","2_SG","1_SG",3,0,0,=,,,7247,
7247,"900010","2_SG","2_SG",3,1,0,=,,,7248,
7248,"900010","1_SG","1_SG",3,0,0,=,,,7249,
7249,"900010","1_SG","2_SG",3,1,0,=,,,7250,
7250,"900010","7_SG","26_SG",3,1,1,=,,,,
7251,"900016","12_SG","26_SG",2,1,0,=,,,7252,
7252,"900016","4_SG","1_SG",2,0,0,=,,,7253,
7253,"900016","4_SG","2_SG",2,1,0,=,,,7254,
7254,"900016","3_SG","1_SG",2,0,0,=,,,7255,
7255,"900016","3_SG","2_SG",2,1,0,=,,,7256,
7256,"900016","2_SG","1_SG",3,0,0,=,,,7257,
7257,"900016","2_SG","2_SG",3,1,0,=,,,7258,
7258,"900016","1_SG","1_SG",3,0,0,=,,,7259,
7259,"900016","1_SG","2_SG",3,1,0,=,,,7260,
7260,"900016","7_SG","26_SG",3,1,1,=,,,,
7261,"90002","12_SG","26_SG",2,1,0,=,,,7262,
7262,"90002","4_SG","1_SG",2,0,0,=,,,7263,
7263,"90002","4_SG","2_SG",2,1,0,=,,,7264,
7264,"90002","3_SG","1_SG",2,0,0,=,,,7265,
7265,"90002","3_SG","2_SG",2,1,0,=,,,7266,
7266,"90002","2_SG","1_SG",3,0,0,=,,,7267,
7267,"90002","2_SG","2_SG",3,1,0,=,,,7268,
7268,"90002","1_SG","1_SG",3,0,0,=,,,7269,
7269,"90002","1_SG","2_SG",3,1,0,=,,,7270,
7270,"90002","7_SG","26_SG",3,1,1,=,,,,
7271,"90003","12_SG","26_SG",2,1,0,=,,,7272,
7272,"90003","4_SG","1_SG",2,0,0,=,,,7273,
7273,"90003","4_SG","2_SG",2,1,0,=,,,7274,
7274,"90003","3_SG","1_SG",2,0,0,=,,,7275,
7275,"90003","3_SG","2_SG",2,1,0,=,,,7276,
7276,"90003","2_SG","1_SG",3,0,0,=,,,7277,
7277,"90003","2_SG","2_SG",3,1,0,=,,,7278,
7278,"90003","1_SG","1_SG",3,0,0,=,,,7279,
7279,"90003","1_SG","2_SG",3,1,0,=,,,7280,
7280,"90003","7_SG","26_SG",3,1,1,=,,,,
7281,"90004","12_SG","26_SG",2,1,0,=,,,7282,
7282,"90004","4_SG","1_SG",2,0,0,=,,,7283,
7283,"90004","4_SG","2_SG",2,1,0,=,,,7284,
7284,"90004","3_SG","1_SG",2,0,0,=,,,7285,
7285,"90004","3_SG","2_SG",2,1,0,=,,,7286,
7286,"90004","2_SG","1_SG",3,0,0,=,,,7287,
7287,"90004","2_SG","2_SG",3,1,0,=,,,7288,
7288,"90004","1_SG","1_SG",3,0,0,=,,,7289,
7289,"90004","1_SG","2_SG",3,1,0,=,,,7290,
7290,"90004","7_SG","26_SG",3,1,1,=,,,,
7291,"90005","12_SG","26_SG",2,1,0,=,,,7292,
7292,"90005","4_SG","1_SG",2,0,0,=,,,7293,
7293,"90005","4_SG","2_SG",2,1,0,=,,,7294,
7294,"90005","3_SG","1_SG",2,0,0,=,,,7295,
7295,"90005","3_SG","2_SG",2,1,0,=,,,7296,
7296,"90005","2_SG","1_SG",3,0,0,=,,,7297,
7297,"90005","2_SG","2_SG",3,1,0,=,,,7298,
7298,"90005","1_SG","1_SG",3,0,0,=,,,7299,
7299,"90005","1_SG","2_SG",3,1,0,=,,,7300,
7300,"90005","7_SG","26_SG",3,1,1,=,,,,
7301,"90006","12_SG","26_SG",2,1,0,=,,,7302,
7302,"90006","4_SG","1_SG",2,0,0,=,,,7303,
7303,"90006","4_SG","2_SG",2,1,0,=,,,7304,
7304,"90006","3_SG","1_SG",2,0,0,=,,,7305,
7305,"90006","3_SG","2_SG",2,1,0,=,,,7306,
7306,"90006","2_SG","1_SG",3,0,0,=,,,7307,
7307,"90006","2_SG","2_SG",3,1,0,=,,,7308,
7308,"90006","1_SG","1_SG",3,0,0,=,,,7309,
7309,"90006","1_SG","2_SG",3,1,0,=,,,7310,
7310,"90006","7_SG","26_SG",3,1,1,=,,,,
7311,"90007","12_SG","26_SG",2,1,0,=,,,7312,
7312,"90007","4_SG","1_SG",2,0,0,=,,,7313,
7313,"90007","4_SG","2_SG",2,1,0,=,,,7314,
7314,"90007","3_SG","1_SG",2,0,0,=,,,7315,
7315,"90007","3_SG","2_SG",2,1,0,=,,,7316,
7316,"90007","2_SG","1_SG",3,0,0,=,,,7317,
7317,"90007","2_SG","2_SG",3,1,0,=,,,7318,
7318,"90007","1_SG","1_SG",3,0,0,=,,,7319,
7319,"90007","1_SG","2_SG",3,1,0,=,,,7320,
7320,"90007","7_SG","26_SG",3,1,1,=,,,,
7381,"106_SG","12_SG","26_SG",2,1,0,=,,,7382,
7382,"106_SG","2_SG","1_SG",2,0,0,=,,,7383,
7383,"106_SG","2_SG","2_SG",2,0,0,=,,,7384,
7384,"106_SG","2_SG","3_SG",2,0,0,=,,,7385,
7385,"106_SG","2_SG","4_SG",2,1,0,=,,,7386,
7386,"106_SG","1_SG","1_SG",2,0,0,=,,,7387,
7387,"106_SG","1_SG","2_SG",2,0,0,=,,,7388,
7388,"106_SG","1_SG","3_SG",2,1,0,=,,,7389,
7389,"106_SG","9_SG","1_SG",2,0,0,=,,,7390,
7390,"106_SG","9_SG","2_SG",2,0,0,=,,,7391,
7391,"106_SG","9_SG","3_SG",2,1,0,=,,,7392,
7392,"106_SG","8_SG","26_SG",2,1,1,=,,,,
7393,"10701","12_SG","26_SG",2,1,0,=,,,7394,
7394,"10701","2_SG","1_SG",2,0,0,=,,,7395,
7395,"10701","2_SG","2_SG",2,0,0,=,,,7396,
7396,"10701","2_SG","3_SG",2,0,0,=,,,7397,
7397,"10701","2_SG","4_SG",2,1,0,=,,,7398,
7398,"10701","1_SG","1_SG",2,0,0,=,,,7399,
7399,"10701","1_SG","2_SG",2,0,0,=,,,7400,
7400,"10701","1_SG","3_SG",2,1,0,=,,,7401,
7401,"10701","9_SG","1_SG",2,0,0,=,,,7402,
7402,"10701","9_SG","2_SG",2,0,0,=,,,7403,
7403,"10701","9_SG","3_SG",2,1,0,=,,,7404,
7404,"10701","8_SG","26_SG",2,1,1,=,,,,
7405,"10951","12_SG","26_SG",2,1,0,=,,,7406,
7406,"10951","2_SG","1_SG",2,0,0,=,,,7407,
7407,"10951","2_SG","2_SG",2,0,0,=,,,7408,
7408,"10951","2_SG","3_SG",2,0,0,=,,,7409,
7409,"10951","2_SG","4_SG",2,1,0,=,,,7410,
7410,"10951","1_SG","1_SG",2,0,0,=,,,7411,
7411,"10951","1_SG","2_SG",2,0,0,=,,,7412,
7412,"10951","1_SG","3_SG",2,1,0,=,,,7413,
7413,"10951","9_SG","1_SG",2,0,0,=,,,7414,
7414,"10951","9_SG","2_SG",2,0,0,=,,,7415,
7415,"10951","9_SG","3_SG",2,1,0,=,,,7416,
7416,"10951","8_SG","26_SG",2,1,1,=,,,,
7417,"10953","12_SG","26_SG",2,1,0,=,,,7418,
7418,"10953","2_SG","1_SG",2,0,0,=,,,7419,
7419,"10953","2_SG","2_SG",2,0,0,=,,,7420,
7420,"10953","2_SG","3_SG",2,0,0,=,,,7421,
7421,"10953","2_SG","4_SG",2,1,0,=,,,7422,
7422,"10953","1_SG","1_SG",2,0,0,=,,,7423,
7423,"10953","1_SG","2_SG",2,0,0,=,,,7424,
7424,"10953","1_SG","3_SG",2,1,0,=,,,7425,
7425,"10953","9_SG","1_SG",2,0,0,=,,,7426,
7426,"10953","9_SG","2_SG",2,0,0,=,,,7427,
7427,"10953","9_SG","3_SG",2,1,0,=,,,7428,
7428,"10953","8_SG","26_SG",2,1,1,=,,,,
7441,"119_SG","12_SG","26_SG",2,1,0,=,,,7442,
7442,"119_SG","2_SG","1_SG",2,0,0,=,,,7443,
7443,"119_SG","2_SG","2_SG",2,0,0,=,,,7444,
7444,"119_SG","2_SG","3_SG",2,0,0,=,,,7445,
7445,"119_SG","2_SG","4_SG",2,1,0,=,,,7446,
7446,"119_SG","1_SG","1_SG",2,0,0,=,,,7447,
7447,"119_SG","1_SG","2_SG",2,0,0,=,,,7448,
7448,"119_SG","1_SG","3_SG",2,1,0,=,,,7449,
7449,"119_SG","9_SG","1_SG",2,0,0,=,,,7450,
7450,"119_SG","9_SG","2_SG",2,0,0,=,,,7451,
7451,"119_SG","9_SG","3_SG",2,1,0,=,,,7452,
7452,"119_SG","8_SG","26_SG",2,1,1,=,,,,
7453,"12701","12_SG","26_SG",2,1,0,=,,,7454,
7454,"41201","2_SG","1_SG",2,0,0,=,,,7455,
7455,"12701","2_SG","2_SG",2,0,0,=,,,7456,
7456,"12701","2_SG","3_SG",2,0,0,=,,,7457,
7457,"12701","2_SG","4_SG",2,1,0,=,,,7458,
7458,"12701","1_SG","1_SG",2,0,0,=,,,7459,
7459,"12701","1_SG","2_SG",2,0,0,=,,,7460,
7460,"12701","1_SG","3_SG",2,1,0,=,,,7461,
7461,"12701","9_SG","1_SG",2,0,0,=,,,7462,
7462,"12701","9_SG","2_SG",2,0,0,=,,,7463,
7463,"12701","9_SG","3_SG",2,1,0,=,,,7464,
7464,"12701","8_SG","26_SG",2,1,1,=,,,,
7465,"14651","12_SG","26_SG",2,1,0,=,,,7466,
7466,"14651","2_SG","1_SG",2,0,0,=,,,7467,
7467,"14651","2_SG","2_SG",2,0,0,=,,,7468,
7468,"14651","2_SG","3_SG",2,0,0,=,,,7469,
7469,"14651","2_SG","4_SG",2,1,0,=,,,7470,
7470,"14651","1_SG","1_SG",2,0,0,=,,,7471,
7471,"14651","1_SG","2_SG",2,0,0,=,,,7472,
7472,"14651","1_SG","3_SG",2,1,0,=,,,7473,
7473,"14651","9_SG","1_SG",2,0,0,=,,,7474,
7474,"14651","9_SG","2_SG",2,0,0,=,,,7475,
7475,"14651","9_SG","3_SG",2,1,0,=,,,7476,
7476,"14651","8_SG","26_SG",2,1,1,=,,,,
7477,"14753","12_SG","26_SG",2,1,0,=,,,7478,
7478,"14753","2_SG","1_SG",2,0,0,=,,,7479,
7479,"14753","2_SG","2_SG",2,0,0,=,,,7480,
7480,"14753","2_SG","3_SG",2,0,0,=,,,7481,
7481,"14753","2_SG","4_SG",2,1,0,=,,,7482,
7482,"14753","1_SG","1_SG",2,0,0,=,,,7483,
7483,"14753","1_SG","2_SG",2,0,0,=,,,7484,
7484,"14753","1_SG","3_SG",2,1,0,=,,,7485,
7485,"14753","9_SG","1_SG",2,0,0,=,,,7486,
7486,"14753","9_SG","2_SG",2,0,0,=,,,7487,
7487,"14753","9_SG","3_SG",2,1,0,=,,,7488,
7488,"14753","8_SG","26_SG",2,1,1,=,,,,
7489,"14951","12_SG","26_SG",2,1,0,=,,,7490,
7490,"14951","2_SG","1_SG",2,0,0,=,,,7491,
7491,"14951","2_SG","2_SG",2,0,0,=,,,7492,
7492,"14951","2_SG","3_SG",2,0,0,=,,,7493,
7493,"14951","2_SG","4_SG",2,1,0,=,,,7494,
7494,"14951","1_SG","1_SG",2,0,0,=,,,7495,
7495,"14951","1_SG","2_SG",2,0,0,=,,,7496,
7496,"14951","1_SG","3_SG",2,1,0,=,,,7497,
7497,"14951","9_SG","1_SG",2,0,0,=,,,7498,
7498,"14951","9_SG","2_SG",2,0,0,=,,,7499,
7499,"14951","9_SG","3_SG",2,1,0,=,,,7500,
7500,"14951","8_SG","26_SG",2,1,1,=,,,,
7501,"15753","12_SG","26_SG",2,1,0,=,,,7502,
7502,"15753","2_SG","1_SG",2,0,0,=,,,7503,
7503,"15753","2_SG","2_SG",2,0,0,=,,,7504,
7504,"15753","2_SG","3_SG",2,0,0,=,,,7505,
7505,"15753","2_SG","4_SG",2,1,0,=,,,7506,
7506,"15753","1_SG","1_SG",2,0,0,=,,,7507,
7507,"15753","1_SG","2_SG",2,0,0,=,,,7508,
7508,"15753","1_SG","3_SG",2,1,0,=,,,7509,
7509,"15753","9_SG","1_SG",2,0,0,=,,,7510,
7510,"15753","9_SG","2_SG",2,0,0,=,,,7511,
7511,"15753","9_SG","3_SG",2,1,0,=,,,7512,
7512,"15753","8_SG","26_SG",2,1,1,=,,,,
7513,"16701","12_SG","26_SG",2,1,0,=,,,7514,
7514,"16701","2_SG","1_SG",2,0,0,=,,,7515,
7515,"16701","2_SG","2_SG",2,0,0,=,,,7516,
7516,"16701","2_SG","3_SG",2,0,0,=,,,7517,
7517,"16701","2_SG","4_SG",2,1,0,=,,,7518,
7518,"16701","1_SG","1_SG",2,0,0,=,,,7519,
7519,"16701","1_SG","2_SG",2,0,0,=,,,7520,
7520,"16701","1_SG","3_SG",2,1,0,=,,,7521,
7521,"16701","9_SG","1_SG",2,0,0,=,,,7522,
7522,"16701","9_SG","2_SG",2,0,0,=,,,7523,
7523,"16701","9_SG","3_SG",2,1,0,=,,,7524,
7524,"16701","8_SG","26_SG",2,1,1,=,,,,
7525,"169_SG","12_SG","26_SG",2,1,0,=,,,7526,
7526,"169_SG","2_SG","1_SG",2,0,0,=,,,7527,
7527,"169_SG","2_SG","2_SG",2,0,0,=,,,7528,
7528,"169_SG","2_SG","3_SG",2,0,0,=,,,7529,
7529,"169_SG","2_SG","4_SG",2,1,0,=,,,7530,
7530,"169_SG","1_SG","1_SG",2,0,0,=,,,7531,
7531,"169_SG","1_SG","2_SG",2,0,0,=,,,7532,
7532,"169_SG","1_SG","3_SG",2,1,0,=,,,7533,
7533,"169_SG","9_SG","1_SG",2,0,0,=,,,7534,
7534,"169_SG","9_SG","2_SG",2,0,0,=,,,7535,
7535,"169_SG","9_SG","3_SG",2,1,0,=,,,7536,
7536,"169_SG","8_SG","26_SG",2,1,1,=,,,,
7537,"170_SG","12_SG","26_SG",2,1,0,=,,,7538,
7538,"170_SG","2_SG","1_SG",2,0,0,=,,,7539,
7539,"170_SG","2_SG","2_SG",2,0,0,=,,,7540,
7540,"170_SG","2_SG","3_SG",2,0,0,=,,,7541,
7541,"170_SG","2_SG","4_SG",2,1,0,=,,,7542,
7542,"170_SG","1_SG","1_SG",2,0,0,=,,,7543,
7543,"170_SG","1_SG","2_SG",2,0,0,=,,,7544,
7544,"170_SG","1_SG","3_SG",2,1,0,=,,,7545,
7545,"170_SG","9_SG","1_SG",2,0,0,=,,,7546,
7546,"170_SG","9_SG","2_SG",2,0,0,=,,,7547,
7547,"170_SG","9_SG","3_SG",2,1,0,=,,,7548,
7548,"170_SG","8_SG","26_SG",2,1,1,=,,,,
7549,"171_SG","12_SG","26_SG",2,1,0,=,,,7550,
7550,"171_SG","2_SG","1_SG",2,0,0,=,,,7551,
7551,"171_SG","2_SG","2_SG",2,0,0,=,,,7552,
7552,"171_SG","2_SG","3_SG",2,0,0,=,,,7553,
7553,"171_SG","2_SG","4_SG",2,1,0,=,,,7554,
7554,"171_SG","1_SG","1_SG",2,0,0,=,,,7555,
7555,"171_SG","1_SG","2_SG",2,0,0,=,,,7556,
7556,"171_SG","1_SG","3_SG",2,1,0,=,,,7557,
7557,"171_SG","9_SG","1_SG",2,0,0,=,,,7558,
7558,"171_SG","9_SG","2_SG",2,0,0,=,,,7559,
7559,"171_SG","9_SG","3_SG",2,1,0,=,,,7560,
7560,"171_SG","8_SG","26_SG",2,1,1,=,,,,
7561,"174_SG","12_SG","26_SG",2,1,0,=,,,7562,
7562,"174_SG","2_SG","1_SG",2,0,0,=,,,7563,
7563,"174_SG","2_SG","2_SG",2,0,0,=,,,7564,
7564,"174_SG","2_SG","3_SG",2,0,0,=,,,7565,
7565,"174_SG","2_SG","4_SG",2,1,0,=,,,7566,
7566,"174_SG","1_SG","1_SG",2,0,0,=,,,7567,
7567,"174_SG","1_SG","2_SG",2,0,0,=,,,7568,
7568,"174_SG","1_SG","3_SG",2,1,0,=,,,7569,
7569,"174_SG","9_SG","1_SG",2,0,0,=,,,7570,
7570,"174_SG","9_SG","2_SG",2,0,0,=,,,7571,
7571,"174_SG","9_SG","3_SG",2,1,0,=,,,7572,
7572,"174_SG","8_SG","26_SG",2,1,1,=,,,,
7573,"17701","12_SG","26_SG",2,1,0,=,,,7574,
7574,"17701","2_SG","1_SG",2,0,0,=,,,7575,
7575,"17701","2_SG","2_SG",2,0,0,=,,,7576,
7576,"17701","2_SG","3_SG",2,0,0,=,,,7577,
7577,"17701","2_SG","4_SG",2,1,0,=,,,7578,
7578,"17701","1_SG","1_SG",2,0,0,=,,,7579,
7579,"17701","1_SG","2_SG",2,0,0,=,,,7580,
7580,"17701","1_SG","3_SG",2,1,0,=,,,7581,
7581,"17701","9_SG","1_SG",2,0,0,=,,,7582,
7582,"17701","9_SG","2_SG",2,0,0,=,,,7583,
7583,"17701","9_SG","3_SG",2,1,0,=,,,7584,
7584,"17701","8_SG","26_SG",2,1,1,=,,,,
7585,"182_SG","12_SG","26_SG",2,1,0,=,,,7586,
7586,"182_SG","2_SG","1_SG",2,0,0,=,,,7587,
7587,"182_SG","2_SG","2_SG",2,0,0,=,,,7588,
7588,"182_SG","2_SG","3_SG",2,0,0,=,,,7589,
7589,"182_SG","2_SG","4_SG",2,1,0,=,,,7590,
7590,"182_SG","1_SG","1_SG",2,0,0,=,,,7591,
7591,"182_SG","1_SG","2_SG",2,0,0,=,,,7592,
7592,"182_SG","1_SG","3_SG",2,1,0,=,,,7593,
7593,"182_SG","9_SG","1_SG",2,0,0,=,,,7594,
7594,"182_SG","9_SG","2_SG",2,0,0,=,,,7595,
7595,"182_SG","9_SG","3_SG",2,1,0,=,,,7596,
7596,"182_SG","8_SG","26_SG",2,1,1,=,,,,
7597,"184_SG","12_SG","26_SG",2,1,0,=,,,7598,
7598,"184_SG","2_SG","1_SG",2,0,0,=,,,7599,
7599,"184_SG","2_SG","2_SG",2,0,0,=,,,7600,
7600,"184_SG","2_SG","3_SG",2,0,0,=,,,7601,
7601,"184_SG","2_SG","4_SG",2,1,0,=,,,7602,
7602,"184_SG","1_SG","1_SG",2,0,0,=,,,7603,
7603,"184_SG","1_SG","2_SG",2,0,0,=,,,7604,
7604,"184_SG","1_SG","3_SG",2,1,0,=,,,7605,
7605,"184_SG","9_SG","1_SG",2,0,0,=,,,7606,
7606,"184_SG","9_SG","2_SG",2,0,0,=,,,7607,
7607,"184_SG","9_SG","3_SG",2,1,0,=,,,7608,
7608,"184_SG","8_SG","26_SG",2,1,1,=,,,,
7609,"18551","12_SG","26_SG",2,1,0,=,,,7610,
7610,"18551","2_SG","1_SG",2,0,0,=,,,7611,
7611,"18551","2_SG","2_SG",2,0,0,=,,,7612,
7612,"18551","2_SG","3_SG",2,0,0,=,,,7613,
7613,"18551","2_SG","4_SG",2,1,0,=,,,7614,
7614,"18551","1_SG","1_SG",2,0,0,=,,,7615,
7615,"18551","1_SG","2_SG",2,0,0,=,,,7616,
7616,"18551","1_SG","3_SG",2,1,0,=,,,7617,
7617,"18551","9_SG","1_SG",2,0,0,=,,,7618,
7618,"18551","9_SG","2_SG",2,0,0,=,,,7619,
7619,"18551","9_SG","3_SG",2,1,0,=,,,7620,
7620,"18551","8_SG","26_SG",2,1,1,=,,,,
7621,"18553","12_SG","26_SG",2,1,0,=,,,7622,
7622,"18553","2_SG","1_SG",2,0,0,=,,,7623,
7623,"18553","2_SG","2_SG",2,0,0,=,,,7624,
7624,"18553","2_SG","3_SG",2,0,0,=,,,7625,
7625,"18553","2_SG","4_SG",2,1,0,=,,,7626,
7626,"18553","1_SG","1_SG",2,0,0,=,,,7627,
7627,"18553","1_SG","2_SG",2,0,0,=,,,7628,
7628,"18553","1_SG","3_SG",2,1,0,=,,,7629,
7629,"18553","9_SG","1_SG",2,0,0,=,,,7630,
7630,"18553","9_SG","2_SG",2,0,0,=,,,7631,
7631,"18553","9_SG","3_SG",2,1,0,=,,,7632,
7632,"18553","8_SG","26_SG",2,1,1,=,,,,
7633,"18651","12_SG","26_SG",2,1,0,=,,,7634,
7634,"18651","2_SG","1_SG",2,0,0,=,,,7635,
7635,"18651","2_SG","2_SG",2,0,0,=,,,7636,
7636,"18651","2_SG","3_SG",2,0,0,=,,,7637,
7637,"18651","2_SG","4_SG",2,1,0,=,,,7638,
7638,"18651","1_SG","1_SG",2,0,0,=,,,7639,
7639,"18651","1_SG","2_SG",2,0,0,=,,,7640,
7640,"18651","1_SG","3_SG",2,1,0,=,,,7641,
7641,"18651","9_SG","1_SG",2,0,0,=,,,7642,
7642,"18651","9_SG","2_SG",2,0,0,=,,,7643,
7643,"18651","9_SG","3_SG",2,1,0,=,,,7644,
7644,"18651","8_SG","26_SG",2,1,1,=,,,,
7645,"191_SG","12_SG","26_SG",2,1,0,=,,,7646,
7646,"191_SG","2_SG","1_SG",2,0,0,=,,,7647,
7647,"191_SG","2_SG","2_SG",2,0,0,=,,,7648,
7648,"191_SG","2_SG","3_SG",2,0,0,=,,,7649,
7649,"191_SG","2_SG","4_SG",2,1,0,=,,,7650,
7650,"191_SG","1_SG","1_SG",2,0,0,=,,,7651,
7651,"191_SG","1_SG","2_SG",2,0,0,=,,,7652,
7652,"191_SG","1_SG","3_SG",2,1,0,=,,,7653,
7653,"191_SG","9_SG","1_SG",2,0,0,=,,,7654,
7654,"191_SG","9_SG","2_SG",2,0,0,=,,,7655,
7655,"191_SG","9_SG","3_SG",2,1,0,=,,,7656,
7656,"191_SG","8_SG","26_SG",2,1,1,=,,,,
7681,"21555","12_SG","26_SG",2,1,0,=,,,7682,
7682,"21555","2_SG","1_SG",2,0,0,=,,,7683,
7683,"21555","2_SG","2_SG",2,0,0,=,,,7684,
7684,"21555","2_SG","3_SG",2,0,0,=,,,7685,
7685,"21555","2_SG","4_SG",2,1,0,=,,,7686,
7686,"21555","1_SG","1_SG",2,0,0,=,,,7687,
7687,"21555","1_SG","2_SG",2,0,0,=,,,7688,
7688,"21555","1_SG","3_SG",2,1,0,=,,,7689,
7689,"21555","9_SG","1_SG",2,0,0,=,,,7690,
7690,"21555","9_SG","2_SG",2,0,0,=,,,7691,
7691,"21555","9_SG","3_SG",2,1,0,=,,,7692,
7692,"21555","8_SG","26_SG",2,1,1,=,,,,
7693,"22010","12_SG","26_SG",2,1,0,=,,,7694,
7694,"22010","2_SG","1_SG",2,0,0,=,,,7695,
7695,"22010","2_SG","2_SG",2,0,0,=,,,7696,
7696,"22010","2_SG","3_SG",2,0,0,=,,,7697,
7697,"22010","2_SG","4_SG",2,1,0,=,,,7698,
7698,"22010","1_SG","1_SG",2,0,0,=,,,7699,
7699,"22010","1_SG","2_SG",2,0,0,=,,,7700,
7700,"22010","1_SG","3_SG",2,1,0,=,,,7701,
7701,"22010","9_SG","1_SG",2,0,0,=,,,7702,
7702,"22010","9_SG","2_SG",2,0,0,=,,,7703,
7703,"22010","9_SG","3_SG",2,1,0,=,,,7704,
7704,"22010","8_SG","26_SG",2,1,1,=,,,,
7717,"23451","12_SG","26_SG",2,1,0,=,,,7718,
7718,"23451","2_SG","1_SG",2,0,0,=,,,7719,
7719,"23451","2_SG","2_SG",2,0,0,=,,,7720,
7720,"23451","2_SG","3_SG",2,0,0,=,,,7721,
7721,"23451","2_SG","4_SG",2,1,0,=,,,7722,
7722,"23451","1_SG","1_SG",2,0,0,=,,,7723,
7723,"23451","1_SG","2_SG",2,0,0,=,,,7724,
7724,"23451","1_SG","3_SG",2,1,0,=,,,7725,
7725,"23451","9_SG","1_SG",2,0,0,=,,,7726,
7726,"23451","9_SG","2_SG",2,0,0,=,,,7727,
7727,"23451","9_SG","3_SG",2,1,0,=,,,7728,
7728,"23451","8_SG","26_SG",2,1,1,=,,,,
7729,"23551","12_SG","26_SG",2,1,0,=,,,7730,
7730,"23551","2_SG","1_SG",2,0,0,=,,,7731,
7731,"23551","2_SG","2_SG",2,0,0,=,,,7732,
7732,"23551","2_SG","3_SG",2,0,0,=,,,7733,
7733,"23551","2_SG","4_SG",2,1,0,=,,,7734,
7734,"23551","1_SG","1_SG",2,0,0,=,,,7735,
7735,"23551","1_SG","2_SG",2,0,0,=,,,7736,
7736,"23551","1_SG","3_SG",2,1,0,=,,,7737,
7737,"23551","9_SG","1_SG",2,0,0,=,,,7738,
7738,"23551","9_SG","2_SG",2,0,0,=,,,7739,
7739,"23551","9_SG","3_SG",2,1,0,=,,,7740,
7740,"23551","8_SG","26_SG",2,1,1,=,,,,
7741,"23703","12_SG","26_SG",2,1,0,=,,,7742,
7742,"23703","2_SG","1_SG",2,0,0,=,,,7743,
7743,"23703","2_SG","2_SG",2,0,0,=,,,7744,
7744,"23703","2_SG","3_SG",2,0,0,=,,,7745,
7745,"23703","2_SG","4_SG",2,1,0,=,,,7746,
7746,"23703","1_SG","1_SG",2,0,0,=,,,7747,
7747,"23703","1_SG","2_SG",2,0,0,=,,,7748,
7748,"23703","1_SG","3_SG",2,1,0,=,,,7749,
7749,"23703","9_SG","1_SG",2,0,0,=,,,7750,
7750,"23703","9_SG","2_SG",2,0,0,=,,,7751,
7751,"23703","9_SG","3_SG",2,1,0,=,,,7752,
7752,"23703","8_SG","26_SG",2,1,1,=,,,,
7753,"23751","12_SG","26_SG",2,1,0,=,,,7754,
7754,"23751","2_SG","1_SG",2,0,0,=,,,7755,
7755,"23751","2_SG","2_SG",2,0,0,=,,,7756,
7756,"23751","2_SG","3_SG",2,0,0,=,,,7757,
7757,"23751","2_SG","4_SG",2,1,0,=,,,7758,
7758,"23751","1_SG","1_SG",2,0,0,=,,,7759,
7759,"23751","1_SG","2_SG",2,0,0,=,,,7760,
7760,"23751","1_SG","3_SG",2,1,0,=,,,7761,
7761,"23751","9_SG","1_SG",2,0,0,=,,,7762,
7762,"23751","9_SG","2_SG",2,0,0,=,,,7763,
7763,"23751","9_SG","3_SG",2,1,0,=,,,7764,
7764,"23751","8_SG","26_SG",2,1,1,=,,,,
7765,"23754","12_SG","26_SG",2,1,0,=,,,7766,
7766,"23754","2_SG","1_SG",2,0,0,=,,,7767,
7767,"23754","2_SG","2_SG",2,0,0,=,,,7768,
7768,"23754","2_SG","3_SG",2,0,0,=,,,7769,
7769,"23754","2_SG","4_SG",2,1,0,=,,,7770,
7770,"23754","1_SG","1_SG",2,0,0,=,,,7771,
7771,"23754","1_SG","2_SG",2,0,0,=,,,7772,
7772,"23754","1_SG","3_SG",2,1,0,=,,,7773,
7773,"23754","9_SG","1_SG",2,0,0,=,,,7774,
7774,"23754","9_SG","2_SG",2,0,0,=,,,7775,
7775,"23754","9_SG","3_SG",2,1,0,=,,,7776,
7776,"23754","8_SG","26_SG",2,1,1,=,,,,
7777,"23851","12_SG","26_SG",2,1,0,=,,,7778,
7778,"23851","2_SG","1_SG",2,0,0,=,,,7779,
7779,"23851","2_SG","2_SG",2,0,0,=,,,7780,
7780,"23851","2_SG","3_SG",2,0,0,=,,,7781,
7781,"23851","2_SG","4_SG",2,1,0,=,,,7782,
7782,"23851","1_SG","1_SG",2,0,0,=,,,7783,
7783,"23851","1_SG","2_SG",2,0,0,=,,,7784,
7784,"23851","1_SG","3_SG",2,1,0,=,,,7785,
7785,"23851","9_SG","1_SG",2,0,0,=,,,7786,
7786,"23851","9_SG","2_SG",2,0,0,=,,,7787,
7787,"23851","9_SG","3_SG",2,1,0,=,,,7788,
7788,"23851","8_SG","26_SG",2,1,1,=,,,,
7789,"24553","12_SG","26_SG",2,1,0,=,,,7790,
7790,"24553","2_SG","1_SG",2,0,0,=,,,7791,
7791,"24553","2_SG","2_SG",2,0,0,=,,,7792,
7792,"24553","2_SG","3_SG",2,0,0,=,,,7793,
7793,"24553","2_SG","4_SG",2,1,0,=,,,7794,
7794,"24553","1_SG","1_SG",2,0,0,=,,,7795,
7795,"24553","1_SG","2_SG",2,0,0,=,,,7796,
7796,"24553","1_SG","3_SG",2,1,0,=,,,7797,
7797,"24553","9_SG","1_SG",2,0,0,=,,,7798,
7798,"24553","9_SG","2_SG",2,0,0,=,,,7799,
7799,"24553","9_SG","3_SG",2,1,0,=,,,7800,
7800,"24553","8_SG","26_SG",2,1,1,=,,,,
7801,"24651","12_SG","26_SG",2,1,0,=,,,7802,
7802,"24651","2_SG","1_SG",2,0,0,=,,,7803,
7803,"24651","2_SG","2_SG",2,0,0,=,,,7804,
7804,"24651","2_SG","3_SG",2,0,0,=,,,7805,
7805,"24651","2_SG","4_SG",2,1,0,=,,,7806,
7806,"24651","1_SG","1_SG",2,0,0,=,,,7807,
7807,"24651","1_SG","2_SG",2,0,0,=,,,7808,
7808,"24651","1_SG","3_SG",2,1,0,=,,,7809,
7809,"24651","9_SG","1_SG",2,0,0,=,,,7810,
7810,"24651","9_SG","2_SG",2,0,0,=,,,7811,
7811,"24651","9_SG","3_SG",2,1,0,=,,,7812,
7812,"24651","8_SG","26_SG",2,1,1,=,,,,
7813,"25751","12_SG","26_SG",2,1,0,=,,,7814,
7814,"25751","2_SG","1_SG",2,0,0,=,,,7815,
7815,"25751","2_SG","2_SG",2,0,0,=,,,7816,
7816,"25751","2_SG","3_SG",2,0,0,=,,,7817,
7817,"25751","2_SG","4_SG",2,1,0,=,,,7818,
7818,"25751","1_SG","1_SG",2,0,0,=,,,7819,
7819,"25751","1_SG","2_SG",2,0,0,=,,,7820,
7820,"25751","1_SG","3_SG",2,1,0,=,,,7821,
7821,"25751","9_SG","1_SG",2,0,0,=,,,7822,
7822,"25751","9_SG","2_SG",2,0,0,=,,,7823,
7823,"25751","9_SG","3_SG",2,1,0,=,,,7824,
7824,"25751","8_SG","26_SG",2,1,1,=,,,,
7825,"26551","12_SG","26_SG",2,1,0,=,,,7826,
7826,"26551","2_SG","1_SG",2,0,0,=,,,7827,
7827,"26551","2_SG","2_SG",2,0,0,=,,,7828,
7828,"26551","2_SG","3_SG",2,0,0,=,,,7829,
7829,"26551","2_SG","4_SG",2,1,0,=,,,7830,
7830,"26551","1_SG","1_SG",2,0,0,=,,,7831,
7831,"26551","1_SG","2_SG",2,0,0,=,,,7832,
7832,"26551","1_SG","3_SG",2,1,0,=,,,7833,
7833,"26551","9_SG","1_SG",2,0,0,=,,,7834,
7834,"26551","9_SG","2_SG",2,0,0,=,,,7835,
7835,"26551","9_SG","3_SG",2,1,0,=,,,7836,
7836,"26551","8_SG","26_SG",2,1,1,=,,,,
7837,"266_SG","12_SG","26_SG",2,1,0,=,,,7838,
7838,"266_SG","2_SG","1_SG",2,0,0,=,,,7839,
7839,"266_SG","2_SG","2_SG",2,0,0,=,,,7840,
7840,"266_SG","2_SG","3_SG",2,0,0,=,,,7841,
7841,"266_SG","2_SG","4_SG",2,1,0,=,,,7842,
7842,"266_SG","1_SG","1_SG",2,0,0,=,,,7843,
7843,"266_SG","1_SG","2_SG",2,0,0,=,,,7844,
7844,"266_SG","1_SG","3_SG",2,1,0,=,,,7845,
7845,"266_SG","9_SG","1_SG",2,0,0,=,,,7846,
7846,"266_SG","9_SG","2_SG",2,0,0,=,,,7847,
7847,"266_SG","9_SG","3_SG",2,1,0,=,,,7848,
7848,"266_SG","8_SG","26_SG",2,1,1,=,,,,
7849,"267_SG","12_SG","26_SG",2,1,0,=,,,7850,
7850,"267_SG","2_SG","1_SG",2,0,0,=,,,7851,
7851,"267_SG","2_SG","2_SG",2,0,0,=,,,7852,
7852,"267_SG","2_SG","3_SG",2,0,0,=,,,7853,
7853,"267_SG","2_SG","4_SG",2,1,0,=,,,7854,
7854,"267_SG","1_SG","1_SG",2,0,0,=,,,7855,
7855,"267_SG","1_SG","2_SG",2,0,0,=,,,7856,
7856,"267_SG","1_SG","3_SG",2,1,0,=,,,7857,
7857,"267_SG","9_SG","1_SG",2,0,0,=,,,7858,
7858,"267_SG","9_SG","2_SG",2,0,0,=,,,7859,
7859,"267_SG","9_SG","3_SG",2,1,0,=,,,7860,
7860,"267_SG","8_SG","26_SG",2,1,1,=,,,,
7861,"26701","12_SG","26_SG",2,1,0,=,,,7862,
7862,"26701","2_SG","1_SG",2,0,0,=,,,7863,
7863,"26701","2_SG","2_SG",2,0,0,=,,,7864,
7864,"26701","2_SG","3_SG",2,0,0,=,,,7865,
7865,"26701","2_SG","4_SG",2,1,0,=,,,7866,
7866,"26701","1_SG","1_SG",2,0,0,=,,,7867,
7867,"26701","1_SG","2_SG",2,0,0,=,,,7868,
7868,"26701","1_SG","3_SG",2,1,0,=,,,7869,
7869,"26701","9_SG","1_SG",2,0,0,=,,,7870,
7870,"26701","9_SG","2_SG",2,0,0,=,,,7871,
7871,"26701","9_SG","3_SG",2,1,0,=,,,7872,
7872,"26701","8_SG","26_SG",2,1,1,=,,,,
7873,"268_SG","12_SG","26_SG",2,1,0,=,,,7874,
7874,"268_SG","2_SG","1_SG",2,0,0,=,,,7875,
7875,"268_SG","2_SG","2_SG",2,0,0,=,,,7876,
7876,"268_SG","2_SG","3_SG",2,0,0,=,,,7877,
7877,"268_SG","2_SG","4_SG",2,1,0,=,,,7878,
7878,"268_SG","1_SG","1_SG",2,0,0,=,,,7879,
7879,"268_SG","1_SG","2_SG",2,0,0,=,,,7880,
7880,"268_SG","1_SG","3_SG",2,1,0,=,,,7881,
7881,"268_SG","9_SG","1_SG",2,0,0,=,,,7882,
7882,"268_SG","9_SG","2_SG",2,0,0,=,,,7883,
7883,"268_SG","9_SG","3_SG",2,1,0,=,,,7884,
7884,"268_SG","8_SG","26_SG",2,1,1,=,,,,
7897,"27701","12_SG","26_SG",2,1,0,=,,,7898,
7898,"27701","2_SG","1_SG",2,0,0,=,,,7899,
7899,"27701","2_SG","2_SG",2,0,0,=,,,7900,
7900,"27701","2_SG","3_SG",2,0,0,=,,,7901,
7901,"27701","2_SG","4_SG",2,1,0,=,,,7902,
7902,"27701","1_SG","1_SG",2,0,0,=,,,7903,
7903,"27701","1_SG","2_SG",2,0,0,=,,,7904,
7904,"27701","1_SG","3_SG",2,1,0,=,,,7905,
7905,"27701","9_SG","1_SG",2,0,0,=,,,7906,
7906,"27701","9_SG","2_SG",2,0,0,=,,,7907,
7907,"27701","9_SG","3_SG",2,1,0,=,,,7908,
7908,"27701","8_SG","26_SG",2,1,1,=,,,,
7909,"28551","12_SG","26_SG",2,1,0,=,,,7910,
7910,"28551","2_SG","1_SG",2,0,0,=,,,7911,
7911,"28551","2_SG","2_SG",2,0,0,=,,,7912,
7912,"28551","2_SG","3_SG",2,0,0,=,,,7913,
7913,"28551","2_SG","4_SG",2,1,0,=,,,7914,
7914,"28551","1_SG","1_SG",2,0,0,=,,,7915,
7915,"28551","1_SG","2_SG",2,0,0,=,,,7916,
7916,"28551","1_SG","3_SG",2,1,0,=,,,7917,
7917,"28551","9_SG","1_SG",2,0,0,=,,,7918,
7918,"28551","9_SG","2_SG",2,0,0,=,,,7919,
7919,"28551","9_SG","3_SG",2,1,0,=,,,7920,
7920,"28551","8_SG","26_SG",2,1,1,=,,,,
7945,"29651","12_SG","26_SG",2,1,0,=,,,7946,
7946,"29651","2_SG","1_SG",2,0,0,=,,,7947,
7947,"29651","2_SG","2_SG",2,0,0,=,,,7948,
7948,"29651","2_SG","3_SG",2,0,0,=,,,7949,
7949,"29651","2_SG","4_SG",2,1,0,=,,,7950,
7950,"29651","1_SG","1_SG",2,0,0,=,,,7951,
7951,"29651","1_SG","2_SG",2,0,0,=,,,7952,
7952,"29651","1_SG","3_SG",2,1,0,=,,,7953,
7953,"29651","9_SG","1_SG",2,0,0,=,,,7954,
7954,"29651","9_SG","2_SG",2,0,0,=,,,7955,
7955,"29651","9_SG","3_SG",2,1,0,=,,,7956,
7956,"29651","8_SG","26_SG",2,1,1,=,,,,
7957,"29701","12_SG","26_SG",2,1,0,=,,,7958,
7958,"29701","2_SG","1_SG",2,0,0,=,,,7959,
7959,"29701","2_SG","2_SG",2,0,0,=,,,7960,
7960,"29701","2_SG","3_SG",2,0,0,=,,,7961,
7961,"29701","2_SG","4_SG",2,1,0,=,,,7962,
7962,"29701","1_SG","1_SG",2,0,0,=,,,7963,
7963,"29701","1_SG","2_SG",2,0,0,=,,,7964,
7964,"29701","1_SG","3_SG",2,1,0,=,,,7965,
7965,"29701","9_SG","1_SG",2,0,0,=,,,7966,
7966,"29701","9_SG","2_SG",2,0,0,=,,,7967,
7967,"29701","9_SG","3_SG",2,1,0,=,,,7968,
7968,"29701","8_SG","26_SG",2,1,1,=,,,,
7969,"29901","12_SG","26_SG",2,1,0,=,,,7970,
7970,"29901","2_SG","1_SG",2,0,0,=,,,7971,
7971,"29901","2_SG","2_SG",2,0,0,=,,,7972,
7972,"29901","2_SG","3_SG",2,0,0,=,,,7973,
7973,"29901","2_SG","4_SG",2,1,0,=,,,7974,
7974,"29901","1_SG","1_SG",2,0,0,=,,,7975,
7975,"29901","1_SG","2_SG",2,0,0,=,,,7976,
7976,"29901","1_SG","3_SG",2,1,0,=,,,7977,
7977,"29901","9_SG","1_SG",2,0,0,=,,,7978,
7978,"29901","9_SG","2_SG",2,0,0,=,,,7979,
7979,"29901","9_SG","3_SG",2,1,0,=,,,7980,
7980,"29901","8_SG","26_SG",2,1,1,=,,,,
7981,"29903","12_SG","26_SG",2,1,0,=,,,7982,
7982,"29903","2_SG","1_SG",2,0,0,=,,,7983,
7983,"29903","2_SG","2_SG",2,0,0,=,,,7984,
7984,"29903","2_SG","3_SG",2,0,0,=,,,7985,
7985,"29903","2_SG","4_SG",2,1,0,=,,,7986,
7986,"29903","1_SG","1_SG",2,0,0,=,,,7987,
7987,"29903","1_SG","2_SG",2,0,0,=,,,7988,
7988,"29903","1_SG","3_SG",2,1,0,=,,,7989,
7989,"29903","9_SG","1_SG",2,0,0,=,,,7990,
7990,"29903","9_SG","2_SG",2,0,0,=,,,7991,
7991,"29903","9_SG","3_SG",2,1,0,=,,,7992,
7992,"29903","8_SG","26_SG",2,1,1,=,,,,
7993,"30451","12_SG","26_SG",2,1,0,=,,,7994,
7994,"30451","2_SG","1_SG",2,0,0,=,,,7995,
7995,"30451","2_SG","2_SG",2,0,0,=,,,7996,
7996,"30451","2_SG","3_SG",2,0,0,=,,,7997,
7997,"30451","2_SG","4_SG",2,1,0,=,,,7998,
7998,"30451","1_SG","1_SG",2,0,0,=,,,7999,
7999,"30451","1_SG","2_SG",2,0,0,=,,,8000,
8000,"30451","1_SG","3_SG",2,1,0,=,,,8001,
8001,"30451","9_SG","1_SG",2,0,0,=,,,8002,
8002,"30451","9_SG","2_SG",2,0,0,=,,,8003,
8003,"30451","9_SG","3_SG",2,1,0,=,,,8004,
8004,"30451","8_SG","26_SG",2,1,1,=,,,,
8005,"30453","12_SG","26_SG",2,1,0,=,,,8006,
8006,"30453","2_SG","1_SG",2,0,0,=,,,8007,
8007,"30453","2_SG","2_SG",2,0,0,=,,,8008,
8008,"30453","2_SG","3_SG",2,0,0,=,,,8009,
8009,"30453","2_SG","4_SG",2,1,0,=,,,8010,
8010,"30453","1_SG","1_SG",2,0,0,=,,,8011,
8011,"30453","1_SG","2_SG",2,0,0,=,,,8012,
8012,"30453","1_SG","3_SG",2,1,0,=,,,8013,
8013,"30453","9_SG","1_SG",2,0,0,=,,,8014,
8014,"30453","9_SG","2_SG",2,0,0,=,,,8015,
8015,"30453","9_SG","3_SG",2,1,0,=,,,8016,
8016,"30453","8_SG","26_SG",2,1,1,=,,,,
8017,"30751","12_SG","26_SG",2,1,0,=,,,8018,
8018,"30751","2_SG","1_SG",2,0,0,=,,,8019,
8019,"30751","2_SG","2_SG",2,0,0,=,,,8020,
8020,"30751","2_SG","3_SG",2,0,0,=,,,8021,
8021,"30751","2_SG","4_SG",2,1,0,=,,,8022,
8022,"30751","1_SG","1_SG",2,0,0,=,,,8023,
8023,"30751","1_SG","2_SG",2,0,0,=,,,8024,
8024,"30751","1_SG","3_SG",2,1,0,=,,,8025,
8025,"30751","9_SG","1_SG",2,0,0,=,,,8026,
8026,"30751","9_SG","2_SG",2,0,0,=,,,8027,
8027,"30751","9_SG","3_SG",2,1,0,=,,,8028,
8028,"30751","8_SG","26_SG",2,1,1,=,,,,
8029,"31551","12_SG","26_SG",2,1,0,=,,,8030,
8030,"31551","2_SG","1_SG",2,0,0,=,,,8031,
8031,"31551","2_SG","2_SG",2,0,0,=,,,8032,
8032,"31551","2_SG","3_SG",2,0,0,=,,,8033,
8033,"31551","2_SG","4_SG",2,1,0,=,,,8034,
8034,"31551","1_SG","1_SG",2,0,0,=,,,8035,
8035,"31551","1_SG","2_SG",2,0,0,=,,,8036,
8036,"31551","1_SG","3_SG",2,1,0,=,,,8037,
8037,"31551","9_SG","1_SG",2,0,0,=,,,8038,
8038,"31551","9_SG","2_SG",2,0,0,=,,,8039,
8039,"31551","9_SG","3_SG",2,1,0,=,,,8040,
8040,"31551","8_SG","26_SG",2,1,1,=,,,,
8041,"31555","12_SG","26_SG",2,1,0,=,,,8042,
8042,"31555","2_SG","1_SG",2,0,0,=,,,8043,
8043,"31555","2_SG","2_SG",2,0,0,=,,,8044,
8044,"31555","2_SG","3_SG",2,0,0,=,,,8045,
8045,"31555","2_SG","4_SG",2,1,0,=,,,8046,
8046,"31555","1_SG","1_SG",2,0,0,=,,,8047,
8047,"31555","1_SG","2_SG",2,0,0,=,,,8048,
8048,"31555","1_SG","3_SG",2,1,0,=,,,8049,
8049,"31555","9_SG","1_SG",2,0,0,=,,,8050,
8050,"31555","9_SG","2_SG",2,0,0,=,,,8051,
8051,"31555","9_SG","3_SG",2,1,0,=,,,8052,
8052,"31555","8_SG","26_SG",2,1,1,=,,,,
8053,"31557","12_SG","26_SG",2,1,0,=,,,8054,
8054,"31557","2_SG","1_SG",2,0,0,=,,,8055,
8055,"31557","2_SG","2_SG",2,0,0,=,,,8056,
8056,"31557","2_SG","3_SG",2,0,0,=,,,8057,
8057,"31557","2_SG","4_SG",2,1,0,=,,,8058,
8058,"31557","1_SG","1_SG",2,0,0,=,,,8059,
8059,"31557","1_SG","2_SG",2,0,0,=,,,8060,
8060,"31557","1_SG","3_SG",2,1,0,=,,,8061,
8061,"31557","9_SG","1_SG",2,0,0,=,,,8062,
8062,"31557","9_SG","2_SG",2,0,0,=,,,8063,
8063,"31557","9_SG","3_SG",2,1,0,=,,,8064,
8064,"31557","8_SG","26_SG",2,1,1,=,,,,
8065,"31565","12_SG","26_SG",2,1,0,=,,,8066,
8066,"31565","2_SG","1_SG",2,0,0,=,,,8067,
8067,"31565","2_SG","2_SG",2,0,0,=,,,8068,
8068,"31565","2_SG","3_SG",2,0,0,=,,,8069,
8069,"31565","2_SG","4_SG",2,1,0,=,,,8070,
8070,"31565","1_SG","1_SG",2,0,0,=,,,8071,
8071,"31565","1_SG","2_SG",2,0,0,=,,,8072,
8072,"31565","1_SG","3_SG",2,1,0,=,,,8073,
8073,"31565","9_SG","1_SG",2,0,0,=,,,8074,
8074,"31565","9_SG","2_SG",2,0,0,=,,,8075,
8075,"31565","9_SG","3_SG",2,1,0,=,,,8076,
8076,"31565","8_SG","26_SG",2,1,1,=,,,,
8077,"31651","12_SG","26_SG",2,1,0,=,,,8078,
8078,"31651","2_SG","1_SG",2,0,0,=,,,8079,
8079,"31651","2_SG","2_SG",2,0,0,=,,,8080,
8080,"31651","2_SG","3_SG",2,0,0,=,,,8081,
8081,"31651","2_SG","4_SG",2,1,0,=,,,8082,
8082,"31651","1_SG","1_SG",2,0,0,=,,,8083,
8083,"31651","1_SG","2_SG",2,0,0,=,,,8084,
8084,"31651","1_SG","3_SG",2,1,0,=,,,8085,
8085,"31651","9_SG","1_SG",2,0,0,=,,,8086,
8086,"31651","9_SG","2_SG",2,0,0,=,,,8087,
8087,"31651","9_SG","3_SG",2,1,0,=,,,8088,
8088,"31651","8_SG","26_SG",2,1,1,=,,,,
8089,"31751","12_SG","26_SG",2,1,0,=,,,8090,
8090,"31751","2_SG","1_SG",2,0,0,=,,,8091,
8091,"31751","2_SG","2_SG",2,0,0,=,,,8092,
8092,"31751","2_SG","3_SG",2,0,0,=,,,8093,
8093,"31751","2_SG","4_SG",2,1,0,=,,,8094,
8094,"31751","1_SG","1_SG",2,0,0,=,,,8095,
8095,"31751","1_SG","2_SG",2,0,0,=,,,8096,
8096,"31751","1_SG","3_SG",2,1,0,=,,,8097,
8097,"31751","9_SG","1_SG",2,0,0,=,,,8098,
8098,"31751","9_SG","2_SG",2,0,0,=,,,8099,
8099,"31751","9_SG","3_SG",2,1,0,=,,,8100,
8100,"31751","8_SG","26_SG",2,1,1,=,,,,
8101,"31853","12_SG","26_SG",2,1,0,=,,,8102,
8102,"31853","2_SG","1_SG",2,0,0,=,,,8103,
8103,"31853","2_SG","2_SG",2,0,0,=,,,8104,
8104,"31853","2_SG","3_SG",2,0,0,=,,,8105,
8105,"31853","2_SG","4_SG",2,1,0,=,,,8106,
8106,"31853","1_SG","1_SG",2,0,0,=,,,8107,
8107,"31853","1_SG","2_SG",2,0,0,=,,,8108,
8108,"31853","1_SG","3_SG",2,1,0,=,,,8109,
8109,"31853","9_SG","1_SG",2,0,0,=,,,8110,
8110,"31853","9_SG","2_SG",2,0,0,=,,,8111,
8111,"31853","9_SG","3_SG",2,1,0,=,,,8112,
8112,"31853","8_SG","26_SG",2,1,1,=,,,,
8113,"32551","12_SG","26_SG",2,1,0,=,,,8114,
8114,"32551","2_SG","1_SG",2,0,0,=,,,8115,
8115,"32551","2_SG","2_SG",2,0,0,=,,,8116,
8116,"32551","2_SG","3_SG",2,0,0,=,,,8117,
8117,"32551","2_SG","4_SG",2,1,0,=,,,8118,
8118,"32551","1_SG","1_SG",2,0,0,=,,,8119,
8119,"32551","1_SG","2_SG",2,0,0,=,,,8120,
8120,"32551","1_SG","3_SG",2,1,0,=,,,8121,
8121,"32551","9_SG","1_SG",2,0,0,=,,,8122,
8122,"32551","9_SG","2_SG",2,0,0,=,,,8123,
8123,"32551","9_SG","3_SG",2,1,0,=,,,8124,
8124,"32551","8_SG","26_SG",2,1,1,=,,,,
8125,"32651","12_SG","26_SG",2,1,0,=,,,8126,
8126,"32651","2_SG","1_SG",2,0,0,=,,,8127,
8127,"32651","2_SG","2_SG",2,0,0,=,,,8128,
8128,"32651","2_SG","3_SG",2,0,0,=,,,8129,
8129,"32651","2_SG","4_SG",2,1,0,=,,,8130,
8130,"32651","1_SG","1_SG",2,0,0,=,,,8131,
8131,"32651","1_SG","2_SG",2,0,0,=,,,8132,
8132,"32651","1_SG","3_SG",2,1,0,=,,,8133,
8133,"32651","9_SG","1_SG",2,0,0,=,,,8134,
8134,"32651","9_SG","2_SG",2,0,0,=,,,8135,
8135,"32651","9_SG","3_SG",2,1,0,=,,,8136,
8136,"32651","8_SG","26_SG",2,1,1,=,,,,
8137,"33551","12_SG","26_SG",2,1,0,=,,,8138,
8138,"33551","2_SG","1_SG",2,0,0,=,,,8139,
8139,"33551","2_SG","2_SG",2,0,0,=,,,8140,
8140,"33551","2_SG","3_SG",2,0,0,=,,,8141,
8141,"33551","2_SG","4_SG",2,1,0,=,,,8142,
8142,"33551","1_SG","1_SG",2,0,0,=,,,8143,
8143,"33551","1_SG","2_SG",2,0,0,=,,,8144,
8144,"33551","1_SG","3_SG",2,1,0,=,,,8145,
8145,"33551","9_SG","1_SG",2,0,0,=,,,8146,
8146,"33551","9_SG","2_SG",2,0,0,=,,,8147,
8147,"33551","9_SG","3_SG",2,1,0,=,,,8148,
8148,"33551","8_SG","26_SG",2,1,1,=,,,,
8161,"34551","12_SG","26_SG",2,1,0,=,,,8162,
8162,"34551","2_SG","1_SG",2,0,0,=,,,8163,
8163,"34551","2_SG","2_SG",2,0,0,=,,,8164,
8164,"34551","2_SG","3_SG",2,0,0,=,,,8165,
8165,"34551","2_SG","4_SG",2,1,0,=,,,8166,
8166,"34551","1_SG","1_SG",2,0,0,=,,,8167,
8167,"34551","1_SG","2_SG",2,0,0,=,,,8168,
8168,"34551","1_SG","3_SG",2,1,0,=,,,8169,
8169,"34551","9_SG","1_SG",2,0,0,=,,,8170,
8170,"34551","9_SG","2_SG",2,0,0,=,,,8171,
8171,"34551","9_SG","3_SG",2,1,0,=,,,8172,
8172,"34551","8_SG","26_SG",2,1,1,=,,,,
8173,"34851","12_SG","26_SG",2,1,0,=,,,8174,
8174,"34851","2_SG","1_SG",2,0,0,=,,,8175,
8175,"34851","2_SG","2_SG",2,0,0,=,,,8176,
8176,"34851","2_SG","3_SG",2,0,0,=,,,8177,
8177,"34851","2_SG","4_SG",2,1,0,=,,,8178,
8178,"34851","1_SG","1_SG",2,0,0,=,,,8179,
8179,"34851","1_SG","2_SG",2,0,0,=,,,8180,
8180,"34851","1_SG","3_SG",2,1,0,=,,,8181,
8181,"34851","9_SG","1_SG",2,0,0,=,,,8182,
8182,"34851","9_SG","2_SG",2,0,0,=,,,8183,
8183,"34851","9_SG","3_SG",2,1,0,=,,,8184,
8184,"34851","8_SG","26_SG",2,1,1,=,,,,
8209,"35651","12_SG","26_SG",2,1,0,=,,,8210,
8210,"35651","2_SG","1_SG",2,0,0,=,,,8211,
8211,"35651","2_SG","2_SG",2,0,0,=,,,8212,
8212,"35651","2_SG","3_SG",2,0,0,=,,,8213,
8213,"35651","2_SG","4_SG",2,1,0,=,,,8214,
8214,"35651","1_SG","1_SG",2,0,0,=,,,8215,
8215,"35651","1_SG","2_SG",2,0,0,=,,,8216,
8216,"35651","1_SG","3_SG",2,1,0,=,,,8217,
8217,"35651","9_SG","1_SG",2,0,0,=,,,8218,
8218,"35651","9_SG","2_SG",2,0,0,=,,,8219,
8219,"35651","9_SG","3_SG",2,1,0,=,,,8220,
8220,"35651","8_SG","26_SG",2,1,1,=,,,,
8221,"37455","12_SG","26_SG",2,1,0,=,,,8222,
8222,"37455","2_SG","1_SG",2,0,0,=,,,8223,
8223,"37455","2_SG","2_SG",2,0,0,=,,,8224,
8224,"37455","2_SG","3_SG",2,0,0,=,,,8225,
8225,"37455","2_SG","4_SG",2,1,0,=,,,8226,
8226,"37455","1_SG","1_SG",2,0,0,=,,,8227,
8227,"37455","1_SG","2_SG",2,0,0,=,,,8228,
8228,"37455","1_SG","3_SG",2,1,0,=,,,8229,
8229,"37455","9_SG","1_SG",2,0,0,=,,,8230,
8230,"37455","9_SG","2_SG",2,0,0,=,,,8231,
8231,"37455","9_SG","3_SG",2,1,0,=,,,8232,
8232,"37455","8_SG","26_SG",2,1,1,=,,,,
8245,"38653","12_SG","26_SG",2,1,0,=,,,8246,
8246,"38653","2_SG","1_SG",2,0,0,=,,,8247,
8247,"38653","2_SG","2_SG",2,0,0,=,,,8248,
8248,"38653","2_SG","3_SG",2,0,0,=,,,8249,
8249,"38653","2_SG","4_SG",2,1,0,=,,,8250,
8250,"38653","1_SG","1_SG",2,0,0,=,,,8251,
8251,"38653","1_SG","2_SG",2,0,0,=,,,8252,
8252,"38653","1_SG","3_SG",2,1,0,=,,,8253,
8253,"38653","9_SG","1_SG",2,0,0,=,,,8254,
8254,"38653","9_SG","2_SG",2,0,0,=,,,8255,
8255,"38653","9_SG","3_SG",2,1,0,=,,,8256,
8256,"38653","8_SG","26_SG",2,1,1,=,,,,
8257,"38701","12_SG","26_SG",2,1,0,=,,,8258,
8258,"38701","2_SG","1_SG",2,0,0,=,,,8259,
8259,"38701","2_SG","2_SG",2,0,0,=,,,8260,
8260,"38701","2_SG","3_SG",2,0,0,=,,,8261,
8261,"38701","2_SG","4_SG",2,1,0,=,,,8262,
8262,"38701","1_SG","1_SG",2,0,0,=,,,8263,
8263,"38701","1_SG","2_SG",2,0,0,=,,,8264,
8264,"38701","1_SG","3_SG",2,1,0,=,,,8265,
8265,"38701","9_SG","1_SG",2,0,0,=,,,8266,
8266,"38701","9_SG","2_SG",2,0,0,=,,,8267,
8267,"38701","9_SG","3_SG",2,1,0,=,,,8268,
8268,"38701","8_SG","26_SG",2,1,1,=,,,,
8269,"39651","12_SG","26_SG",2,1,0,=,,,8270,
8270,"39651","2_SG","1_SG",2,0,0,=,,,8271,
8271,"39651","2_SG","2_SG",2,0,0,=,,,8272,
8272,"39651","2_SG","3_SG",2,0,0,=,,,8273,
8273,"39651","2_SG","4_SG",2,1,0,=,,,8274,
8274,"39651","1_SG","1_SG",2,0,0,=,,,8275,
8275,"39651","1_SG","2_SG",2,0,0,=,,,8276,
8276,"39651","1_SG","3_SG",2,1,0,=,,,8277,
8277,"39651","9_SG","1_SG",2,0,0,=,,,8278,
8278,"39651","9_SG","2_SG",2,0,0,=,,,8279,
8279,"39651","9_SG","3_SG",2,1,0,=,,,8280,
8280,"39651","8_SG","26_SG",2,1,1,=,,,,
8281,"40551","12_SG","26_SG",2,1,0,=,,,8282,
8282,"40551","2_SG","1_SG",2,0,0,=,,,8283,
8283,"40551","2_SG","2_SG",2,0,0,=,,,8284,
8284,"40551","2_SG","3_SG",2,0,0,=,,,8285,
8285,"40551","2_SG","4_SG",2,1,0,=,,,8286,
8286,"40551","1_SG","1_SG",2,0,0,=,,,8287,
8287,"40551","1_SG","2_SG",2,0,0,=,,,8288,
8288,"40551","1_SG","3_SG",2,1,0,=,,,8289,
8289,"40551","9_SG","1_SG",2,0,0,=,,,8290,
8290,"40551","9_SG","2_SG",2,0,0,=,,,8291,
8291,"40551","9_SG","3_SG",2,1,0,=,,,8292,
8292,"40551","8_SG","26_SG",2,1,1,=,,,,
8293,"43_SG","12_SG","26_SG",2,1,0,=,,,8294,
8294,"43_SG","2_SG","1_SG",2,0,0,=,,,8295,
8295,"43_SG","2_SG","2_SG",2,0,0,=,,,8296,
8296,"43_SG","2_SG","3_SG",2,0,0,=,,,8297,
8297,"43_SG","2_SG","4_SG",2,1,0,=,,,8298,
8298,"43_SG","1_SG","1_SG",2,0,0,=,,,8299,
8299,"43_SG","1_SG","2_SG",2,0,0,=,,,8300,
8300,"43_SG","1_SG","3_SG",2,1,0,=,,,8301,
8301,"43_SG","9_SG","1_SG",2,0,0,=,,,8302,
8302,"43_SG","9_SG","2_SG",2,0,0,=,,,8303,
8303,"43_SG","9_SG","3_SG",2,1,0,=,,,8304,
8304,"43_SG","8_SG","26_SG",2,1,1,=,,,,
8305,"44_SG","12_SG","26_SG",2,1,0,=,,,8306,
8306,"44_SG","2_SG","1_SG",2,0,0,=,,,8307,
8307,"44_SG","2_SG","2_SG",2,0,0,=,,,8308,
8308,"44_SG","2_SG","3_SG",2,0,0,=,,,8309,
8309,"44_SG","2_SG","4_SG",2,1,0,=,,,8310,
8310,"44_SG","1_SG","1_SG",2,0,0,=,,,8311,
8311,"44_SG","1_SG","2_SG",2,0,0,=,,,8312,
8312,"44_SG","1_SG","3_SG",2,1,0,=,,,8313,
8313,"44_SG","9_SG","1_SG",2,0,0,=,,,8314,
8314,"44_SG","9_SG","2_SG",2,0,0,=,,,8315,
8315,"44_SG","9_SG","3_SG",2,1,0,=,,,8316,
8316,"44_SG","8_SG","26_SG",2,1,1,=,,,,
8329,"52451","12_SG","26_SG",2,1,0,=,,,8330,
8330,"52451","2_SG","1_SG",2,0,0,=,,,8331,
8331,"52451","2_SG","2_SG",2,0,0,=,,,8332,
8332,"52451","2_SG","3_SG",2,0,0,=,,,8333,
8333,"52451","2_SG","4_SG",2,1,0,=,,,8334,
8334,"52451","1_SG","1_SG",2,0,0,=,,,8335,
8335,"52451","1_SG","2_SG",2,0,0,=,,,8336,
8336,"52451","1_SG","3_SG",2,1,0,=,,,8337,
8337,"52451","9_SG","1_SG",2,0,0,=,,,8338,
8338,"52451","9_SG","2_SG",2,0,0,=,,,8339,
8339,"52451","9_SG","3_SG",2,1,0,=,,,8340,
8340,"52451","8_SG","26_SG",2,1,1,=,,,,
8341,"53551","12_SG","26_SG",2,1,0,=,,,8342,
8342,"53551","2_SG","1_SG",2,0,0,=,,,8343,
8343,"53551","2_SG","2_SG",2,0,0,=,,,8344,
8344,"53551","2_SG","3_SG",2,0,0,=,,,8345,
8345,"53551","2_SG","4_SG",2,1,0,=,,,8346,
8346,"53551","1_SG","1_SG",2,0,0,=,,,8347,
8347,"53551","1_SG","2_SG",2,0,0,=,,,8348,
8348,"53551","1_SG","3_SG",2,1,0,=,,,8349,
8349,"53551","9_SG","1_SG",2,0,0,=,,,8350,
8350,"53551","9_SG","2_SG",2,0,0,=,,,8351,
8351,"53551","9_SG","3_SG",2,1,0,=,,,8352,
8352,"53551","8_SG","26_SG",2,1,1,=,,,,
8353,"58_SG","12_SG","26_SG",2,1,0,=,,,8354,
8354,"58_SG","2_SG","1_SG",2,0,0,=,,,8355,
8355,"58_SG","2_SG","2_SG",2,0,0,=,,,8356,
8356,"58_SG","2_SG","3_SG",2,0,0,=,,,8357,
8357,"58_SG","2_SG","4_SG",2,1,0,=,,,8358,
8358,"58_SG","1_SG","1_SG",2,0,0,=,,,8359,
8359,"58_SG","1_SG","2_SG",2,0,0,=,,,8360,
8360,"58_SG","1_SG","3_SG",2,1,0,=,,,8361,
8361,"58_SG","9_SG","1_SG",2,0,0,=,,,8362,
8362,"58_SG","9_SG","2_SG",2,0,0,=,,,8363,
8363,"58_SG","9_SG","3_SG",2,1,0,=,,,8364,
8364,"58_SG","8_SG","26_SG",2,1,1,=,,,,
8365,"58451","12_SG","26_SG",2,1,0,=,,,8366,
8366,"58451","2_SG","1_SG",2,0,0,=,,,8367,
8367,"58451","2_SG","2_SG",2,0,0,=,,,8368,
8368,"58451","2_SG","3_SG",2,0,0,=,,,8369,
8369,"58451","2_SG","4_SG",2,1,0,=,,,8370,
8370,"58451","1_SG","1_SG",2,0,0,=,,,8371,
8371,"58451","1_SG","2_SG",2,0,0,=,,,8372,
8372,"58451","1_SG","3_SG",2,1,0,=,,,8373,
8373,"58451","9_SG","1_SG",2,0,0,=,,,8374,
8374,"58451","9_SG","2_SG",2,0,0,=,,,8375,
8375,"58451","9_SG","3_SG",2,1,0,=,,,8376,
8376,"58451","8_SG","26_SG",2,1,1,=,,,,
8377,"58551","12_SG","26_SG",2,1,0,=,,,8378,
8378,"58551","2_SG","1_SG",2,0,0,=,,,8379,
8379,"58551","2_SG","2_SG",2,0,0,=,,,8380,
8380,"58551","2_SG","3_SG",2,0,0,=,,,8381,
8381,"58551","2_SG","4_SG",2,1,0,=,,,8382,
8382,"58551","1_SG","1_SG",2,0,0,=,,,8383,
8383,"58551","1_SG","2_SG",2,0,0,=,,,8384,
8384,"58551","1_SG","3_SG",2,1,0,=,,,8385,
8385,"58551","9_SG","1_SG",2,0,0,=,,,8386,
8386,"58551","9_SG","2_SG",2,0,0,=,,,8387,
8387,"58551","9_SG","3_SG",2,1,0,=,,,8388,
8388,"58551","8_SG","26_SG",2,1,1,=,,,,
8389,"60653","12_SG","26_SG",2,1,0,=,,,8390,
8390,"60653","2_SG","1_SG",2,0,0,=,,,8391,
8391,"60653","2_SG","2_SG",2,0,0,=,,,8392,
8392,"60653","2_SG","3_SG",2,0,0,=,,,8393,
8393,"60653","2_SG","4_SG",2,1,0,=,,,8394,
8394,"60653","1_SG","1_SG",2,0,0,=,,,8395,
8395,"60653","1_SG","2_SG",2,0,0,=,,,8396,
8396,"60653","1_SG","3_SG",2,1,0,=,,,8397,
8397,"60653","9_SG","1_SG",2,0,0,=,,,8398,
8398,"60653","9_SG","2_SG",2,0,0,=,,,8399,
8399,"60653","9_SG","3_SG",2,1,0,=,,,8400,
8400,"60653","8_SG","26_SG",2,1,1,=,,,,
8401,"75_SG","12_SG","26_SG",2,1,0,=,,,8402,
8402,"75_SG","2_SG","1_SG",2,0,0,=,,,8403,
8403,"75_SG","2_SG","2_SG",2,0,0,=,,,8404,
8404,"75_SG","2_SG","3_SG",2,0,0,=,,,8405,
8405,"75_SG","2_SG","4_SG",2,1,0,=,,,8406,
8406,"75_SG","1_SG","1_SG",2,0,0,=,,,8407,
8407,"75_SG","1_SG","2_SG",2,0,0,=,,,8408,
8408,"75_SG","1_SG","3_SG",2,1,0,=,,,8409,
8409,"75_SG","9_SG","1_SG",2,0,0,=,,,8410,
8410,"75_SG","9_SG","2_SG",2,0,0,=,,,8411,
8411,"75_SG","9_SG","3_SG",2,1,0,=,,,8412,
8412,"75_SG","8_SG","26_SG",2,1,1,=,,,,
11640,"900175","4_SG","1_SG",2,0,0,=,,,11641,
11641,"900175","4_SG","2_SG",2,1,0,=,,,11642,
11642,"900175","3_SG","1_SG",2,0,0,=,,,11643,
11643,"900175","3_SG","2_SG",2,1,0,=,,,11644,
11644,"900175","2_SG","1_SG",3,0,0,=,,,11645,
11645,"900175","2_SG","2_SG",3,1,0,=,,,11646,
11646,"900175","1_SG","1_SG",3,0,0,=,,,11647,
11647,"900175","1_SG","2_SG",3,1,0,=,,,11648,
11648,"900175","7_SG","26_SG",3,1,1,=,,,,
11649,"900176","2_SG","1_SG",2,0,0,=,,,11650,
11650,"900176","2_SG","2_SG",2,0,0,=,,,11651,
11651,"900176","2_SG","3_SG",2,0,0,=,,,11652,
11652,"900176","2_SG","4_SG",2,1,0,=,,,11653,
11653,"900176","1_SG","1_SG",2,0,0,=,,,11654,
11654,"900176","1_SG","2_SG",2,0,0,=,,,11655,
11655,"900176","1_SG","3_SG",2,1,0,=,,,11656,
11656,"900176","9_SG","1_SG",2,0,0,=,,,11657,
11657,"900176","9_SG","2_SG",2,0,0,=,,,11658,
11658,"900176","9_SG","3_SG",2,1,0,=,,,11659,
11659,"900176","8_SG","26_SG",2,1,1,=,,,,
11660,"900300","2_SG","1_SG",2,0,0,=,,,11661,
11661,"900300","2_SG","2_SG",2,0,0,=,,,11662,
11662,"900300","2_SG","3_SG",2,0,0,=,,,11663,
11663,"900300","2_SG","4_SG",2,1,0,=,,,11664,
11664,"900300","1_SG","1_SG",2,0,0,=,,,11665,
11665,"900300","1_SG","2_SG",2,0,0,=,,,11666,
11666,"900300","1_SG","3_SG",2,1,0,=,,,11667,
11667,"900300","9_SG","1_SG",2,0,0,=,,,11668,
11668,"900300","9_SG","2_SG",2,0,0,=,,,11669,
11669,"900300","9_SG","3_SG",2,1,0,=,,,11670,
11670,"900300","8_SG","26_SG",2,1,1,=,,,,
11671,"900301","4_SG","1_SG",2,0,0,=,,,11672,
11672,"900301","4_SG","2_SG",2,1,0,=,,,11673,
11673,"900301","3_SG","1_SG",2,0,0,=,,,11674,
11674,"900301","3_SG","2_SG",2,1,0,=,,,11675,
11675,"900301","2_SG","1_SG",3,0,0,=,,,11676,
11676,"900301","2_SG","2_SG",3,1,0,=,,,11677,
11677,"900301","1_SG","1_SG",3,0,0,=,,,11678,
11678,"900301","1_SG","2_SG",3,1,0,=,,,11679,
11679,"900301","7_SG","26_SG",3,1,1,=,,,,
11680,"81002","5_SG","1_SG",2,0,0,=,,,11681,
11681,"81002","5_SG","2_SG",2,1,0,=,,,2206,
11682,"81002","7_SG","2_SG",3,1,1,=,,,,
11683,"81300","5_SG","1_SG",2,0,0,=,,,11684,
11684,"81300","5_SG","2_SG",2,1,0,=,,,2215,
11685,"81300","7_SG","2_SG",3,1,1,=,,,,
11689,"900177","1_SG","1_SG",2,0,0,=,,,11690,
11690,"900177","1_SG","2_SG",2,0,0,=,,,11691,
11691,"900177","1_SG","3_SG",2,1,0,=,,,11697,
11692,"900177","2_SG","1_SG",2,0,0,=,,,11693,
11693,"900177","2_SG","2_SG",2,0,0,=,,,11694,
11694,"900177","2_SG","3_SG",2,0,0,=,,,11695,
11695,"900177","2_SG","4_SG",2,1,0,=,,,11689,
11696,"900177","8_SG","26_SG",2,1,1,=,,,,
11697,"900177","9_SG","1_SG",2,0,0,=,,,11698,
11698,"900177","9_SG","2_SG",2,0,0,=,,,11699,
11699,"900177","9_SG","3_SG",2,1,0,=,,,11696,
11700,"900178","2_SG","1_SG",2,0,0,=,,,11701,
11701,"900178","2_SG","2_SG",2,0,0,=,,,11702,
11702,"900178","2_SG","3_SG",2,0,0,=,,,11703,
11703,"900178","2_SG","4_SG",2,1,0,=,,,11704,
11704,"900178","1_SG","1_SG",2,0,0,=,,,11705,
11705,"900178","1_SG","2_SG",2,0,0,=,,,11706,
11706,"900178","1_SG","3_SG",2,1,0,=,,,11707,
11707,"900178","9_SG","1_SG",2,0,0,=,,,11708,
11708,"900178","9_SG","2_SG",2,0,0,=,,,11709,
11709,"900178","9_SG","3_SG",2,1,0,=,,,11710,
11710,"900178","8_SG","26_SG",2,1,1,=,,,,
11711,"80850","3_SG","2_SG",3,0,0,=,,,11712,
11712,"80850","3_SG","3_SG",3,1,0,=,,,4938,
11713,"900302","1_SG","1_SG",2,0,0,=,,,11714,
11714,"900302","1_SG","2_SG",2,0,0,=,,,11715,
11715,"900302","1_SG","3_SG",2,1,0,=,,,11721,
11716,"900302","2_SG","1_SG",2,0,0,=,,,11717,
11717,"900302","2_SG","2_SG",2,0,0,=,,,11718,
11718,"900302","2_SG","3_SG",2,0,0,=,,,11719,
11719,"900302","2_SG","4_SG",2,1,0,=,,,11713,
11720,"900302","8_SG","26_SG",2,1,1,=,,,,
11721,"900302","9_SG","1_SG",2,0,0,=,,,11722,
11722,"900302","9_SG","2_SG",2,0,0,=,,,11723,
11723,"900302","9_SG","3_SG",2,1,0,=,,,11720,
11724,"900200","4_SG","1_SG",2,0,0,=,,,11725,
11725,"900200","4_SG","2_SG",2,1,0,=,,,11726,
11726,"900200","3_SG","1_SG",2,0,0,=,,,11727,
11727,"900200","3_SG","2_SG",2,1,0,=,,,11728,
11728,"900200","2_SG","1_SG",3,0,0,=,,,11729,
11729,"900200","2_SG","2_SG",3,1,0,=,,,11730,
11730,"900200","1_SG","1_SG",3,0,0,=,,,11731,
11731,"900200","1_SG","2_SG",3,1,0,=,,,11732,
11732,"900200","7_SG","26_SG",3,1,1,=,,,,
11733,"900201","4_SG","1_SG",2,0,0,=,,,11734,
11734,"900201","4_SG","2_SG",2,1,0,=,,,11735,
11735,"900201","3_SG","1_SG",2,0,0,=,,,11736,
11736,"900201","3_SG","2_SG",2,1,0,=,,,11737,
11737,"900201","2_SG","1_SG",3,0,0,=,,,11738,
11738,"900201","2_SG","2_SG",3,1,0,=,,,11739,
11739,"900201","1_SG","1_SG",3,0,0,=,,,11740,
11740,"900201","1_SG","2_SG",3,1,0,=,,,11741,
11741,"900201","7_SG","26_SG",3,1,1,=,,,,
11742,"900202","12_SG","26_SG",2,1,0,=,,,11743,
11743,"900202","4_SG","1_SG",2,0,0,=,,,11744,
11744,"900202","4_SG","2_SG",2,1,0,=,,,11745,
11745,"900202","3_SG","1_SG",2,0,0,=,,,11746,
11746,"900202","3_SG","2_SG",2,1,0,=,,,11747,
11747,"900202","2_SG","1_SG",3,0,0,=,,,11748,
11748,"900202","2_SG","2_SG",3,1,0,=,,,11749,
11749,"900202","1_SG","1_SG",3,0,0,=,,,11750,
11750,"900202","1_SG","2_SG",3,1,0,=,,,11751,
11751,"900202","7_SG","26_SG",3,1,1,=,,,,
11752,"800018","2_SG","1_SG",2,0,0,=,,,11753,
11753,"800018","2_SG","2_SG",2,0,0,=,,,11754,
11754,"800018","2_SG","3_SG",2,0,0,=,,,11755,
11755,"800018","2_SG","4_SG",2,1,0,=,,,11756,
11756,"800018","1_SG","1_SG",2,0,0,=,,,11757,
11757,"800018","1_SG","2_SG",2,0,0,=,,,11758,
11758,"800018","1_SG","3_SG",2,1,0,=,,,11759,
11759,"800018","9_SG","1_SG",2,0,0,=,,,11760,
11760,"800018","9_SG","2_SG",2,0,0,=,,,11761,
11761,"800018","9_SG","3_SG",2,1,0,=,,,11762,
11762,"800018","8_SG","26_SG",2,1,1,=,,,,
11763,"800043","2_SG","1_SG",2,0,0,=,,,11764,
11764,"800043","2_SG","2_SG",2,0,0,=,,,11765,
11765,"800043","2_SG","3_SG",2,0,0,=,,,11766,
11766,"800043","2_SG","4_SG",2,1,0,=,,,11767,
11767,"800043","1_SG","1_SG",2,0,0,=,,,11768,
11768,"800043","1_SG","2_SG",2,0,0,=,,,11769,
11769,"800043","1_SG","3_SG",2,1,0,=,,,11770,
11770,"800043","9_SG","1_SG",2,0,0,=,,,11771,
11771,"800043","9_SG","2_SG",2,0,0,=,,,11772,
11772,"800043","9_SG","3_SG",2,1,0,=,,,11773,
11773,"800043","8_SG","26_SG",2,1,1,=,,,,
11774,"80009","2_SG","1_SG",2,0,0,=,,,11775,
11775,"80009","2_SG","2_SG",2,0,0,=,,,11776,
11776,"80009","2_SG","3_SG",2,0,0,=,,,11777,
11777,"80009","2_SG","4_SG",2,1,0,=,,,11778,
11778,"80009","1_SG","1_SG",2,0,0,=,,,11779,
11779,"80009","1_SG","2_SG",2,0,0,=,,,11780,
11780,"80009","1_SG","3_SG",2,1,0,=,,,11781,
11781,"80009","9_SG","1_SG",2,0,0,=,,,11782,
11782,"80009","9_SG","2_SG",2,0,0,=,,,11783,
11783,"80009","9_SG","3_SG",2,1,0,=,,,11784,
11784,"80009","8_SG","26_SG",2,1,1,=,,,,
11785,"800021","2_SG","1_SG",2,0,0,=,,,11786,
11786,"800021","2_SG","2_SG",2,0,0,=,,,11787,
11787,"800021","2_SG","3_SG",2,0,0,=,,,11788,
11788,"800021","2_SG","4_SG",2,1,0,=,,,11789,
11789,"800021","1_SG","1_SG",2,0,0,=,,,11790,
11790,"800021","1_SG","2_SG",2,0,0,=,,,11791,
11791,"800021","1_SG","3_SG",2,1,0,=,,,11792,
11792,"800021","9_SG","1_SG",2,0,0,=,,,11793,
11793,"800021","9_SG","2_SG",2,0,0,=,,,11794,
11794,"800021","9_SG","3_SG",2,1,0,=,,,11795,
11795,"800021","8_SG","26_SG",2,1,1,=,,,,
11796,"800011","2_SG","1_SG",2,0,0,=,,,11797,
11797,"800011","2_SG","2_SG",2,0,0,=,,,11798,
11798,"800011","2_SG","3_SG",2,0,0,=,,,11799,
11799,"800011","2_SG","4_SG",2,1,0,=,,,11800,
11800,"800011","1_SG","1_SG",2,0,0,=,,,11801,
11801,"800011","1_SG","2_SG",2,0,0,=,,,11802,
11802,"800011","1_SG","3_SG",2,1,0,=,,,11803,
11803,"800011","9_SG","1_SG",2,0,0,=,,,11804,
11804,"800011","9_SG","2_SG",2,0,0,=,,,11805,
11805,"800011","9_SG","3_SG",2,1,0,=,,,11806,
11806,"800011","8_SG","26_SG",2,1,1,=,,,,
11807,"800014","2_SG","1_SG",2,0,0,=,,,11808,
11808,"800014","2_SG","2_SG",2,0,0,=,,,11809,
11809,"800014","2_SG","3_SG",2,0,0,=,,,11810,
11810,"800014","2_SG","4_SG",2,1,0,=,,,11811,
11811,"800014","1_SG","1_SG",2,0,0,=,,,11812,
11812,"800014","1_SG","2_SG",2,0,0,=,,,11813,
11813,"800014","1_SG","3_SG",2,1,0,=,,,11814,
11814,"800014","9_SG","1_SG",2,0,0,=,,,11815,
11815,"800014","9_SG","2_SG",2,0,0,=,,,11816,
11816,"800014","9_SG","3_SG",2,1,0,=,,,11817,
11817,"800014","8_SG","26_SG",2,1,1,=,,,,
11818,"800041","2_SG","1_SG",2,0,0,=,,,11819,
11819,"800041","2_SG","2_SG",2,0,0,=,,,11820,
11820,"800041","2_SG","3_SG",2,0,0,=,,,11821,
11821,"800041","2_SG","4_SG",2,1,0,=,,,11822,
11822,"800041","1_SG","1_SG",2,0,0,=,,,11823,
11823,"800041","1_SG","2_SG",2,0,0,=,,,11824,
11824,"800041","1_SG","3_SG",2,1,0,=,,,11825,
11825,"800041","9_SG","1_SG",2,0,0,=,,,11826,
11826,"800041","9_SG","2_SG",2,0,0,=,,,11827,
11827,"800041","9_SG","3_SG",2,1,0,=,,,11828,
11828,"800041","8_SG","26_SG",2,1,1,=,,,,
11829,"80008","4_SG","1_SG",2,0,0,=,,,11830,
11830,"80008","4_SG","2_SG",2,1,0,=,,,11831,
11831,"80008","3_SG","1_SG",2,0,0,=,,,11832,
11832,"80008","3_SG","2_SG",2,1,0,=,,,11833,
11833,"80008","2_SG","1_SG",3,0,0,=,,,11834,
11834,"80008","2_SG","2_SG",3,1,0,=,,,11835,
11835,"80008","1_SG","1_SG",3,0,0,=,,,11836,
11836,"80008","1_SG","2_SG",3,1,0,=,,,11837,
11837,"80008","7_SG","26_SG",3,1,1,=,,,,
11838,"80007","4_SG","1_SG",2,0,0,=,,,11839,
11839,"80007","4_SG","2_SG",2,1,0,=,,,11840,
11840,"80007","3_SG","1_SG",2,0,0,=,,,11841,
11841,"80007","3_SG","2_SG",2,1,0,=,,,11842,
11842,"80007","2_SG","1_SG",3,0,0,=,,,11843,
11843,"80007","2_SG","2_SG",3,1,0,=,,,11844,
11844,"80007","1_SG","1_SG",3,0,0,=,,,11845,
11845,"80007","1_SG","2_SG",3,1,0,=,,,11846,
11846,"80007","7_SG","26_SG",3,1,1,=,,,,
11847,"800010","4_SG","1_SG",2,0,0,=,,,11848,
11848,"800010","4_SG","2_SG",2,1,0,=,,,11849,
11849,"800010","3_SG","1_SG",2,0,0,=,,,11850,
11850,"800010","3_SG","2_SG",2,1,0,=,,,11851,
11851,"800010","2_SG","1_SG",3,0,0,=,,,11852,
11852,"800010","2_SG","2_SG",3,1,0,=,,,11853,
11853,"800010","1_SG","1_SG",3,0,0,=,,,11854,
11854,"800010","1_SG","2_SG",3,1,0,=,,,11855,
11855,"800010","7_SG","26_SG",3,1,1,=,,,,
11856,"800017","4_SG","1_SG",2,0,0,=,,,11857,
11857,"800017","4_SG","2_SG",2,1,0,=,,,11858,
11858,"800017","3_SG","1_SG",2,0,0,=,,,11859,
11859,"800017","3_SG","2_SG",2,1,0,=,,,11860,
11860,"800017","2_SG","1_SG",3,0,0,=,,,11861,
11861,"800017","2_SG","2_SG",3,1,0,=,,,11862,
11862,"800017","1_SG","1_SG",3,0,0,=,,,11863,
11863,"800017","1_SG","2_SG",3,1,0,=,,,11864,
11864,"800017","7_SG","26_SG",3,1,1,=,,,,
11865,"800016","4_SG","1_SG",2,0,0,=,,,11866,
11866,"800016","4_SG","2_SG",2,1,0,=,,,11867,
11867,"800016","3_SG","1_SG",2,0,0,=,,,11868,
11868,"800016","3_SG","2_SG",2,1,0,=,,,11869,
11869,"800016","2_SG","1_SG",3,0,0,=,,,11870,
11870,"800016","2_SG","2_SG",3,1,0,=,,,11871,
11871,"800016","1_SG","1_SG",3,0,0,=,,,11872,
11872,"800016","1_SG","2_SG",3,1,0,=,,,11873,
11873,"800016","7_SG","26_SG",3,1,1,=,,,,
11874,"800015","4_SG","1_SG",2,0,0,=,,,11875,
11875,"800015","4_SG","2_SG",2,1,0,=,,,11876,
11876,"800015","3_SG","1_SG",2,0,0,=,,,11877,
11877,"800015","3_SG","2_SG",2,1,0,=,,,11878,
11878,"800015","2_SG","1_SG",3,0,0,=,,,11879,
11879,"800015","2_SG","2_SG",3,1,0,=,,,11880,
11880,"800015","1_SG","1_SG",3,0,0,=,,,11881,
11881,"800015","1_SG","2_SG",3,1,0,=,,,11882,
11882,"800015","7_SG","26_SG",3,1,1,=,,,,
11883,"800020","4_SG","1_SG",2,0,0,=,,,11884,
11884,"800020","4_SG","2_SG",2,1,0,=,,,11885,
11885,"800020","3_SG","1_SG",2,0,0,=,,,11886,
11886,"800020","3_SG","2_SG",2,1,0,=,,,11887,
11887,"800020","2_SG","1_SG",3,0,0,=,,,11888,
11888,"800020","2_SG","2_SG",3,1,0,=,,,11889,
11889,"800020","1_SG","1_SG",3,0,0,=,,,11890,
11890,"800020","1_SG","2_SG",3,1,0,=,,,11891,
11891,"800020","7_SG","26_SG",3,1,1,=,,,,
11892,"80002","4_SG","1_SG",2,0,0,=,,,11893,
11893,"80002","4_SG","2_SG",2,1,0,=,,,11894,
11894,"80002","3_SG","1_SG",2,0,0,=,,,11895,
11895,"80002","3_SG","2_SG",2,1,0,=,,,11896,
11896,"80002","2_SG","1_SG",3,0,0,=,,,11897,
11897,"80002","2_SG","2_SG",3,1,0,=,,,11898,
11898,"80002","1_SG","1_SG",3,0,0,=,,,11899,
11899,"80002","1_SG","2_SG",3,1,0,=,,,11900,
11900,"80002","7_SG","26_SG",3,1,1,=,,,,
11901,"800019","4_SG","1_SG",2,0,0,=,,,11902,
11902,"800019","4_SG","2_SG",2,1,0,=,,,11903,
11903,"800019","3_SG","1_SG",2,0,0,=,,,11904,
11904,"800019","3_SG","2_SG",2,1,0,=,,,11905,
11905,"800019","2_SG","1_SG",3,0,0,=,,,11906,
11906,"800019","2_SG","2_SG",3,1,0,=,,,11907,
11907,"800019","1_SG","1_SG",3,0,0,=,,,11908,
11908,"800019","1_SG","2_SG",3,1,0,=,,,11909,
11909,"800019","7_SG","26_SG",3,1,1,=,,,,
11910,"800023","4_SG","1_SG",2,0,0,=,,,11911,
11911,"800023","4_SG","2_SG",2,1,0,=,,,11912,
11912,"800023","3_SG","1_SG",2,0,0,=,,,11913,
11913,"800023","3_SG","2_SG",2,1,0,=,,,11914,
11914,"800023","2_SG","1_SG",3,0,0,=,,,11915,
11915,"800023","2_SG","2_SG",3,1,0,=,,,11916,
11916,"800023","1_SG","1_SG",3,0,0,=,,,11917,
11917,"800023","1_SG","2_SG",3,1,0,=,,,11918,
11918,"800023","7_SG","26_SG",3,1,1,=,,,,
11919,"800022","4_SG","1_SG",2,0,0,=,,,11920,
11920,"800022","4_SG","2_SG",2,1,0,=,,,11921,
11921,"800022","3_SG","1_SG",2,0,0,=,,,11922,
11922,"800022","3_SG","2_SG",2,1,0,=,,,11923,
11923,"800022","2_SG","1_SG",3,0,0,=,,,11924,
11924,"800022","2_SG","2_SG",3,1,0,=,,,11925,
11925,"800022","1_SG","1_SG",3,0,0,=,,,11926,
11926,"800022","1_SG","2_SG",3,1,0,=,,,11927,
11927,"800022","7_SG","26_SG",3,1,1,=,,,,
11928,"800026","4_SG","1_SG",2,0,0,=,,,11929,
11929,"800026","4_SG","2_SG",2,1,0,=,,,11930,
11930,"800026","3_SG","1_SG",2,0,0,=,,,11931,
11931,"800026","3_SG","2_SG",2,1,0,=,,,11932,
11932,"800026","2_SG","1_SG",3,0,0,=,,,11933,
11933,"800026","2_SG","2_SG",3,1,0,=,,,11934,
11934,"800026","1_SG","1_SG",3,0,0,=,,,11935,
11935,"800026","1_SG","2_SG",3,1,0,=,,,11936,
11936,"800026","7_SG","26_SG",3,1,1,=,,,,
11937,"800037","4_SG","1_SG",2,0,0,=,,,11938,
11938,"800037","4_SG","2_SG",2,1,0,=,,,11939,
11939,"800037","3_SG","1_SG",2,0,0,=,,,11940,
11940,"800037","3_SG","2_SG",2,1,0,=,,,11941,
11941,"800037","2_SG","1_SG",3,0,0,=,,,11942,
11942,"800037","2_SG","2_SG",3,1,0,=,,,11943,
11943,"800037","1_SG","1_SG",3,0,0,=,,,11944,
11944,"800037","1_SG","2_SG",3,1,0,=,,,11945,
11945,"800037","7_SG","26_SG",3,1,1,=,,,,
11946,"800040","4_SG","1_SG",2,0,0,=,,,11947,
11947,"800040","4_SG","2_SG",2,1,0,=,,,11948,
11948,"800040","3_SG","1_SG",2,0,0,=,,,11949,
11949,"800040","3_SG","2_SG",2,1,0,=,,,11950,
11950,"800040","2_SG","1_SG",3,0,0,=,,,11951,
11951,"800040","2_SG","2_SG",3,1,0,=,,,11952,
11952,"800040","1_SG","1_SG",3,0,0,=,,,11953,
11953,"800040","1_SG","2_SG",3,1,0,=,,,11954,
11954,"800040","7_SG","26_SG",3,1,1,=,,,,
11955,"800035","4_SG","1_SG",2,0,0,=,,,11956,
11956,"800035","4_SG","2_SG",2,1,0,=,,,11957,
11957,"800035","3_SG","1_SG",2,0,0,=,,,11958,
11958,"800035","3_SG","2_SG",2,1,0,=,,,11959,
11959,"800035","2_SG","1_SG",3,0,0,=,,,11960,
11960,"800035","2_SG","2_SG",3,1,0,=,,,11961,
11961,"800035","1_SG","1_SG",3,0,0,=,,,11962,
11962,"800035","1_SG","2_SG",3,1,0,=,,,11963,
11963,"800035","7_SG","26_SG",3,1,1,=,,,,
11964,"800032","4_SG","1_SG",2,0,0,=,,,11965,
11965,"800032","4_SG","2_SG",2,1,0,=,,,11966,
11966,"800032","3_SG","1_SG",2,0,0,=,,,11967,
11967,"800032","3_SG","2_SG",2,1,0,=,,,11968,
11968,"800032","2_SG","1_SG",3,0,0,=,,,11969,
11969,"800032","2_SG","2_SG",3,1,0,=,,,11970,
11970,"800032","1_SG","1_SG",3,0,0,=,,,11971,
11971,"800032","1_SG","2_SG",3,1,0,=,,,11972,
11972,"800032","7_SG","26_SG",3,1,1,=,,,,
11973,"800031","4_SG","1_SG",2,0,0,=,,,11974,
11974,"800031","4_SG","2_SG",2,1,0,=,,,11975,
11975,"800031","3_SG","1_SG",2,0,0,=,,,11976,
11976,"800031","3_SG","2_SG",2,1,0,=,,,11977,
11977,"800031","2_SG","1_SG",3,0,0,=,,,11978,
11978,"800031","2_SG","2_SG",3,1,0,=,,,11979,
11979,"800031","1_SG","1_SG",3,0,0,=,,,11980,
11980,"800031","1_SG","2_SG",3,1,0,=,,,11981,
11981,"800031","7_SG","26_SG",3,1,1,=,,,,
11982,"800028","4_SG","1_SG",2,0,0,=,,,11983,
11983,"800028","4_SG","2_SG",2,1,0,=,,,11984,
11984,"800028","3_SG","1_SG",2,0,0,=,,,11985,
11985,"800028","3_SG","2_SG",2,1,0,=,,,11986,
11986,"800028","2_SG","1_SG",3,0,0,=,,,11987,
11987,"800028","2_SG","2_SG",3,1,0,=,,,11988,
11988,"800028","1_SG","1_SG",3,0,0,=,,,11989,
11989,"800028","1_SG","2_SG",3,1,0,=,,,11990,
11990,"800028","7_SG","26_SG",3,1,1,=,,,,
11991,"800042","4_SG","1_SG",2,0,0,=,,,11992,
11992,"800042","4_SG","2_SG",2,1,0,=,,,11993,
11993,"800042","3_SG","1_SG",2,0,0,=,,,11994,
11994,"800042","3_SG","2_SG",2,1,0,=,,,11995,
11995,"800042","2_SG","1_SG",3,0,0,=,,,11996,
11996,"800042","2_SG","2_SG",3,1,0,=,,,11997,
11997,"800042","1_SG","1_SG",3,0,0,=,,,11998,
11998,"800042","1_SG","2_SG",3,1,0,=,,,11999,
11999,"800042","7_SG","26_SG",3,1,1,=,,,,
12000,"800036","4_SG","1_SG",2,0,0,=,,,12001,
12001,"800036","4_SG","2_SG",2,1,0,=,,,12002,
12002,"800036","3_SG","1_SG",2,0,0,=,,,12003,
12003,"800036","3_SG","2_SG",2,1,0,=,,,12004,
12004,"800036","2_SG","1_SG",3,0,0,=,,,12005,
12005,"800036","2_SG","2_SG",3,1,0,=,,,12006,
12006,"800036","1_SG","1_SG",3,0,0,=,,,12007,
12007,"800036","1_SG","2_SG",3,1,0,=,,,12008,
12008,"800036","7_SG","26_SG",3,1,1,=,,,,
12009,"80005","4_SG","1_SG",2,0,0,=,,,12010,
12010,"80005","4_SG","2_SG",2,1,0,=,,,12011,
12011,"80005","3_SG","1_SG",2,0,0,=,,,12012,
12012,"80005","3_SG","2_SG",2,1,0,=,,,12013,
12013,"80005","2_SG","1_SG",3,0,0,=,,,12014,
12014,"80005","2_SG","2_SG",3,1,0,=,,,12015,
12015,"80005","1_SG","1_SG",3,0,0,=,,,12016,
12016,"80005","1_SG","2_SG",3,1,0,=,,,12017,
12017,"80005","7_SG","26_SG",3,1,1,=,,,,
12018,"80006","4_SG","1_SG",2,0,0,=,,,12019,
12019,"80006","4_SG","2_SG",2,1,0,=,,,12020,
12020,"80006","3_SG","1_SG",2,0,0,=,,,12021,
12021,"80006","3_SG","2_SG",2,1,0,=,,,12022,
12022,"80006","2_SG","1_SG",3,0,0,=,,,12023,
12023,"80006","2_SG","2_SG",3,1,0,=,,,12024,
12024,"80006","1_SG","1_SG",3,0,0,=,,,12025,
12025,"80006","1_SG","2_SG",3,1,0,=,,,12026,
12026,"80006","7_SG","26_SG",3,1,1,=,,,,
12027,"800047","4_SG","1_SG",2,0,0,=,,,12028,
12028,"800047","4_SG","2_SG",2,1,0,=,,,12029,
12029,"800047","3_SG","1_SG",2,0,0,=,,,12030,
12030,"800047","3_SG","2_SG",2,1,0,=,,,12031,
12031,"800047","2_SG","1_SG",3,0,0,=,,,12032,
12032,"800047","2_SG","2_SG",3,1,0,=,,,12033,
12033,"800047","1_SG","1_SG",3,0,0,=,,,12034,
12034,"800047","1_SG","2_SG",3,1,0,=,,,12035,
12035,"800047","7_SG","26_SG",3,1,1,=,,,,
12036,"800038","4_SG","1_SG",2,0,0,=,,,12037,
12037,"800038","4_SG","2_SG",2,1,0,=,,,12038,
12038,"800038","3_SG","1_SG",2,0,0,=,,,12039,
12039,"800038","3_SG","2_SG",2,1,0,=,,,12040,
12040,"800038","2_SG","1_SG",3,0,0,=,,,12041,
12041,"800038","2_SG","2_SG",3,1,0,=,,,12042,
12042,"800038","1_SG","1_SG",3,0,0,=,,,12043,
12043,"800038","1_SG","2_SG",3,1,0,=,,,12044,
12044,"800038","7_SG","26_SG",3,1,1,=,,,,
12045,"800029","4_SG","1_SG",2,0,0,=,,,12046,
12046,"800029","4_SG","2_SG",2,1,0,=,,,12047,
12047,"800029","3_SG","1_SG",2,0,0,=,,,12048,
12048,"800029","3_SG","2_SG",2,1,0,=,,,12049,
12049,"800029","2_SG","1_SG",3,0,0,=,,,12050,
12050,"800029","2_SG","2_SG",3,1,0,=,,,12051,
12051,"800029","1_SG","1_SG",3,0,0,=,,,12052,
12052,"800029","1_SG","2_SG",3,1,0,=,,,12053,
12053,"800029","7_SG","26_SG",3,1,1,=,,,,
12054,"800024","4_SG","1_SG",2,0,0,=,,,12055,
12055,"800024","4_SG","2_SG",2,1,0,=,,,12056,
12056,"800024","3_SG","1_SG",2,0,0,=,,,12057,
12057,"800024","3_SG","2_SG",2,1,0,=,,,12058,
12058,"800024","2_SG","1_SG",3,0,0,=,,,12059,
12059,"800024","2_SG","2_SG",3,1,0,=,,,12060,
12060,"800024","1_SG","1_SG",3,0,0,=,,,12061,
12061,"800024","1_SG","2_SG",3,1,0,=,,,12062,
12062,"800024","7_SG","26_SG",3,1,1,=,,,,
12063,"800013","4_SG","1_SG",2,0,0,=,,,12064,
12064,"800013","4_SG","2_SG",2,1,0,=,,,12065,
12065,"800013","3_SG","1_SG",2,0,0,=,,,12066,
12066,"800013","3_SG","2_SG",2,1,0,=,,,12067,
12067,"800013","2_SG","1_SG",3,0,0,=,,,12068,
12068,"800013","2_SG","2_SG",3,1,0,=,,,12069,
12069,"800013","1_SG","1_SG",3,0,0,=,,,12070,
12070,"800013","1_SG","2_SG",3,1,0,=,,,12071,
12071,"800013","7_SG","26_SG",3,1,1,=,,,,
12072,"800012","4_SG","1_SG",2,0,0,=,,,12073,
12073,"800012","4_SG","2_SG",2,1,0,=,,,12074,
12074,"800012","3_SG","1_SG",2,0,0,=,,,12075,
12075,"800012","3_SG","2_SG",2,1,0,=,,,12076,
12076,"800012","2_SG","1_SG",3,0,0,=,,,12077,
12077,"800012","2_SG","2_SG",3,1,0,=,,,12078,
12078,"800012","1_SG","1_SG",3,0,0,=,,,12079,
12079,"800012","1_SG","2_SG",3,1,0,=,,,12080,
12080,"800012","7_SG","26_SG",3,1,1,=,,,,
12081,"80001","4_SG","1_SG",2,0,0,=,,,12082,
12082,"80001","4_SG","2_SG",2,1,0,=,,,12083,
12083,"80001","3_SG","1_SG",2,0,0,=,,,12084,
12084,"80001","3_SG","2_SG",2,1,0,=,,,12085,
12085,"80001","2_SG","1_SG",3,0,0,=,,,12086,
12086,"80001","2_SG","2_SG",3,1,0,=,,,12087,
12087,"80001","1_SG","1_SG",3,0,0,=,,,12088,
12088,"80001","1_SG","2_SG",3,1,0,=,,,12089,
12089,"80001","7_SG","26_SG",3,1,1,=,,,,
12090,"80000","4_SG","1_SG",2,0,0,=,,,12091,
12091,"80000","4_SG","2_SG",2,1,0,=,,,12092,
12092,"80000","3_SG","1_SG",2,0,0,=,,,12093,
12093,"80000","3_SG","2_SG",2,1,0,=,,,12094,
12094,"80000","2_SG","1_SG",3,0,0,=,,,12095,
12095,"80000","2_SG","2_SG",3,1,0,=,,,12096,
12096,"80000","1_SG","1_SG",3,0,0,=,,,12097,
12097,"80000","1_SG","2_SG",3,1,0,=,,,12098,
12098,"80000","7_SG","26_SG",3,1,1,=,,,,
12099,"800034","4_SG","1_SG",2,0,0,=,,,12100,
12100,"800034","4_SG","2_SG",2,1,0,=,,,12101,
12101,"800034","3_SG","1_SG",2,0,0,=,,,12102,
12102,"800034","3_SG","2_SG",2,1,0,=,,,12103,
12103,"800034","2_SG","1_SG",3,0,0,=,,,12104,
12104,"800034","2_SG","2_SG",3,1,0,=,,,12105,
12105,"800034","1_SG","1_SG",3,0,0,=,,,12106,
12106,"800034","1_SG","2_SG",3,1,0,=,,,12107,
12107,"800034","7_SG","26_SG",3,1,1,=,,,,
12108,"800033","4_SG","1_SG",2,0,0,=,,,12109,
12109,"800033","4_SG","2_SG",2,1,0,=,,,12110,
12110,"800033","3_SG","1_SG",2,0,0,=,,,12111,
12111,"800033","3_SG","2_SG",2,1,0,=,,,12112,
12112,"800033","2_SG","1_SG",3,0,0,=,,,12113,
12113,"800033","2_SG","2_SG",3,1,0,=,,,12114,
12114,"800033","1_SG","1_SG",3,0,0,=,,,12115,
12115,"800033","1_SG","2_SG",3,1,0,=,,,12116,
12116,"800033","7_SG","26_SG",3,1,1,=,,,,
12117,"800027","4_SG","1_SG",2,0,0,=,,,12118,
12118,"800027","4_SG","2_SG",2,1,0,=,,,12119,
12119,"800027","3_SG","1_SG",2,0,0,=,,,12120,
12120,"800027","3_SG","2_SG",2,1,0,=,,,12121,
12121,"800027","2_SG","1_SG",3,0,0,=,,,12122,
12122,"800027","2_SG","2_SG",3,1,0,=,,,12123,
12123,"800027","1_SG","1_SG",3,0,0,=,,,12124,
12124,"800027","1_SG","2_SG",3,1,0,=,,,12125,
12125,"800027","7_SG","26_SG",3,1,1,=,,,,
12126,"800030","4_SG","1_SG",2,0,0,=,,,12127,
12127,"800030","4_SG","2_SG",2,1,0,=,,,12128,
12128,"800030","3_SG","1_SG",2,0,0,=,,,12129,
12129,"800030","3_SG","2_SG",2,1,0,=,,,12130,
12130,"800030","2_SG","1_SG",3,0,0,=,,,12131,
12131,"800030","2_SG","2_SG",3,1,0,=,,,12132,
12132,"800030","1_SG","1_SG",3,0,0,=,,,12133,
12133,"800030","1_SG","2_SG",3,1,0,=,,,12134,
12134,"800030","7_SG","26_SG",3,1,1,=,,,,
12135,"80003","4_SG","1_SG",2,0,0,=,,,12136,
12136,"80003","4_SG","2_SG",2,1,0,=,,,12137,
12137,"80003","3_SG","1_SG",2,0,0,=,,,12138,
12138,"80003","3_SG","2_SG",2,1,0,=,,,12139,
12139,"80003","2_SG","1_SG",3,0,0,=,,,12140,
12140,"80003","2_SG","2_SG",3,1,0,=,,,12141,
12141,"80003","1_SG","1_SG",3,0,0,=,,,12142,
12142,"80003","1_SG","2_SG",3,1,0,=,,,12143,
12143,"80003","7_SG","26_SG",3,1,1,=,,,,
12144,"80004","4_SG","1_SG",2,0,0,=,,,12145,
12145,"80004","4_SG","2_SG",2,1,0,=,,,12146,
12146,"80004","3_SG","1_SG",2,0,0,=,,,12147,
12147,"80004","3_SG","2_SG",2,1,0,=,,,12148,
12148,"80004","2_SG","1_SG",3,0,0,=,,,12149,
12149,"80004","2_SG","2_SG",3,1,0,=,,,12150,
12150,"80004","1_SG","1_SG",3,0,0,=,,,12151,
12151,"80004","1_SG","2_SG",3,1,0,=,,,12152,
12152,"80004","7_SG","26_SG",3,1,1,=,,,,
12153,"800039","4_SG","1_SG",2,0,0,=,,,12154,
12154,"800039","4_SG","2_SG",2,1,0,=,,,12155,
12155,"800039","3_SG","1_SG",2,0,0,=,,,12156,
12156,"800039","3_SG","2_SG",2,1,0,=,,,12157,
12157,"800039","2_SG","1_SG",3,0,0,=,,,12158,
12158,"800039","2_SG","2_SG",3,1,0,=,,,12159,
12159,"800039","1_SG","1_SG",3,0,0,=,,,12160,
12160,"800039","1_SG","2_SG",3,1,0,=,,,12161,
12161,"800039","7_SG","26_SG",3,1,1,=,,,,
12162,"800046","4_SG","1_SG",2,0,0,=,,,12163,
12163,"800046","4_SG","2_SG",2,1,0,=,,,12164,
12164,"800046","3_SG","1_SG",2,0,0,=,,,12165,
12165,"800046","3_SG","2_SG",2,1,0,=,,,12166,
12166,"800046","2_SG","1_SG",3,0,0,=,,,12167,
12167,"800046","2_SG","2_SG",3,1,0,=,,,12168,
12168,"800046","1_SG","1_SG",3,0,0,=,,,12169,
12169,"800046","1_SG","2_SG",3,1,0,=,,,12170,
12170,"800046","7_SG","26_SG",3,1,1,=,,,,
12171,"800045","4_SG","1_SG",2,0,0,=,,,12172,
12172,"800045","4_SG","2_SG",2,1,0,=,,,12173,
12173,"800045","3_SG","1_SG",2,0,0,=,,,12174,
12174,"800045","3_SG","2_SG",2,1,0,=,,,12175,
12175,"800045","2_SG","1_SG",3,0,0,=,,,12176,
12176,"800045","2_SG","2_SG",3,1,0,=,,,12177,
12177,"800045","1_SG","1_SG",3,0,0,=,,,12178,
12178,"800045","1_SG","2_SG",3,1,0,=,,,12179,
12179,"800045","7_SG","26_SG",3,1,1,=,,,,
12180,"800044","4_SG","1_SG",2,0,0,=,,,12181,
12181,"800044","4_SG","2_SG",2,1,0,=,,,12182,
12182,"800044","3_SG","1_SG",2,0,0,=,,,12183,
12183,"800044","3_SG","2_SG",2,1,0,=,,,12184,
12184,"800044","2_SG","1_SG",3,0,0,=,,,12185,
12185,"800044","2_SG","2_SG",3,1,0,=,,,12186,
12186,"800044","1_SG","1_SG",3,0,0,=,,,12187,
12187,"800044","1_SG","2_SG",3,1,0,=,,,12188,
12188,"800044","7_SG","26_SG",3,1,1,=,,,,
12189,"900303","4_SG","1_SG",2,0,0,=,,,12190,
12190,"900303","4_SG","2_SG",2,1,0,=,,,12191,
12191,"900303","3_SG","1_SG",2,0,0,=,,,12192,
12192,"900303","3_SG","2_SG",2,1,0,=,,,12193,
12193,"900303","2_SG","1_SG",3,0,0,=,,,12194,
12194,"900303","2_SG","2_SG",3,1,0,=,,,12195,
12195,"900303","1_SG","1_SG",3,0,0,=,,,12196,
12196,"900303","1_SG","2_SG",3,1,0,=,,,12197,
12197,"900303","7_SG","26_SG",3,1,1,=,,,,
12198,"900304","4_SG","1_SG",2,0,0,=,,,12199,
12199,"900304","4_SG","2_SG",2,1,0,=,,,12200,
12200,"900304","3_SG","1_SG",2,0,0,=,,,12201,
12201,"900304","3_SG","2_SG",2,1,0,=,,,12202,
12202,"900304","2_SG","1_SG",3,0,0,=,,,12203,
12203,"900304","2_SG","2_SG",3,1,0,=,,,12204,
12204,"900304","1_SG","1_SG",3,0,0,=,,,12205,
12205,"900304","1_SG","2_SG",3,1,0,=,,,12206,
12206,"900304","7_SG","26_SG",3,1,1,=,,,,
12207,"900305","4_SG","1_SG",2,0,0,=,,,12208,
12208,"900305","4_SG","2_SG",2,1,0,=,,,12209,
12209,"900305","3_SG","1_SG",2,0,0,=,,,12210,
12210,"900305","3_SG","2_SG",2,1,0,=,,,12211,
12211,"900305","2_SG","1_SG",3,0,0,=,,,12212,
12212,"900305","2_SG","2_SG",3,1,0,=,,,12213,
12213,"900305","1_SG","1_SG",3,0,0,=,,,12214,
12214,"900305","1_SG","2_SG",3,1,0,=,,,12215,
12215,"900305","7_SG","26_SG",3,1,1,=,,,,
12243,"90050","2_SG","1_SG",2,0,0,=,,,12244,
12244,"90050","2_SG","2_SG",2,0,0,=,,,12245,
12245,"90050","2_SG","3_SG",2,0,0,=,,,12246,
12246,"90050","2_SG","4_SG",2,1,0,=,,,12247,
12247,"90050","1_SG","1_SG",2,0,0,=,,,12248,
12248,"90050","1_SG","2_SG",2,0,0,=,,,12249,
12249,"90050","1_SG","3_SG",2,1,0,=,,,12250,
12250,"90050","9_SG","1_SG",2,0,0,=,,,12251,
12251,"90050","9_SG","2_SG",2,0,0,=,,,12252,
12252,"90050","9_SG","3_SG",2,1,0,=,,,12253,
12253,"90050","8_SG","26_SG",2,1,1,=,,,,
12254,"90051","2_SG","1_SG",2,0,0,=,,,12255,
12255,"90051","2_SG","2_SG",2,0,0,=,,,12256,
12256,"90051","2_SG","3_SG",2,0,0,=,,,12257,
12257,"90051","2_SG","4_SG",2,1,0,=,,,12258,
12258,"90051","1_SG","1_SG",2,0,0,=,,,12259,
12259,"90051","1_SG","2_SG",2,0,0,=,,,12260,
12260,"90051","1_SG","3_SG",2,1,0,=,,,12261,
12261,"90051","9_SG","1_SG",2,0,0,=,,,12262,
12262,"90051","9_SG","2_SG",2,0,0,=,,,12263,
12263,"90051","9_SG","3_SG",2,1,0,=,,,12264,
12264,"90051","8_SG","26_SG",2,1,1,=,,,,
12265,"10652","4_SG","1_SG",2,0,0,=,,,12266,
12266,"10652","4_SG","2_SG",2,1,0,=,,,12267,
12267,"10652","3_SG","1_SG",2,0,0,=,,,12268,
12268,"10652","3_SG","2_SG",2,1,0,=,,,12269,
12269,"10652","2_SG","1_SG",3,0,0,=,,,12270,
12270,"10652","2_SG","2_SG",3,1,0,=,,,12271,
12271,"10652","1_SG","1_SG",3,0,0,=,,,12272,
12272,"10652","1_SG","2_SG",3,1,0,=,,,12273,
12273,"10652","7_SG","26_SG",2,1,0,=,,,,
12274,"10655","4_SG","1_SG",2,0,0,=,,,12275,
12275,"10655","4_SG","2_SG",2,1,0,=,,,12276,
12276,"10655","3_SG","1_SG",2,0,0,=,,,12277,
12277,"10655","3_SG","2_SG",2,1,0,=,,,12278,
12278,"10655","2_SG","1_SG",3,0,0,=,,,12279,
12279,"10655","2_SG","2_SG",3,1,0,=,,,12280,
12280,"10655","1_SG","1_SG",3,0,0,=,,,12281,
12281,"10655","1_SG","2_SG",3,1,0,=,,,12282,
12282,"10655","7_SG","26_SG",2,1,0,=,,,,
12283,"90053","2_SG","1_SG",2,0,0,=,,,12284,
12284,"90053","2_SG","2_SG",2,0,0,=,,,12285,
12285,"90053","2_SG","3_SG",2,0,0,=,,,12286,
12286,"90053","2_SG","4_SG",2,1,0,=,,,12287,
12287,"90053","1_SG","1_SG",2,0,0,=,,,12288,
12288,"90053","1_SG","2_SG",2,0,0,=,,,12289,
12289,"90053","1_SG","3_SG",2,1,0,=,,,12290,
12290,"90053","9_SG","1_SG",2,0,0,=,,,12291,
12291,"90053","9_SG","2_SG",2,0,0,=,,,12292,
12292,"90053","9_SG","3_SG",2,1,0,=,,,12293,
12293,"90053","8_SG","26_SG",2,1,1,=,,,,
12294,"900500","2_SG","1_SG",2,0,0,=,,,12295,
12295,"900500","2_SG","2_SG",2,0,0,=,,,12296,
12296,"900500","2_SG","3_SG",2,0,0,=,,,12297,
12297,"900500","2_SG","4_SG",2,1,0,=,,,12298,
12298,"900500","1_SG","1_SG",2,0,0,=,,,12299,
12299,"900500","1_SG","2_SG",2,0,0,=,,,12300,
12300,"900500","1_SG","3_SG",2,1,0,=,,,12301,
12301,"900500","9_SG","1_SG",2,0,0,=,,,12302,
12302,"900500","9_SG","2_SG",2,0,0,=,,,12303,
12303,"900500","9_SG","3_SG",2,1,0,=,,,12304,
12304,"900500","8_SG","26_SG",2,1,1,=,,,,
12305,"900400","2_SG","1_SG",2,0,0,=,,,12306,
12306,"900400","2_SG","2_SG",2,0,0,=,,,12307,
12307,"900400","2_SG","3_SG",2,0,0,=,,,12308,
12308,"900400","2_SG","4_SG",2,1,0,=,,,12309,
12309,"900400","1_SG","1_SG",2,0,0,=,,,12310,
12310,"900400","1_SG","2_SG",2,0,0,=,,,12311,
12311,"900400","1_SG","3_SG",2,1,0,=,,,12312,
12312,"900400","9_SG","1_SG",2,0,0,=,,,12313,
12313,"900400","9_SG","2_SG",2,0,0,=,,,12314,
12314,"900400","9_SG","3_SG",2,1,0,=,,,12315,
12315,"900400","8_SG","26_SG",2,1,1,=,,,,
12316,"9000200","4_SG","1_SG",2,0,0,=,,,12317,
12317,"9000200","4_SG","2_SG",2,1,0,=,,,12318,
12318,"9000200","3_SG","1_SG",2,0,0,=,,,12319,
12319,"9000200","3_SG","2_SG",2,1,0,=,,,12320,
12320,"9000200","2_SG","1_SG",3,0,0,=,,,12321,
12321,"9000200","2_SG","2_SG",3,1,0,=,,,12322,
12322,"9000200","1_SG","1_SG",3,0,0,=,,,12323,
12323,"9000200","1_SG","2_SG",3,1,0,=,,,12324,
12324,"9000200","7_SG","26_SG",3,1,1,=,,,,
12325,"900900","4_SG","1_SG",2,0,0,=,,,12326,
12326,"900900","4_SG","2_SG",2,1,0,=,,,12327,
12327,"900900","3_SG","1_SG",2,0,0,=,,,12328,
12328,"900900","3_SG","2_SG",2,1,0,=,,,12329,
12329,"900900","2_SG","1_SG",3,0,0,=,,,12330,
12330,"900900","2_SG","2_SG",3,1,0,=,,,12331,
12331,"900900","1_SG","1_SG",3,0,0,=,,,12332,
12332,"900900","1_SG","2_SG",3,1,0,=,,,12333,
12333,"900900","7_SG","26_SG",3,1,1,=,,,,
12334,"900901","4_SG","1_SG",2,0,0,=,,,12335,
12335,"900901","4_SG","2_SG",2,1,0,=,,,12336,
12336,"900901","3_SG","1_SG",2,0,0,=,,,12337,
12337,"900901","3_SG","2_SG",2,1,0,=,,,12338,
12338,"900901","2_SG","1_SG",3,0,0,=,,,12339,
12339,"900901","2_SG","2_SG",3,1,0,=,,,12340,
12340,"900901","1_SG","1_SG",3,0,0,=,,,12341,
12341,"900901","1_SG","2_SG",3,1,0,=,,,12342,
12342,"900901","7_SG","26_SG",3,1,1,=,,,,
12343,CPS900304,"4_SG","1_SG",2,0,0,=,,,12344,
12344,CPS900304,"4_SG","2_SG",2,1,0,=,,,12345,
12345,CPS900304,"3_SG","1_SG",2,0,0,=,,,12346,
12346,CPS900304,"3_SG","2_SG",2,1,0,=,,,12347,
12347,CPS900304,"2_SG","1_SG",3,0,0,=,,,12348,
12348,CPS900304,"2_SG","2_SG",3,1,0,=,,,12349,
12349,CPS900304,"1_SG","1_SG",3,0,0,=,,,12350,
12350,CPS900304,"1_SG","2_SG",3,1,0,=,,,12351,
12351,CPS900304,"7_SG","26_SG",3,1,1,=,,,,
12352,CPS900176,"2_SG","1_SG",2,0,0,=,,,12353,
12353,CPS900176,"2_SG","2_SG",2,0,0,=,,,12354,
12354,CPS900176,"2_SG","3_SG",2,0,0,=,,,12355,
12355,CPS900176,"2_SG","4_SG",2,1,0,=,,,12356,
12356,CPS900176,"1_SG","1_SG",2,0,0,=,,,12357,
12357,CPS900176,"1_SG","2_SG",2,0,0,=,,,12358,
12358,CPS900176,"1_SG","3_SG",2,1,0,=,,,12359,
12359,CPS900176,"9_SG","1_SG",2,0,0,=,,,12360,
12360,CPS900176,"9_SG","2_SG",2,0,0,=,,,12361,
12361,CPS900176,"9_SG","3_SG",2,1,0,=,,,12362,
12362,CPS900176,"8_SG","26_SG",2,1,1,=,,,,
12363,CPS900104,"4_SG","1_SG",2,0,0,=,,,12364,
12364,CPS900104,"4_SG","2_SG",2,1,0,=,,,12365,
12365,CPS900104,"3_SG","1_SG",2,0,0,=,,,12366,
12366,CPS900104,"3_SG","2_SG",2,1,0,=,,,12367,
12367,CPS900104,"2_SG","1_SG",3,0,0,=,,,12368,
12368,CPS900104,"2_SG","2_SG",3,1,0,=,,,12369,
12369,CPS900104,"1_SG","1_SG",3,0,0,=,,,12370,
12370,CPS900104,"1_SG","2_SG",3,1,0,=,,,12371,
12371,CPS900104,"7_SG","26_SG",3,1,1,=,,,,
12372,testecorps,"1_SG","1_SG",3,0,0,=,,,12373,
12373,testecorps,"1_SG","2_SG",3,1,0,=,,,12374,
12374,testecorps,"2_SG","1_SG",3,0,0,=,,,12375,
12375,testecorps,"2_SG","2_SG",3,1,0,=,,,12376,
12376,testecorps,"3_SG","1_SG",2,0,0,=,,,12377,
12377,testecorps,"3_SG","2_SG",2,1,0,=,,,12378,
12378,testecorps,"4_SG","1_SG",2,0,0,=,,,12379,
12379,testecorps,"4_SG","2_SG",2,1,0,=,,,12380,
12380,testecorps,"7_SG","26_SG",3,1,1,=,,,,
12381,cpstest1,"1_SG","1_SG",3,0,0,=,,,12382,
12382,cpstest1,"1_SG","2_SG",3,1,0,=,,,12383,
12383,cpstest1,"2_SG","1_SG",3,0,0,=,,,12384,
12384,cpstest1,"2_SG","2_SG",3,1,0,=,,,12385,
12385,cpstest1,"3_SG","1_SG",2,0,0,=,,,12386,
12386,cpstest1,"3_SG","2_SG",2,1,0,=,,,12387,
12387,cpstest1,"4_SG","1_SG",2,0,0,=,,,12388,
12388,cpstest1,"4_SG","2_SG",2,1,0,=,,,12389,
12389,cpstest1,"7_SG","26_SG",3,1,1,=,,,,
12390,testcps,"1_SG","1_SG",3,0,0,=,,,12391,
12391,testcps,"1_SG","2_SG",3,1,0,=,,,12392,
12392,testcps,"12_SG","26_SG",2,1,0,=,,,12393,
12393,testcps,"2_SG","1_SG",3,0,0,=,,,12394,
12394,testcps,"2_SG","2_SG",3,1,0,=,,,12395,
12395,testcps,"3_SG","1_SG",2,0,0,=,,,12396,
12396,testcps,"3_SG","2_SG",2,1,0,=,,,12397,
12397,testcps,"4_SG","1_SG",2,0,0,=,,,12398,
12398,testcps,"4_SG","2_SG",2,1,0,=,,,12399,
12399,testcps,"7_SG","26_SG",3,1,1,=,,,,
12409,ITBNF,"1_SG","1_SG",3,0,0,=,,,12410,
12410,ITBNF,"1_SG","2_SG",3,1,0,=,,,12411,
12411,ITBNF,"2_SG","1_SG",3,0,0,=,,,12412,
12412,ITBNF,"2_SG","2_SG",3,1,0,=,,,12413,
12413,ITBNF,"3_SG","1_SG",2,0,0,=,,,12414,
12414,ITBNF,"3_SG","2_SG",2,1,0,=,,,12415,
12415,ITBNF,"4_SG","1_SG",2,0,0,=,,,12416,
12416,ITBNF,"4_SG","2_SG",2,1,0,=,,,12417,
12417,ITBNF,"7_SG","26_SG",3,1,1,=,,,,
12427,tsenb,"1_SG","1_SG",3,0,0,=,,,12428,
12428,tsenb,"1_SG","2_SG",3,1,0,=,,,12429,
12429,tsenb,"2_SG","1_SG",3,0,0,=,,,12430,
12430,tsenb,"2_SG","2_SG",3,1,0,=,,,12431,
12431,tsenb,"3_SG","1_SG",2,0,0,=,,,12432,
12432,tsenb,"3_SG","2_SG",2,1,0,=,,,12433,
12433,tsenb,"4_SG","1_SG",2,0,0,=,,,12434,
12434,tsenb,"4_SG","2_SG",2,1,0,=,,,12435,
12435,tsenb,"7_SG","26_SG",2,1,0,=,,,,
12436,tsesgi,"1_SG","1_SG",3,0,0,=,,,12437,
12437,tsesgi,"1_SG","2_SG",3,1,0,=,,,12438,
12438,tsesgi,"2_SG","1_SG",3,0,0,=,,,12439,
12439,tsesgi,"2_SG","2_SG",3,1,0,=,,,12440,
12440,tsesgi,"3_SG","1_SG",2,0,0,=,,,12441,
12441,tsesgi,"3_SG","2_SG",2,1,0,=,,,12442,
12442,tsesgi,"4_SG","1_SG",2,0,0,=,,,12443,
12443,tsesgi,"4_SG","2_SG",2,1,0,=,,,12444,
12444,tsesgi,"7_SG","26_SG",2,1,0,=,,,,
12454,"111019000","4_SG","1_SG",2,0,0,=,,,12455,
12455,"111019000","4_SG","2_SG",2,1,0,=,,,12456,
12456,"111019000","3_SG","1_SG",2,0,0,=,,,12457,
12457,"111019000","3_SG","2_SG",2,1,0,=,,,12458,
12458,"111019000","2_SG","1_SG",3,0,0,=,,,12459,
12459,"111019000","2_SG","2_SG",3,1,0,=,,,12460,
12460,"111019000","1_SG","1_SG",3,0,0,=,,,12461,
12461,"111019000","1_SG","2_SG",3,1,0,=,,,12462,
12462,"111019000","7_SG","26_SG",3,1,1,=,,,,
12463,"10205LPGT","4_SG","1_SG",2,0,0,=,,,12464,
12464,"10205LPGT","4_SG","2_SG",2,1,0,=,,,12465,
12465,"10205LPGT","3_SG","1_SG",2,0,0,=,,,12466,
12466,"10205LPGT","3_SG","2_SG",2,1,0,=,,,12467,
12467,"10205LPGT","2_SG","1_SG",3,0,0,=,,,12468,
12468,"10205LPGT","2_SG","2_SG",3,1,0,=,,,12469,
12469,"10205LPGT","1_SG","1_SG",3,0,0,=,,,12470,
12470,"10205LPGT","1_SG","2_SG",3,1,0,=,,,12471,
12471,"10205LPGT","7_SG","26_SG",3,1,1,=,,,,
12472,"900169gct","4_SG","1_SG",2,0,0,=,,,12473,
12473,"900169gct","4_SG","2_SG",2,1,0,=,,,12474,
12474,"900169gct","3_SG","1_SG",2,0,0,=,,,12475,
12475,"900169gct","3_SG","2_SG",2,1,0,=,,,12476,
12476,"900169gct","2_SG","1_SG",3,0,0,=,,,12477,
12477,"900169gct","2_SG","2_SG",3,1,0,=,,,12478,
12478,"900169gct","1_SG","1_SG",3,0,0,=,,,12479,
12479,"900169gct","1_SG","2_SG",3,1,0,=,,,12480,
12480,"900169gct","7_SG","26_SG",3,1,1,=,,,,
12481,EMS900176,"2_SG","1_SG",2,0,0,=,,,12482,
12482,EMS900176,"2_SG","2_SG",2,0,0,=,,,12483,
12483,EMS900176,"2_SG","3_SG",2,0,0,=,,,12484,
12484,EMS900176,"2_SG","4_SG",2,1,0,=,,,12485,
12485,EMS900176,"1_SG","1_SG",2,0,0,=,,,12486,
12486,EMS900176,"1_SG","2_SG",2,0,0,=,,,12487,
12487,EMS900176,"1_SG","3_SG",2,1,0,=,,,12488,
12488,EMS900176,"9_SG","1_SG",2,0,0,=,,,12489,
12489,EMS900176,"9_SG","2_SG",2,0,0,=,,,12490,
12490,EMS900176,"9_SG","3_SG",2,1,0,=,,,12491,
12491,EMS900176,"8_SG","26_SG",2,1,1,=,,,,
12492,"77888","10C_SG","26_SG",2,1,0,=,,,12493,
12493,"77888","11C_SG","26_SG",2,1,0,=,,,12494,
12494,"77888","12C_SG","26_SG",2,1,1,=,,,,
12495,"77889","10C_SG","26_SG",2,1,0,=,,,12496,
12496,"77889","11C_SG","26_SG",2,1,0,=,,,12497,
12497,"77889","12C_SG","26_SG",2,1,1,=,,,,
12498,"77890","10C_SG","26_SG",2,0,0,=,,,12499,
12499,"77890","11C_SG","26_SG",2,0,0,=,,,12500,
12500,"77890","12C_SG","26_SG",2,0,1,=,,,,
