"cps_code","cps_libelle","cps_age_retraite","cps_description","cps_hierarchie_code","cps_cadre_code","cps_typecorps_code","cps_libelle_singulier"
"1_SG",ANCIENS PRESIDENTS,60,Anciens présidents,"1_SG","1_SG",FONCT,ANCIENS PRESIDENT
"10001",PRESIDENT,60,PRESIDENT,,"1_SG",FONCT,PRESIDENT
"10003",ANCIENS PRESIDENTS,60,ANCIENS PRESIDENTS,,"1_SG",FONCT,ANCIENS PRESIDENT
"10026",SPECIALISTES FONCTION PUBLIQUE A1 NF,60,SPECIALISTES FONCTION PUBLIQUE A1 NF,"1_SG","1_SG",NON_FONCT,SPECIALISTES FONCTION PUBLIQUE A1 NF
"10027",ADMINISTRATEURS CIVILS A1,60,ADMINISTRATEURS CIVILS A1,"1_SG","1_SG",FONCT,ADMINISTRATEURS CIVILS A1
"10028",SOCIOLOGUES A1 NF,60,SOCIOLOGUES A1 NF,"1_SG","1_SG",NON_FONCT,SOCIOLOGUES A1 NF
"10029",ADMINISTRATEURS CIVILS NF REF,60,ADMINISTRATEURS CIVILS NF REF,"1_SG","1_SG",NON_FONCT,ADMINISTRATEURS CIVILS NF REF
"10030",COMMISSAIRES DES ASSURANCES A1 NF,60,COMMISSAIRES DES ASSURANCES A1 NF,"1_SG","1_SG",NON_FONCT,COMMISSAIRES DES ASSURANCES A1 NF
"10032",COMMISSAIRES DES ASSURANCES A2 NF,60,COMMISSAIRES DES ASSURANCES A2 NF,"2_SG","1_SG",NON_FONCT,COMMISSAIRES DES ASSURANCES A2 NF
"10102",SOCIOLOGUES A2 NF,60,SOCIOLOGUES A2 NF,"2_SG","1_SG",NON_FONCT,SOCIOLOGUES A2 NF
"10104",CADRES EN ADMINISTRATION NF,60,CADRES EN ADMINISTRATION NF,"2_SG","1_SG",NON_FONCT,CADRES EN ADMINISTRATION NF
"10106",SPECIALISTES FONCTION PUBLIQUE A2 NF,60,SPECIALISTES FONCTION PUBLIQUE A2 NF,"2_SG","1_SG",NON_FONCT,SPECIALISTES FONCTION PUBLIQUE A2 NF
"10201",ATTACHES D'ADMINISTRATION A3,60,ATTACHES D'ADMINISTRATION A3,"3_SG","1_SG",FONCT,ATTACHES D'ADMINISTRATION A3
"10202",ATTACHES D'ADMINISTRATION NF REF,60,ATTACHES D'ADMINISTRATION NF REF,"3_SG","1_SG",NON_FONCT,ATTACHES D'ADMINISTRATION NF REF
"10204",SOCIOLOGUES A3 NF,60,SOCIOLOGUES A3 NF,"3_SG","1_SG",NON_FONCT,SOCIOLOGUES A3 NF
"10205",SOCIOLOGUES B1 NF,60,SOCIOLOGUES B1 NF,"5_SG","1_SG",NON_FONCT,SOCIOLOGUES B1 NF
"10205LPGT",Licence professionnelle de Géomètre topographe ESP,60,Licence professionnelle de Géomètre topographe ESP,"5_SG","13_SG",NON_FONCT,Licence professionnelle de Géomètre topographe ESP
"10206",GESTIONNAIRES NF,60,GESTIONNAIRES NF,"3_SG","1_SG",NON_FONCT,GESTIONNAIRES NF
"10209",JURISTES  CONSEILS NF REF A2 ,60,JURISTES  CONSEILS NF REF A2 ,"2_SG","67-SG",NON_FONCT,JURISTES  CONSEILS NF REF A2 
"10210",JURISTES CONSEILS NF REF B1,60,JURISTES CONSEILS NF REF B1,"5_SG","67-SG",NON_FONCT,JURISTES CONSEILS NF REF B1
"10211",JURISTES CONSEILS NF REF A1,60,JURISTES CONSEILS NF REF A1,"1_SG","67-SG",NON_FONCT,JURISTES CONSEILS NF REF A1
"10212",JURISTES CONSEILS ASSISTANTS NF REF B1,60,JURISTES CONSEILS ASSISTANTS NF REF B1,"5_SG","67-SG",NON_FONCT,JURISTES CONSEILS ASSISTANTS NF REF B1
"10220",GESTIONNAIRES DES RESSOURCES HUMAINES NF A2,60,GESTIONNAIRES DES RESSOURCES HUMAINES NF A2,"2_SG","1_SG",NON_FONCT,GESTIONNAIRES DES RESSOURCES HUMAINES NF A2
"10222",GESTIONNAIRES DES RESSOURCES HUMAINES NF B1,60,GESTIONNAIRES DES RESSOURCES HUMAINES NF B1,"5_SG","1_SG",NON_FONCT,GESTIONNAIRES DES RESSOURCES HUMAINES NF B1
"103_SG",INGENIEURS DES PECHES MARITIMES B1,60,Ingénieurs des pêches maritimes B1,"5_SG","22_SG",FONCT,INGENIEURS DES PECHES MARITIMES B1
"10351",SECRETAIRES D'ADMINISTRATION B2,60,SECRETAIRES D'ADMINISTRATION B2,"6_SG","1_SG",FONCT,SECRETAIRES D'ADMINISTRATION B2
"10352",SECRETAIRES D'ADMINISTRATION NF REF,60,SECRETAIRES D'ADMINISTRATION NF REF,"1000_SG","1_SG",NON_FONCT,SECRETAIRES D'ADMINISTRATION NF REF
"10552",AGENTS ADMINISTRATIFS NF,60,AGENTS ADMINISTRATIFS NF,"8_SG","1_SG",NON_FONCT,AGENTS ADMINISTRATIFS NF
"10554",ADJOINTS INTENDANTS NF,60,ADJOINTS INTENDANTS NF,"8_SG","1_SG",NON_FONCT,ADJOINTS INTENDANTS NF
"10556",ADJOINTES D'ECONOMAT NF,60,ADJOINTES D'ECONOMAT NF,"8_SG","1_SG",NON_FONCT,ADJOINTES D'ECONOMAT NF
"10558",AGENTS DECISIONNAIRES B1,60,AGENTS DECISIONNAIRES B1,"5_SG","1_SG",NON_FONCT,AGENTS DECISIONNAIRES B1
"10560",AGENTS DECISIONNAIRES A2,60,AGENTS DECISIONNAIRES A2,"2_SG","1_SG",NON_FONCT,AGENTS DECISIONNAIRES A2
"10562",AGENTS DECISIONNAIRES A3,60,AGENTS DECISIONNAIRES A3,"3_SG","1_SG",NON_FONCT,AGENTS DECISIONNAIRES A3
"106_SG",PREPOSES  DE L’OCEANOGRAPHIE ET DES PECHES MARITIMES,60,Préposés  de l’océanographie et des Pêches Maritimes,"13_SG","22_SG",FONCT,PREPOSES  DE L’OCEANOGRAPHIE ET DES PECHES MARITIME
"10652",COMPTABLES  NF B1,60,COMPTABLES  NF B1,"9_SG","1_SG",NON_FONCT,COMPTABLES  NF B1
"10653",COMPTABLES NF A2,60,COMPTABLES NF A2,"2_SG","1_SG",NON_FONCT,COMPTABLES NF A2
"10654",COMPTABLE NF A3,60,COMPTABLE NF A3,"3_SG","1_SG",NON_FONCT,COMPTABLE NF A3
"10655",COMPTABLES NF B2,60,COMPTABLES NF B2,"6_SG","1_SG",NON_FONCT,COMPTABLES NF B2
"10700",COMMIS D'ADMINISTRATION C2 NF REF,60,COMMIS D'ADMINISTRATION C2 NF REF,"10_SG","1_SG",NON_FONCT,COMMIS D'ADMINISTRATION C2 NF REF
"10701",COMMIS D'ADMINISTRATION C2,60,COMMIS D'ADMINISTRATION C2,"10_SG","1_SG",FONCT,COMMIS D'ADMINISTRATION C2
"10752",COMMIS D'ADMINISTRATION C3 NF,60,COMMIS D'ADMINISTRATION C3 NF,"11_SG","1_SG",NON_FONCT,COMMIS D'ADMINISTRATION C3 NF
"10756",AGENTS D'ADMINISTRATION C3 NF,60,AGENTS D'ADMINISTRATION C3 NF,"11_SG","1_SG",NON_FONCT,AGENTS D'ADMINISTRATION C3 NF
"10950",AGENTS D'ADMINISTRATION D3 NF REF,60,AGENTS D'ADMINISTRATION D3 NF REF,"14_SG","1_SG",NON_FONCT,AGENTS D'ADMINISTRATION D3 NF REF
"10951",AGENTS D'ADMINISTRATION,60,AGENTS D'ADMINISTRATION,"14_SG","1_SG",FONCT,AGENTS D'ADMINISTRATION
"10952",AGENTS DE SERVICE NF,60,AGENTS DE SERVICE NF,"14_SG","1_SG",NON_FONCT,AGENTS DE SERVICE NF
"10953",AGENTS DE SERVICE,60,AGENTS DE SERVICE,"14_SG","1_SG",FONCT,AGENTS DE SERVICE
"11025",INSPECTEURS DU TRAVAIL ET DE LA SECURITE SOCIALE A1,60,INSPECTEURS DU TRAVAIL ET DE LA SECURITE SOCIALE A1,"1_SG","2_SG",FONCT,INSPECTEURS DU TRAVAIL ET DE LA SECURITE SOCIALE A1
"11026",INSPECTEURS DU TRAVAIL ET DE LA SECURITE SOCIALE NF REF,60,INSPECTEURS DU TRAVAIL ET DE LA SECURITE SOCIALE NF REF,"1_SG","2_SG",NON_FONCT,INSPECTEURS DU TRAVAIL ET DE LA SECURITE SOCIALE NF REF
"111",INGENIEUR DU GENIE CIVIL NF REF A3,60,INGENIEUR DU GENIE CIVIL NF REF A3,"3_SG","12_SG",NON_FONCT,INGENIEUR DU GENIE CIVIL NF REF A3
"11101",INGENIEURS ELECTROMECANICIENS NF,60,INGENIEURS ELECTROMECANICIENS NF,"2_SG","12_SG",NON_FONCT,INGENIEURS ELECTROMECANICIENS NF
"111019000",INGENIEURS BIOLOGISTE NF A2,60,INGENIEURS BIOLOGISTE NF A2,"2_SG","20_SG",NON_FONCT,INGENIEUR BIOLOGISTE NF A2
"11102",AGENTS TECHNIQUES EN ELECTROMECANIQUE NF ,60,AGENTS TECHNIQUES EN ÉLECTROMECANIQUE NF,"8_SG","12_SG",NON_FONCT,AGENTS TECHNIQUES EN ELECTROMECANIQUE NF 
"11201",INSPECTEURS ADJOINTS DU TRAVAIL ET DE LA SECURITE SOCIALE A3,60,INSPECTEURS ADJOINTS DU TRAVAIL ET DE LA SECURITE SOCIALE A3,"3_SG","2_SG",FONCT,INSPECTEURS ADJOINTS DU TRAVAIL ET DE LA SECURITE SOCIALE A3
"11202",INSPECTEURS ADJOINTS DU TRAVAIL ET DE LA SECURITE SOCIALE NF REF,60,INSPECTEURS ADJOINTS DU TRAVAIL ET DE LA SECURITE SOCIALE NF REF,"3_SG","2_SG",NON_FONCT,INSPECTEURS ADJOINTS DU TRAVAIL ET DE LA SECURITE SOCIALE NF REF
"11351",CONTROLEURS DU TRAVAIL ET DE LA SECURITE SOCIALE B2,60,CONTROLEURS DU TRAVAIL ET DE LA SECURITE SOCIALE B2,"6_SG","2_SG",FONCT,CONTROLEURS DU TRAVAIL ET DE LA SECURITE SOCIALE B2
"11352",CONTROLEURS DU TRAVAIL ET DE LA SECURITE SOCIALE NF REF,60,CONTROLEURS DU TRAVAIL ET DE LA SECURITE SOCIALE NF REF,"6_SG","2_SG",NON_FONCT,CONTROLEURS DU TRAVAIL ET DE LA SECURITE SOCIALE NF REF
"11353",TRAVAILLEURS SPECIALISES EN SANTE COMMUNAUTAIRE NF REF B1,60,TRAVAILLEURS SPECIALISES EN SANTE COMMUNAUTAIRE,"5_SG","20_SG",NON_FONCT,TRAVAILLEURS SPECIALISES EN SANTE COMMUNAUTAIRE NF REF B1
"119_SG",AGENTS TECHNIQUES DE LA COOPERATION,60,Agents techniques de la Coopération,"10_SG","26_SG",FONCT,AGENTS TECHNIQUES DE LA COOPERATION
"12025",COMMISSAIRES AUX ENQUETES ECONOMIQUES A1,60,COMMISSAIRES AUX ENQUETES ECONOMIQUES A1,"1_SG","3_SG",FONCT,COMMISSAIRES AUX ENQUETES ECONOMIQUES A1
"12026",COMMISSAIRES AUX ENQUETES ECONOMIQUES NF REF,60,COMMISSAIRES AUX ENQUETES ECONOMIQUES NF REF,"1_SG","3_SG",NON_FONCT,COMMISSAIRES AUX ENQUETES ECONOMIQUES NF REF
"122_SG",INGENIEURS DES TRAVAUX AGRICOLES,60,Ingénieurs des travaux agricoles,"3_SG","27_SG",FONCT,INGENIEURS DES TRAVAUX AGRICOLE
"12201",COMMISSAIRES ADJOINTS AUX ENQUETES ECONOMIQUES A3,60,COMMISSAIRES ADJOINTS AUX ENQUETES ECONOMIQUES A3,"3_SG","3_SG",FONCT,COMMISSAIRES ADJOINTS AUX ENQUETES ECONOMIQUES A3
"12202",COMMISSAIRES ADJOINTS AUX ENQUETES ECONOMIQUES NF REF,60,COMMISSAIRES ADJOINTS AUX ENQUETES ECONOMIQUES NF REF,"3_SG","3_SG",NON_FONCT,COMMISSAIRES ADJOINTS AUX ENQUETES ECONOMIQUES NF REF
"12351",CONTROLEURS DU CONTROLE ECONOMIQUE B2,60,CONTROLEURS DU CONTROLE ECONOMIQUE B2,"6_SG","3_SG",FONCT,CONTROLEURS DU CONTROLE ECONOMIQUE B2
"12352",TECHNICIENS SUPERIEURS COMMERCE NF,60,TECHNICIENS SUPERIEURS COMMERCE NF,"6_SG","3_SG",NON_FONCT,TECHNICIENS SUPERIEURS COMMERCE NF
"12354",CONTROLEURS DU CONTROLE ECONOMIQUE NF REF,60,CONTROLEURS DU CONTROLE ECONOMIQUE NF REF,"6_SG","3_SG",NON_FONCT,CONTROLEURS DU CONTROLE ECONOMIQUE NF REF
"126_SG",INSPECTEURS DE L’ENSEIGNEMENT ELEMENTAIRE,60,Inspecteurs de l’Enseignement élémentaire,"1_SG","28_SG",ENS_FONCT,INSPECTEURS DE L’ENSEIGNEMENT ELEMENTAIRE
"12701",VERIFICATEURS DU CONTROLE ECONOMIQUE,60,VERIFICATEURS DU CONTROLE ECONOMIQUE,"10_SG","3_SG",FONCT,VERIFICATEURS DU CONTROLE ECONOMIQUE
"12702",VERIFICATEURS DU CONTROLE ECONOMIQUE NF REF,60,VERIFICATEURS DU CONTROLE ECONOMIQUE NF REF,"10_SG","3_SG",NON_FONCT,VERIFICATEURS DU CONTROLE ECONOMIQUE NF REF
"12950",AGENTS DU CONTROLE ECONOMIQUE NF,60,AGENTS DU CONTROLE ECONOMIQUE NF,"14_SG","3_SG",NON_FONCT,AGENTS DU CONTROLE ECONOMIQUE NF
"13_SG",CONTROLEURS DU CONTROLE ECONOMIQUE,60,Contrôleurs du contrôle économique,"5_SG","3_SG",FONCT,CONTROLEURS DU CONTROLE ECONOMIQUE
"13025",CONSEILLERS DES AFFAIRES ETRANGERES A1,60,CONSEILLERS DES AFFAIRES ETRANGERES A1,"1_SG","4_SG",FONCT,CONSEILLERS DES AFFAIRES ETRANGERES A1
"13026",CONSEILLERS DES AFFAIRES ETRANGERES NF REF,60,CONSEILLERS DES AFFAIRES ETRANGERES NF REF,"1_SG","4_SG",NON_FONCT,CONSEILLERS DES AFFAIRES ETRANGERES NF REF
"13201",CONSEILLERS ADJOINTS DES AFFAIRES ETRANGERES A3,60,CONSEILLERS ADJOINTS DES AFFAIRES ETRANGERES A3,"3_SG","4_SG",FONCT,CONSEILLERS ADJOINTS DES AFFAIRES ETRANGERES A3
"13202",CONSEILLERS ADJOINTS DES AFFAIRES ETRANGERES NF REF,60,CONSEILLERS ADJOINTS DES AFFAIRES ETRANGERES NF REF,"3_SG","4_SG",NON_FONCT,CONSEILLERS ADJOINTS DES AFFAIRES ETRANGERES NF REF
"13351",CHANCELIERS B2,60,CHANCELIERS B2,"6_SG","4_SG",FONCT,CHANCELIERS B2
"13352",CHANCELIERS NF REF,60,CHANCELIERS NF REF,"6_SG","4_SG",NON_FONCT,CHANCELIERS NF REF
"135_SG",INSPECTEURS ADJOINTS DE L’ENSEIGNEMENT ELEMENTAIRE,60,Inspecteurs adjoints de l’Enseignement élémentaire,"6_SG","28_SG",ENS_FONCT,INSPECTEURS ADJOINTS DE L’ENSEIGNEMENT ELEMENTAIRE
"142_SG",PROFESSEURS DE L’EDUCATION PHYSIQUE ET DU SPORT,60,Professeurs de l’Education physique et du Sport,"1_SG","29_SG",ENS_FONCT,PROFESSEURS DE L’EDUCATION PHYSIQUE ET DU SPORT
"14351",PROTES,60,PROTES,"6_SG","5_SG",FONCT,PROTE
"14352",PROTES NF REF,60,PROTES NF REF,"6_SG","5_SG",NON_FONCT,PROTES NF REF
"14651",AGENTS D'IMPRIMERIE,60,AGENTS D'IMPRIMERIE,"9_SG","5_SG",FONCT,AGENTS D'IMPRIMERIE
"14753",AGENTS TECHNIQUES,60,AGENTS TECHNIQUES,"11_SG","5_SG",FONCT,AGENTS TECHNIQUE
"14754",AGENTS TECHNIQUES NF REF,60,AGENTS TECHNIQUES NF REF,"11_SG","5_SG",NON_FONCT,AGENTS TECHNIQUES NF REF
"14755", INFOGRAPHES NF B3,60, INFOGRAPHES NF B3,"7_SG","5_SG",NON_FONCT, INFOGRAPHES NF B3
"14756",INFOGRAPHES NF B2,60,INFOGRAPHES NF B2,"6_SG","5_SG",NON_FONCT,INFOGRAPHES NF B2
"14757",INFOGRAPHES NF B1,60,INFOGRAPHES NF B1,"5_SG","5_SG",NON_FONCT,INFOGRAPHES NF B1
"14950",OUVRIERS D'IMPRIMERIE NF,60,OUVRIERS D'IMPRIMERIE NF,"14_SG","5_SG",NON_FONCT,OUVRIERS D'IMPRIMERIE NF
"14951",OUVRIERS D'IMPRIMERIE,60,OUVRIERS D'IMPRIMERIE,"14_SG","5_SG",FONCT,OUVRIERS D'IMPRIMERIE
"14952",AGENTS D'IMPRIMERIE NF,60,AGENTS D'IMPRIMERIE NF,"14_SG","5_SG",NON_FONCT,AGENTS D'IMPRIMERIE NF
"15025","CONSERVATEURS D'ARCHIVES, DE BIBLIOTHEQUES, DE CENTRES DE DOCUMENTATION A1",60,"CONSERVATEURS D'ARCHIVES, DE BIBLIOTHEQUES, DE CENTRES DE DOCUMENTATION A1","1_SG","6_SG",FONCT,"CONSERVATEURS D'ARCHIVES, DE BIBLIOTHEQUES, DE CENTRES DE DOCUMENTATION A1"
"15026","CONSERVATEURS D'ARCHIVES, DE BIBLIOTHEQUES, DE CENTRES DE DOCUMENTATION A1 NF REF",60,"CONSERVATEURS D'ARCHIVES, DE BIBLIOTHEQUES, DE CENTRES DE DOCUMENTATION A1 NF REF","1_SG","6_SG",NON_FONCT,"CONSERVATEURS D'ARCHIVES, DE BIBLIOTHEQUES, DE CENTRES DE DOCUMENTATION A1 NF REF"
"15100","CONSERVATEURS D'ARCHIVES, DE BIBLIOTHEQUES, DE CENTRES DE DOCUMENTATION A2 NF REF",60,"CONSERVATEURS D'ARCHIVES, DE BIBLIOTHEQUES, DE CENTRES DE DOCUMENTATION A2 NF REF","2_SG","6_SG",NON_FONCT,"CONSERVATEURS D'ARCHIVES, DE BIBLIOTHEQUES, DE CENTRES DE DOCUMENTATION A2 NF REF"
"15101","CONSERVATEURS D'ARCHIVES, DE BIBLIOTHEQUES, DE CENTRES DE DOCUMENTATION A2",60,"CONSERVATEURS D'ARCHIVES, DE BIBLIOTHEQUES, DE CENTRES DE DOCUMENTATION A2","2_SG","6_SG",FONCT,"CONSERVATEURS D'ARCHIVES, DE BIBLIOTHEQUES, DE CENTRES DE DOCUMENTATION A2"
"15302","ARCHIVISTES, BIBLIOTHECAIRES, DOCUMENTALISTES B1 NF",60,ARCHIVISTES BIBLIOTHECAIRES DOCUMENTALISTES NF,"5_SG","6_SG",NON_FONCT,"ARCHIVISTES, BIBLIOTHECAIRES, DOCUMENTALISTES B1 NF"
"15350","ARCHIVISTES, BIBLIOTHECAIRES, DOCUMENTALISTES B2 NF REF",60,ARCHIVISTES BIBLIOTHECAIRES DOCUMENTALISTES NF REF,"6_SG","6_SG",NON_FONCT,"ARCHIVISTES, BIBLIOTHECAIRES, DOCUMENTALISTES B2 NF REF"
"15351","ARCHIVISTES, BIBLIOTHECAIRES, DOCUMENTALISTES B2",60,"ARCHIVISTES, BIBLIOTHECAIRES, DOCUMENTALISTES B2","6_SG","6_SG",FONCT,"ARCHIVISTES, BIBLIOTHECAIRES, DOCUMENTALISTES B2"
"15753","SOUS ARCHIVISTES, SOUS BIBLIOTHECAIRES ET SOUS DOCUMENTALISTES",60,"SOUS ARCHIVISTES, SOUS BIBLIOTHECAIRES ET SOUS DOCUMENTALISTES","11_SG","6_SG",FONCT,"SOUS ARCHIVISTES, SOUS BIBLIOTHECAIRES ET SOUS DOCUMENTALISTE"
"15950","SOUS-ARCHIVISTES, SOUS-BIBLIOTHECAIRES ET SOUS-DOCUMENTALISTES NF REF",60,"SOUS-ARCHIVISTES, SOUS-BIBLIOTHECAIRES ET SOUS-DOCUMENTALISTES NF REF","11_SG","6_SG",NON_FONCT,"SOUS-ARCHIVISTES, SOUS-BIBLIOTHECAIRES ET SOUS-DOCUMENTALISTES NF REF"
"160_SG",COMMISSAIRES DES ASSURANCES,60,Commissaires des assurances,"1_SG","1_SG",FONCT,COMMISSAIRES DES ASSURANCE
"16025",INSPECTEURS DES IMPOTS ET DES DOMAINES A1,60,INSPECTEURS DES IMPOTS ET DES DOMAINES A1,"1_SG","7_SG",FONCT,INSPECTEURS DES IMPOTS ET DES DOMAINES A1
"16026",INSPECTEURS DES IMPOTS ET DES DOMAINES NF REF,60,INSPECTEURS DES IMPOTS ET DES DOMAINES NF REF,"1_SG","7_SG",NON_FONCT,INSPECTEURS DES IMPOTS ET DES DOMAINES NF REF
"161_SG",COMMISSAIRES CONTROLEURS DES ASSURANCES,60,Commissaires contrôleurs des assurances,"1_SG","1_SG",FONCT,COMMISSAIRES CONTROLEURS DES ASSURANCE
"16201",INSPECTEURS ADJOINTS DES IMPOTS ET DES DOMAINES A3,60,INSPECTEURS ADJOINTS DES IMPOTS ET DES DOMAINES A3,"3_SG","7_SG",FONCT,INSPECTEURS ADJOINTS DES IMPOTS ET DES DOMAINES A3
"16202",INSPECTEURS ADJOINTS DES IMPOTS ET DES DOMAINES NF REF,60,INSPECTEURS ADJOINTS DES IMPOTS ET DES DOMAINES NF REF,"3_SG","7_SG",NON_FONCT,INSPECTEURS ADJOINTS DES IMPOTS ET DES DOMAINES NF REF
"16351",CONTROLEURS DES IMPOTS ET DES DOMAINES B2,60,CONTROLEURS DES IMPOTS ET DES DOMAINES B2,"6_SG","7_SG",FONCT,CONTROLEURS DES IMPOTS ET DES DOMAINES B2
"16352",CONTROLEURS DES IMPOTS ET DES DOMAINES NF REF,60,CONTROLEURS DES IMPOTS ET DES DOMAINES NF REF,"6_SG","7_SG",NON_FONCT,CONTROLEURS DES IMPOTS ET DES DOMAINES NF REF
"164_SG",SPECIALISTES FONCTION PUBLIQUE,60,Spécialistes fonction publique,"2_SG","1_SG",FONCT,SPECIALISTES FONCTION PUBLIQUE
"165_SG",GESTIONNAIRES,60,Gestionnaires,"3_SG","1_SG",FONCT,GESTIONNAIRE
"16700",AGENTS D'ASSIETTE C2 NF REF,60,AGENTS D'ASSIETTE C2 NF REF,"10_SG","7_SG",NON_FONCT,AGENTS D'ASSIETTE C2 NF REF
"16701",AGENTS D'ASSIETTE ET DE CONSTATATION DES IMPOTS ET DES DOMAINES C2,60,AGENTS D'ASSIETTE ET DE CONSTATATION DES IMPOTS ET DES DOMAINES C2,"10_SG","7_SG",FONCT,AGENTS D'ASSIETTE ET DE CONSTATATION DES IMPOTS ET DES DOMAINES C2
"16702",AGENTS D'ASSIETTE ET DE CONSTATATION DES IMPOTS ET DES DOMAINES NF REF,60,AGENTS D'ASSIETTE ET DE CONSTATATION DES IMPOTS ET DES DOMAINES NF REF,"10_SG","7_SG",NON_FONCT,AGENTS D'ASSIETTE ET DE CONSTATATION DES IMPOTS ET DES DOMAINES NF REF
"16750",AGENTS D'ASSIETTE C3 NF,60,AGENTS D'ASSIETTE C3 NF,"11_SG","7_SG",NON_FONCT,AGENTS D'ASSIETTE C3 NF
"169_SG",AGENTS ADMINISTRATIF,60,Agents administratif,"8_SG","1_SG",FONCT,AGENTS ADMINISTRATIF
"16950",AGENTS DE CONSTATATION DES IMPOTS ET DES DOMAINES NF,60,AGENTS DE CONSTATATION DES IMPOTS ET DES DOMAINES NF,"14_SG","7_SG",NON_FONCT,AGENTS DE CONSTATATION DES IMPOTS ET DES DOMAINES NF
"17_SG",CHANCELIERS,60,Chanceliers,"1_SG","4_SG",FONCT,CHANCELIER
"170_SG",ADJOINTS INTENDANTS,60,Adjoints intendants,"8_SG","1_SG",FONCT,ADJOINTS INTENDANT
"17025",INSPECTEURS DU TRESOR A1,60,INSPECTEURS DU TRESOR A1,"1_SG","8_SG",FONCT,INSPECTEURS DU TRESOR A1
"17026",INSPECTEURS DU TRESOR NF REF,60,INSPECTEURS DU TRESOR NF REF,"1_SG","8_SG",NON_FONCT,INSPECTEURS DU TRESOR NF REF
"171_SG",ADJOINTES D'ECONOMAT,60,Adjointes d'Economat,"8_SG","1_SG",FONCT,ADJOINTES D'ECONOMAT
"17201",INSPECTEURS ADJOINTS DU TRESOR A3,60,INSPECTEURS ADJOINTS DU TRESOR A3,"3_SG","8_SG",FONCT,INSPECTEURS ADJOINTS DU TRESOR A3
"17202",INSPECTEURS ADJOINTS DU TRESOR NF REF,60,INSPECTEURS ADJOINTS DU TRESOR NF REF,"3_SG","8_SG",NON_FONCT,INSPECTEURS ADJOINTS DU TRESOR NF REF
"17351",CONTROLEURS DU TRESOR B2,60,CONTROLEURS DU TRESOR B2,"6_SG","8_SG",FONCT,CONTROLEURS DU TRESOR B2
"17352",CONTROLEURS DU TRESOR NF REF,60,CONTROLEURS DU TRESOR NF REF,"6_SG","8_SG",NON_FONCT,CONTROLEURS DU TRESOR NF REF
"174_SG",COMPTABLES B4,60,COMPTABLES B4,"11_SG","1_SG",FONCT,COMPTABLES B4
"177_SG",AGENTS D'ADMINISTRATION NF REF,60,Agents d'administration NF REF,"14_SG","1_SG",NON_FONCT,AGENTS D'ADMINISTRATION NF REF
"17701",AGENTS DE RECOUVREMENT DU TRESOR C2,60,AGENTS DE RECOUVREMENT DU TRESOR C2,"10_SG","8_SG",FONCT,AGENTS DE RECOUVREMENT DU TRESOR C2
"17702",AGENTS DE RECOUVREMENT C2 NF REF,60,AGENTS DE RECOUVREMENT C2 NF REF,"10_SG","8_SG",NON_FONCT,AGENTS DE RECOUVREMENT C2 NF REF
"17752",AGENTS DE RECOUVREMENT C3 NF REF,60,AGENTS DE RECOUVREMENT C3 NF REF,"11_SG","8_SG",NON_FONCT,AGENTS DE RECOUVREMENT C3 NF REF
"17756",CALCULATEURS C3 NF,60,CALCULATEURS D3 NF,"11_SG","8_SG",NON_FONCT,CALCULATEURS C3 NF
"17950",CALCULATEURS D3 NF,60,CALCULATEURS D3 NF,"14_SG","8_SG",NON_FONCT,CALCULATEURS D3 NF
"17952",AGENTS DE POURSUITE NF,60,AGENTS DE POURSUITE NF,"14_SG","8_SG",NON_FONCT,AGENTS DE POURSUITE NF
"182_SG",AGENTS DU CONTROLE ECONOMIQUE,60,Agents du Contrôle Economique,"14_SG","3_SG",FONCT,AGENTS DU CONTROLE ECONOMIQUE
"184_SG",AGENTS D’IMPRIMERIE,60,Agents d’Imprimerie,"14_SG","5_SG",FONCT,AGENTS D’IMPRIMERIE
"186_SG","SOUS-ARCHIVISTES, SOUS-BIBLIOTHÉCAIRES ET SOUS-DOCUMENTALISTES NF REF",60,"sous-archivistes, sous-bibliothécaires et sous-documentalistes NF REF","14_SG","6_SG",NON_FONCT,"SOUS-ARCHIVISTES, SOUS-BIBLIOTHÉCAIRES ET SOUS-DOCUMENTALISTES NF REF"
"189_SG",AGENTS D’ASSIETTE NF,60,agents d’assiette NF,"11_SG","7_SG",NON_FONCT,AGENTS D’ASSIETTE NF
"191_SG",AGENTS DE POURSUITE,60,Agents de Poursuite,"11_SG","8_SG",FONCT,AGENTS DE POURSUITE
"197_SG",INGENIEURS DES TRAVAUX PLANIFICATION NF REF,60,Ingénieurs des Travaux Planification NF REF,"5_SG","9_SG",NON_FONCT,INGENIEURS DES TRAVAUX PLANIFICATION NF REF
"2_SG",PRESIDENTS,60,Présidents,"2_SG","1_SG",FONCT,PRESIDENT
"20_SG","ARCHIVISTES, BIBLIOTHECAIRES, DOCUMENTALISTES",60,"Archivistes, bibliothécaires, documentalistes","6_SG","6_SG",FONCT,"ARCHIVISTES, BIBLIOTHECAIRES, DOCUMENTALISTE"
"20025",CONSEILLERS EN PLANIFICATION A1,60,CONSEILLERS EN PLANIFICATION A1,"1_SG","9_SG",FONCT,CONSEILLERS EN PLANIFICATION A1
"20026",CONSEILLERS EN PLANIFICATION NF REF,60,CONSEILLERS EN PLANIFICATION NF REF,"1_SG","9_SG",NON_FONCT,CONSEILLERS EN PLANIFICATION NF REF
"20101",PLANIFICATEURS A2,60,PLANIFICATEURS A2,"2_SG","9_SG",FONCT,PLANIFICATEURS A2
"20102",PLANIFICATEURS NF REF,60,PLANIFICATEURS NF REF,"2_SG","9_SG",NON_FONCT,PLANIFICATEURS NF REF
"20201",ECONOMISTES A3,60,ECONOMISTES A3,"3_SG","9_SG",FONCT,ECONOMISTES A3
"20202",ECONOMISTES NF REF,60,ECONOMISTES NF REF,"3_SG","9_SG",NON_FONCT,ECONOMISTES NF REF
"20301",INGENIEURS DES TRAVAUX DE LA PLANIFICATION B1,60,INGENIEURS DES TRAVAUX DE LA PLANIFICATION B1,"5_SG","9_SG",FONCT,INGENIEURS DES TRAVAUX DE LA PLANIFICATION B1
"20302",INGENIEURS DES TRAVAUX DE LA PLANIFICATION NF REF,60,INGENIEURS DES TRAVAUX DE LA PLANIFICATION NF REF,"5_SG","9_SG",NON_FONCT,INGENIEURS DES TRAVAUX DE LA PLANIFICATION NF REF
"205_SG",SECRETAIRES DES GREFFES ET  PARQUETS NF,60,Secrétaires des greffes et  parquets NF,"8_SG","11_SG",NON_FONCT,SECRETAIRES DES GREFFES ET  PARQUETS NF
"21024",INGENIEURS DE LA STATISTIQUE ET DE LA DEMOGRAPHIE NF REF,60,INGENIEURS DE LA STATISTIQUE ET DE LA DEMOGRAPHIE NF REF,"1_SG","10_SG",NON_FONCT,INGENIEURS DE LA STATISTIQUE ET DE LA DEMOGRAPHIE NF REF
"21025",INGENIEURS DE LA STATISTIQUE ET DE LA DEMOGRAPHIE A1,60,INGENIEURS DE LA STATISTIQUE ET DE LA DEMOGRAPHIE A1,"1_SG","10_SG",FONCT,INGENIEURS DE LA STATISTIQUE ET DE LA DEMOGRAPHIE A1
"21026",INGENIEURS STATISTICIENS NF REF,60,INGENIEURS STATISTICIENS NF REF,"1_SG","10_SG",NON_FONCT,INGENIEURS STATISTICIENS NF REF
"21027",INGENIEURS DEMOGRAPHES A2,60,INGENIEURS DEMOGRAPHES A2,"2_SG","10_SG",FONCT,INGENIEURS DEMOGRAPHES A2
"211_SG",TECHNICIENS TP NF,60,TECHNICIENS TP NF,"8_SG","12_SG",NON_FONCT,TECHNICIENS TP NF
"21102",INGENIEURS DEMOGRAPHES NF REF,60,INGENIEURS DEMOGRAPHES NF REF,"2_SG","10_SG",NON_FONCT,INGENIEURS DEMOGRAPHES NF REF
"21203",INGENIEURS DES TRAVAUX DE LA STATISTIQUE ET DE LA DEMOGRAPHIE A3,60,INGENIEURS DES TRAVAUX DE LA STATISTIQUE ET DE LA DEMOGRAPHIE A3,"3_SG","10_SG",FONCT,INGENIEURS DES TRAVAUX DE LA STATISTIQUE ET DE LA DEMOGRAPHIE A3
"21204",INGENIEURS DES TRAVAUX DE LA STATISTIQUE ET DE LA DEMOGRAPHIE A3 NF REF,60,INGENIEURS DES TRAVAUX DE LA STATISTIQUE ET DE LA DEMOGRAPHIE A3 NF REF,"3_SG","10_SG",NON_FONCT,INGENIEURS DES TRAVAUX DE LA STATISTIQUE ET DE LA DEMOGRAPHIE A3 NF REF
"213_SG",OUVRIERS SURVEILLANTS DES TP NF,60,OUVRIERs SURVEILLANTs DES TP NF,"11_SG","12_SG",NON_FONCT,OUVRIERS SURVEILLANTS DES TP NF
"21300",INGENIEURS DES TRAVAUX STATISTIQUES B1 NF,60,INGENIEURS DES TRAVAUX STATISTIQUES B1 NF,"5_SG","10_SG",NON_FONCT,INGENIEURS DES TRAVAUX STATISTIQUES B1 NF
"21301",INGENIEURS DES TRAVAUX DE LA STATISTIQUE ET DE LA DEMOGRAPHIE B1,60,INGENIEURS DES TRAVAUX DE LA STATISTIQUE ET DE LA DEMOGRAPHIE B1,"5_SG","10_SG",FONCT,INGENIEURS DES TRAVAUX DE LA STATISTIQUE ET DE LA DEMOGRAPHIE B1
"21350",INGENIEURS DES TRAVAUX STATISTIQUES B2 NF,60,INGENIEURS DES TRAVAUX STATISTIQUES B2 NF,"6_SG","10_SG",NON_FONCT,INGENIEURS DES TRAVAUX STATISTIQUES B2 NF
"21352",TECHNICIENS SUPERIEURS STATISTIQUES NF,60,TECHNICIENS SUPERIEURS STATISTIQUES NF,"6_SG","10_SG",NON_FONCT,TECHNICIENS SUPERIEURS STATISTIQUES NF
"214_SG",CARTOGRAPHES NF,60,Cartographes NF,"11_SG","12_SG",NON_FONCT,CARTOGRAPHES NF
"21555",AGENTS TECHNIQUES DE LA STATISTIQUE B4,60,AGENTS TECHNIQUES DE LA STATISTIQUE B4,"8_SG","10_SG",FONCT,AGENTS TECHNIQUES DE LA STATISTIQUE B4
"21556",AGENTS TECHNIQUES DE LA STATISTIQUE NF REF,60,AGENTS TECHNIQUES DE LA STATISTIQUE NF REF,"8_SG","10_SG",NON_FONCT,AGENTS TECHNIQUES DE LA STATISTIQUE NF REF
"21752",AGENTS TECHNIQUES DE LA STATISTIQUE NF,60,AGENTS TECHNIQUES DE LA STATISTIQUE NF,"14_SG","10_SG",NON_FONCT,AGENTS TECHNIQUES DE LA STATISTIQUE NF
"220_SG",INGENIEURS  GEOGRAPHES CARTOGRAPHES A1 NF REF,60,INGENIEURs  GEOGRAPHEs CARTOGRAPHEs A1 NF REF,"1_SG","13_SG",NON_FONCT,INGENIEURS  GEOGRAPHES CARTOGRAPHES A1 NF REF
"22001",GREFFIERS B2,60,GREFFIERS B2,"6_SG","11_SG",FONCT,GREFFIERS B2
"22002",GREFFIERS EN CHEF B1,60,GREFFIERS EN CHEF B1,"5_SG","11_SG",FONCT,GREFFIERS EN CHEF B1
"22003",EDUCATEURS SPECIALISES B1,60,EDUCATEURS SPECIALISES B1,"5_SG","11_SG",FONCT,EDUCATEURS SPECIALISES B1
"22004",INTERPRETES JUDICIAIRES B2,60,INTERPRETES JUDICIAIRES B2,"6_SG","11_SG",FONCT,INTERPRETES JUDICIAIRES B2
"22005",GREFFIERS A2 NF REF,60,GREFFIERS A2,"2_SG","11_SG",NON_FONCT,GREFFIERS A2 NF REF
"22006",JURISTES-CONSEILS A1,60,JURISTES-CONSEILS A1,"1_SG","67-SG",FONCT,JURISTES-CONSEILS A1
"22007",JURISTES-CONSEILS A2,60,JURISTES-CONSEILS A2,"2_SG","67-SG",FONCT,JURISTES-CONSEILS A2
"22008",JURISTES-CONSEILS A3,60,JURISTES-CONSEILS A3,"3_SG","67-SG",FONCT,JURISTES-CONSEILS A3
"22009",JURISTES-CONSEILS ASSISTANTS B1,60,JURISTES-CONSEILS ASSISTANTS B1,"5_SG","67-SG",FONCT,JURISTES-CONSEILS ASSISTANTS B1
"22010",AGENTS TECHNIQUES DES AFFAIRES JURIDIQUES B4,60,AGENTS TECHNIQUES DES AFFAIRES JURIDIQUES B4,"8_SG","67-SG",FONCT,AGENTS TECHNIQUES DES AFFAIRES JURIDIQUES B4
"22029",ADMINISTRATEURS DES GREFFES A1,60,ADMINISTRATEURS DES GREFFES A1,"1_SG","11_SG",FONCT,ADMINISTRATEURS DES GREFFES A1
"221_SG",INGENIEURS  GEOGRAPHES CARTOGRAPHES A2 NF REF,60,INGENIEURs  GEOGRAPHEs CARTOGRAPHEs A2 NF REF,"2_SG","13_SG",NON_FONCT,INGENIEURS  GEOGRAPHES CARTOGRAPHES A2 NF REF
"223_SG","INGENIEURS  TOPOGRAPHES, INSPECTEURS DU CADASTRE, INGENIEURS GEOMETRES NF",60,"INGENIEURs  TOPOGRAPHEs, INSPECTEURs DU CADASTRE, INGENIEURs GEOMETREs NF","3_SG","14_SG",NON_FONCT,"INGENIEURS  TOPOGRAPHES, INSPECTEURS DU CADASTRE, INGENIEURS GEOMETRES NF"
"23021",INGENIEURS DES TRAVAUX PUBLICS OU DES TRANSPORTS AS,60,INGENIEURS DES TRAVAUX PUBLICS OU DES TRANSPORTS AS,"4_SG","12_SG",FONCT,INGENIEURS DES TRAVAUX PUBLICS OU DES TRANSPORTS A
"23022",INGENIEURS DES TRAVAUX PUBLICS OU DES TRANSPORTS AS NF REF,60,INGENIEURS DES TRAVAUX PUBLICS OU DES TRANSPORTS AS NF REF,"4_SG","12_SG",NON_FONCT,INGENIEURS DES TRAVAUX PUBLICS OU DES TRANSPORTS AS NF REF
"23025",INGENIEURS DES TRAVAUX PUBLICS OU DES TRANSPORTS A1,60,INGENIEURS DES TRAVAUX PUBLICS OU DES TRANSPORTS A1,"1_SG","12_SG",FONCT,INGENIEURS DES TRAVAUX PUBLICS OU DES TRANSPORTS A1
"23026",INGENIEURS DES TRAVAUX PUBLICS OU DES TRANSPORTS A1 NF REF,60,INGENIEURS DES TRAVAUX PUBLICS OU DES TRANSPORTS A1 NF REF,"1_SG","12_SG",NON_FONCT,INGENIEURS DES TRAVAUX PUBLICS OU DES TRANSPORTS A1 NF REF
"23101",INGENIEURS DES TRAVAUX PUBLICS OU DES TRANSPORTS A2,60,INGENIEURS DES TRAVAUX PUBLICS OU DES TRANSPORTS A2,"2_SG","12_SG",FONCT,INGENIEURS DES TRAVAUX PUBLICS OU DES TRANSPORTS A2
"23102",INGENIEURS DES TRAVAUX PUBLICS OU DES TRANSPORTS A2 NF REF,60,INGENIEURS DES TRAVAUX PUBLICS OU DES TRANSPORTS A2 NF REF,"2_SG","12_SG",NON_FONCT,INGENIEURS DES TRAVAUX PUBLICS OU DES TRANSPORTS A2 NF REF
"23201",INGENIEURS DES TRAVAUX PUBLICS OU DES TRANSPORTS A3,60,INGENIEURS DES TRAVAUX PUBLICS OU DES TRANSPORTS A3,"3_SG","12_SG",FONCT,INGENIEURS DES TRAVAUX PUBLICS OU DES TRANSPORTS A3
"23202",INGENIEURS DES TRAVAUX PUBLICS OU DES TRANSPORTS A3 NF REF,60,INGENIEURS DES TRAVAUX PUBLICS OU DES TRANSPORTS A3 NF REF,"3_SG","12_SG",NON_FONCT,INGENIEURS DES TRAVAUX PUBLICS OU DES TRANSPORTS A3 NF REF
"233_SG","TECHNICIENS SUPERIEURS  ARCHITECTES, URBANISTES, HORTICOLES, PAYSAGISTES, AMÉNAGISTES NF REF",60,"Techniciens Supérieurs  architectes, urbanistes, horticoles, paysagistes, aménagistes NF REF","6_SG","15_SG",NON_FONCT,"TECHNICIENS SUPERIEURS  ARCHITECTES, URBANISTES, HORTICOLES, PAYSAGISTES, AMÉNAGISTES NF REF"
"23350",TECHNICIENS SUPERIEURS  DES TRAVAUX PUBLICS OU DES TRANSPORTS NF REF,60,TECHNICIENS SUPERIEURS  DES TRAVAUX PUBLICS OU DES TRANSPORTS NF REF,"6_SG","12_SG",NON_FONCT,TECHNICIENS SUPERIEURS  DES TRAVAUX PUBLICS OU DES TRANSPORTS NF REF
"23351",TECHNICIENS SUPERIEURS DES TRAVAUX PUBLICS OU DES TRANSPORTS B2,60,TECHNICIENS SUPERIEURS DES TRAVAUX PUBLICS OU DES TRANSPORTS B2,"6_SG","12_SG",FONCT,TECHNICIENS SUPERIEURS DES TRAVAUX PUBLICS OU DES TRANSPORTS B2
"23352",TECHNICIENS SUPERIEURS EN MAINTENANCE NF,60,TECHNICIENS SUPERIEURS EN MAINTENANCE NF,"6_SG","12_SG",NON_FONCT,TECHNICIENS SUPERIEURS EN MAINTENANCE NF
"23451",CONDUCTEURS DES TRAVAUX PUBLICS ET TECHNICIENS DES TRANSPORTS B4,60,CONDUCTEURS DES TRAVAUX PUBLICS ET TECHNICIENS DES TRANSPORTS B4,"7_SG","12_SG",FONCT,CONDUCTEURS DES TRAVAUX PUBLICS ET TECHNICIENS DES TRANSPORTS B4
"23452",CONDUCTEURS DES TRAVAUX PUBLICS ET TECHNICIENS DES TRANSPORTS NF REF,60,CONDUCTEURS DES TRAVAUX PUBLICS ET TECHNICIENS DES TRANSPORTS NF REF,"7_SG","12_SG",NON_FONCT,CONDUCTEURS DES TRAVAUX PUBLICS ET TECHNICIENS DES TRANSPORTS NF REF
"23550",PROJETEURS  DES TRAVAUX PUBLICS NF REF,60,PROJETEURS  DES TRAVAUX PUBLICS NF REF,"8_SG","12_SG",NON_FONCT,PROJETEURS  DES TRAVAUX PUBLICS NF REF
"23551",PROJETEURS  DES TRAVAUX PUBLICS B4,60,PROJETEURS  DES TRAVAUX PUBLICS B4,"8_SG","12_SG",FONCT,PROJETEURS  DES TRAVAUX PUBLICS B4
"23552",TECHNICIENS  DES TRAVAUX PUBLICS  NF,60,TECHNICIENS  DES TRAVAUX PUBLICS  NF,"8_SG","12_SG",NON_FONCT,TECHNICIENS  DES TRAVAUX PUBLICS  NF
"23703",OUVRIERS ET SURVEILLANTS DES TRAVAUX PUBLICS OU DES TRANSPORTS C2,60,OUVRIERS ET SURVEILLANTS DES TRAVAUX PUBLICS OU DES TRANSPORTS C2,"10_SG","12_SG",FONCT,OUVRIERS ET SURVEILLANTS DES TRAVAUX PUBLICS OU DES TRANSPORTS C2
"23704",OUVRIERS ET SURVEILLANTS DES TRAVAUX PUBLICS OU DES TRANSPORTS NF REF,60,OUVRIERS ET SURVEILLANTS DES TRAVAUX PUBLICS OU DES TRANSPORTS NF REF,"10_SG","12_SG",NON_FONCT,OUVRIERS ET SURVEILLANTS DES TRAVAUX PUBLICS OU DES TRANSPORTS NF REF
"23751",DESSINATEURS DES TRAVAUX PUBLICS C3,60,DESSINATEURS DES TRAVAUX PUBLICS C3,"11_SG","12_SG",FONCT,DESSINATEURS DES TRAVAUX PUBLICS C3
"23752",DESSINATEURS DES TRAVAUX PUBLICS NF REF,60,DESSINATEURS DES TRAVAUX PUBLICS NF REF,"11_SG","12_SG",NON_FONCT,DESSINATEURS DES TRAVAUX PUBLICS NF REF
"23754",OUVRIERS SURVEILLANTS DES TRAVAUX PUBLICS ,60,OUVRIERS SURVEILLANTS DES TRAVAUX PUBLICS ,"11_SG","12_SG",FONCT,OUVRIERS SURVEILLANTS DES TRAVAUX PUBLICS 
"23851",CHAUFFEURS ET CONDUCTEURS D'ENGINS DES TRAVAUX PUBLICS,60,CHAUFFEURS ET CONDUCTEURS D'ENGINS DES TRAVAUX PUBLICS,"12_SG","12_SG",FONCT,CHAUFFEURS ET CONDUCTEURS D'ENGINS DES TRAVAUX PUBLIC
"23854",CHAUFFEURS ET CONDUCTEURS D'ENGINS DES TRAVAUX PUBLICS D1 NF,60,CHAUFFEURS ET CONDUCTEURS D'ENGINS DES TRAVAUX PUBLICS D1 NF,"12_SG","12_SG",NON_FONCT,CHAUFFEURS ET CONDUCTEURS D'ENGINS DES TRAVAUX PUBLICS D1 NF
"239_SG",INGENIEURS DES MINES A1  NF REF,60,INGENIEURs DES MINES A1  NF REF,"1_SG","17_SG",NON_FONCT,INGENIEURS DES MINES A1  NF REF
"23900",CHAUFFEURS ET CONDUCTEURS D'ENGINS DES TRAVAUX PUBLICS D2 NF,60,CHAUFFEURS ET CONDUCTEURS D'ENGINS DES TRAVAUX PUBLICS D2 NF,"13_SG","12_SG",NON_FONCT,CHAUFFEURS ET CONDUCTEURS D'ENGINS DES TRAVAUX PUBLICS D2 NF
"23902",OUVRIERS  DES TRAVAUX PUBLICS  D2 NF,60,OUVRIERS  DES TRAVAUX PUBLICS  D2 NF,"13_SG","12_SG",NON_FONCT,OUVRIERS  DES TRAVAUX PUBLICS  D2 NF
"23950",CHAUFFEURS ET CONDUCTEURS D'ENGINS DES TRAVAUX PUBLICS D3 NF,60,CHAUFFEURS ET CONDUCTEURS D'ENGINS DES TRAVAUX PUBLICS D3 NF,"14_SG","12_SG",NON_FONCT,CHAUFFEURS ET CONDUCTEURS D'ENGINS DES TRAVAUX PUBLICS D3 NF
"23952",OUVRIERS  DES TRAVAUX PUBLICS  D3 NF,60,OUVRIERS  DES TRAVAUX PUBLICS  D3 NF,"14_SG","12_SG",NON_FONCT,OUVRIERS  DES TRAVAUX PUBLICS  D3 NF
"240_SG",INGENIEURS DES MINES A2 NF REF,60,INGENIEURs DES MINES A2 NF REF,"2_SG","17_SG",NON_FONCT,INGENIEURS DES MINES A2 NF REF
"24026",INGENIEURS GEOGRAPHES CARTOGRAPHES A1 NF,60,INGENIEURS GEOGRAPHES CARTOGRAPHES A1 NF,"1_SG","13_SG",NON_FONCT,INGENIEURS GEOGRAPHES CARTOGRAPHES A1 NF
"24027",INGENIEURS GEOGRAPHES A1,60,INGENIEURS GEOGRAPHES A1,"1_SG","13_SG",FONCT,INGENIEURS GEOGRAPHES A1
"24028",INGENIEURS GEOGRAPHES NF REF,60,INGENIEURS GEOGRAPHES NF REF,"1_SG","13_SG",NON_FONCT,INGENIEURS GEOGRAPHES NF REF
"24029",GEOGRAPHES NF,60,GEOGRAPHES NF,"2_SG","13_SG",NON_FONCT,GEOGRAPHES NF
"24101",INGENIEURS GEOGRAPHES ET CARTOGRAPHES A2,60,INGENIEURS GEOGRAPHES ET CARTOGRAPHES A2,"2_SG","13_SG",FONCT,INGENIEURS GEOGRAPHES ET CARTOGRAPHES A2
"24102",INGENIEURS GEOGRAPHES ET CARTOGRAPHES NF REF ,60,INGENIEURS GEOGRAPHES ET CARTOGRAPHES NF REF ,"2_SG","13_SG",NON_FONCT,INGENIEURS GEOGRAPHES ET CARTOGRAPHES NF REF 
"242_SG","TECHNICIENS. SUP. MINES, GEOLOGIE ET INDUSTRIE NF",60,"TECHNICIENS. SUP. MINES, GEOLOGIE ET INDUSTRIE NF","6_SG","17_SG",NON_FONCT,"TECHNICIENS. SUP. MINES, GEOLOGIE ET INDUSTRIE NF"
"24202",INGENIEURS GEOGRAPHES ET CARTOGRAPHES A3 NF,60,INGENIEURS GEOGRAPHES ET CARTOGRAPHES A3 NF,"3_SG","13_SG",NON_FONCT,INGENIEURS GEOGRAPHES ET CARTOGRAPHES A3 NF
"243_SG",TECHNICIENS  SUPERIEURS TELECOMMUNICATIONS B1 NF,60,Techniciens  Supérieurs Télécommunications B1 NF,"5_SG","18_SG",NON_FONCT,TECHNICIENS  SUPERIEURS TELECOMMUNICATIONS B1 NF
"24351",TECHNICIENS SUPERIEURS GEOGRAPHES ET CARTOGRAPHES B2,60,TECHNICIENS SUPERIEURS GEOGRAPHES ET CARTOGRAPHES B2,"6_SG","13_SG",FONCT,TECHNICIENS SUPERIEURS GEOGRAPHES ET CARTOGRAPHES B2
"24352",TECHNICIENS SUPERIEURS GEOGRAPHES ET CARTOGRAPHES NF REF,60,TECHNICIENS SUPERIEURS GEOGRAPHES ET CARTOGRAPHES NF REF,"6_SG","13_SG",NON_FONCT,TECHNICIENS SUPERIEURS GEOGRAPHES ET CARTOGRAPHES NF REF
"244_SG",TECHNICIENS  SUPERIEURS TELECOMMUNICATIONS B2 NF,60,Techniciens  Supérieurs Télécommunications B2 NF,"6_SG","18_SG",NON_FONCT,TECHNICIENS  SUPERIEURS TELECOMMUNICATIONS B2 NF
"24553",TECHNICIENS GEOGRAPHES B4,60,TECHNICIENS GEOGRAPHES B4,"8_SG","13_SG",FONCT,TECHNICIENS GEOGRAPHES B4
"24554",TECHNICIENS GEOGRAPHES NF REF,60,TECHNICIENS GEOGRAPHES NF REF,"8_SG","13_SG",NON_FONCT,TECHNICIENS GEOGRAPHES NF REF
"24555",TECHNICIENS SUPERIEURS EN GESTION DES COLLECTIVITES LOCALES NF,60,"TECHNICIENS SUPERIEURS EN GESTION DES COLLECTIVITES LOCALES NF


","6_SG","15_SG",NON_FONCT,TECHNICIENS SUPERIEURS EN GESTION DES COLLECTIVITES LOCALES NF
"24556",TECHNICIENS SUPERIEURS EN COMMERCE INTERNATIONAL NF ,60,"TECHNICIENS SUPERIEURS EN COMMERCE INTERNATIONAL NF 

","6_SG","35_SG",NON_FONCT,TECHNICIENS SUPERIEURS EN COMMERCE INTERNATIONAL NF 
"24557",TECHNICIENS SUPERIEURS EN AUTOMATISME NF,60,TECHNICIENS SUPERIEURS EN AUTOMATISME NF,"6_SG","35_SG",NON_FONCT,TECHNICIENS SUPERIEURS EN AUTOMATISME NF
"24651",DESSINATEURS CARTOGRAPHES C1,60,DESSINATEURS CARTOGRAPHES C1,"9_SG","13_SG",FONCT,DESSINATEURS CARTOGRAPHES C1
"24652",DESSINATEURS CARTOGRAPHES NF REF,60,DESSINATEURS CARTOGRAPHES NF REF,"9_SG","13_SG",NON_FONCT,DESSINATEURS CARTOGRAPHES NF REF
"25027",INGENIEURS TOPOGRAPHES A1,60,INGENIEURS TOPOGRAPHES A1,"1_SG","14_SG",FONCT,INGENIEURS TOPOGRAPHES A1
"25028",INGENIEURS TOPOGRAPHES NF REF,60,INGENIEURS TOPOGRAPHES NF REF,"1_SG","14_SG",NON_FONCT,INGENIEURS TOPOGRAPHES NF REF
"25100","INGENIEURS TOPOGRAPHES, INSPECTEURS DU CADASTRE NF REF",60,"INGENIEURS TOPOGRAPHES, INSPECTEURS DU CADASTRE NF REF","2_SG","14_SG",NON_FONCT,"INGENIEURS TOPOGRAPHES, INSPECTEURS DU CADASTRE NF REF"
"25101","INGENIEURS TOPOGRAPHES, INGENIEURS GEOMETRE ET INSPECTEURS DU CADASTRE A2",60,"INGENIEURS TOPOGRAPHES, INGENIEURS GEOMETRE ET INSPECTEURS DU CADASTRE A2","2_SG","14_SG",FONCT,"INGENIEURS TOPOGRAPHES, INGENIEURS GEOMETRE ET INSPECTEURS DU CADASTRE A2"
"25102","INGENIEURS TOPOGRAPHES, INGENIEURS GEOMETRE ET INSPECTEURS DU CADASTRE NF REF",60,"INGENIEURS TOPOGRAPHES, INGENIEURS GEOMETRE ET INSPECTEURS DU CADASTRE NF REF","2_SG","14_SG",NON_FONCT,"INGENIEURS TOPOGRAPHES, INGENIEURS GEOMETRE ET INSPECTEURS DU CADASTRE NF REF"
"25201",INGENIEURS TOPOGRAPHES ET INSPECTEURS DU CADASTRE A3,60,INGENIEURS TOPOGRAPHES ET INSPECTEURS DU CADASTRE A3,"3_SG","14_SG",FONCT,INGENIEURS TOPOGRAPHES ET INSPECTEURS DU CADASTRE A3
"25202",INGENIEURS TOPOGRAPHES ET INSPECTEURS DU CADASTRE NF REF,60,INGENIEURS TOPOGRAPHES ET INSPECTEURS DU CADASTRE NF REF,"3_SG","14_SG",NON_FONCT,INGENIEURS TOPOGRAPHES ET INSPECTEURS DU CADASTRE NF REF
"25350",TECHNICIENS SUPERIEURS CADASTRE NF,60,TECHNICIENS SUPERIEURS CADASTRE NF,"6_SG","14_SG",NON_FONCT,TECHNICIENS SUPERIEURS CADASTRE NF
"25353",TECHNICIENS SUPERIEURS TOPOGRAPHES B2,60,TECHNICIENS SUPERIEURS TOPOGRAPHES B2,"6_SG","14_SG",FONCT,TECHNICIENS SUPERIEURS TOPOGRAPHES B2
"25354",TECHNICIENS SUPERIEURS TOPOGRAPHES NF REF,60,TECHNICIENS SUPERIEURS TOPOGRAPHES NF REF,"6_SG","14_SG",NON_FONCT,TECHNICIENS SUPERIEURS TOPOGRAPHES NF REF
"25550",TECHNICIENS CADASTRE NF,60,TECHNICIENS CADASTRE NF,"8_SG","14_SG",NON_FONCT,TECHNICIENS CADASTRE NF
"25751",AGENTS TECHNIQUES ET DESSINATEURS TOPOGRAPHES C3,60,AGENTS TECHNIQUES ET DESSINATEURS TOPOGRAPHES C3,"11_SG","14_SG",FONCT,AGENTS TECHNIQUES ET DESSINATEURS TOPOGRAPHES C3
"25752",AGENTS TECHNIQUES ET DESSINATEURS TOPOGRAPHES NF REF,60,AGENTS TECHNIQUES ET DESSINATEURS TOPOGRAPHES NF REF,"11_SG","14_SG",NON_FONCT,AGENTS TECHNIQUES ET DESSINATEURS TOPOGRAPHES NF REF
"259_SG",AIDES SOCIAUX ADJ NF REF,60,Aides sociaux ADJ NF REF,"8_SG","20_SG",NON_FONCT,AIDES SOCIAUX ADJ NF REF
"26025","ARCHITECTES, URBANISTES, AMENAGISTES, HORTICULTEURS ET PAYSAGISTES A1",60,"ARCHITECTES, URBANISTES, AMENAGISTES, HORTICULTEURS ET PAYSAGISTES A1","1_SG","15_SG",FONCT,"ARCHITECTES, URBANISTES, AMENAGISTES, HORTICULTEURS ET PAYSAGISTES A1"
"26026","ARCHITECTES, URBANISTES, AMENAGISTES, HORTICULTEURS ET PAYSAGISTES A1 NF REF",60,"ARCHITECTES, URBANISTES, AMENAGISTES, HORTICULTEURS ET PAYSAGISTES A1 NF REF","1_SG","15_SG",NON_FONCT,"ARCHITECTES, URBANISTES, AMENAGISTES, HORTICULTEURS ET PAYSAGISTES A1 NF REF"
"26028","ECOLOGISTES, ENVIRONNEMENTALISTES A1 NF",60,"ECOLOGISTES, ENVIRONNEMENTALISTES A1 NF","1_SG","15_SG",NON_FONCT,"ECOLOGISTES, ENVIRONNEMENTALISTES A1 NF"
"26101","ARCHITECTES, URBANISTES, AMENAGISTES, HORTICULTEURS ET PAYSAGISTES A2",60,"ARCHITECTES, URBANISTES, AMENAGISTES, HORTICULTEURS ET PAYSAGISTES A2","2_SG","15_SG",FONCT,"ARCHITECTES, URBANISTES, AMENAGISTES, HORTICULTEURS ET PAYSAGISTES A2"
"26102","ARCHITECTES, URBANISTES, AMENAGISTES, HORTICULTEURS ET PAYSAGISTES A2 NF REF",60,"ARCHITECTES, URBANISTES, AMENAGISTES, HORTICULTEURS ET PAYSAGISTES A2 NF REF","2_SG","15_SG",NON_FONCT,"ARCHITECTES, URBANISTES, AMENAGISTES, HORTICULTEURS ET PAYSAGISTES A2 NF REF"
"26104","ECOLOGISTES, ENVIRONNEMENTALISTES A2 NF",60,"ECOLOGISTES, ENVIRONNEMENTALISTES A2 NF","2_SG","15_SG",NON_FONCT,"ECOLOGISTES, ENVIRONNEMENTALISTES A2 NF"
"26201","ARCHITECTES, URBANISTES, AMENAGISTES, HORTICULTEURS ET PAYSAGISTES A3",60,"ARCHITECTES, URBANISTES, AMENAGISTES, HORTICULTEURS ET PAYSAGISTES A3","3_SG","15_SG",FONCT,"ARCHITECTES, URBANISTES, AMENAGISTES, HORTICULTEURS ET PAYSAGISTES A3"
"26202","ARCHITECTES, URBANISTES, AMENAGISTES, HORTICULTEURS ET PAYSAGISTES A3 NF REF",60,"ARCHITECTES, URBANISTES, AMENAGISTES, HORTICULTEURS ET PAYSAGISTES A3 NF REF","3_SG","15_SG",NON_FONCT,"ARCHITECTES, URBANISTES, AMENAGISTES, HORTICULTEURS ET PAYSAGISTES A3 NF REF"
"26204","ECOLOGISTES, ENVIRONNEMENTALISTES A3 NF",60,"ECOLOGISTES, ENVIRONNEMENTALISTES A3 NF","3_SG","15_SG",NON_FONCT,"ECOLOGISTES, ENVIRONNEMENTALISTES A3 NF"
"26301","ARCHITECTES, URBANISTES, AMENAGISTES, HORTICULTEURS ET PAYSAGISTES ADJOINTS B1",60,"ARCHITECTES, URBANISTES, AMENAGISTES, HORTICULTEURS ET PAYSAGISTES ADJOINTS B1","5_SG","15_SG",FONCT,"ARCHITECTES, URBANISTES, AMENAGISTES, HORTICULTEURS ET PAYSAGISTES ADJOINTS B1"
"26304",INGENIEURS TRAVAUX D'AMENAGEMENT NF,60,INGENIEURS TRAVAUX D'AMENAGEMENT NF,"5_SG","15_SG",NON_FONCT,INGENIEURS TRAVAUX D'AMENAGEMENT NF
"26350","TECHNICIENS SUPERIEURS, ARCHITECTES, URBANISTES, AMENAGISTES, HORTICULTEURS ET PAYSAGISTES NF REF",60,"TECHNICIENS SUPERIEURS, ARCHITECTES, URBANISTES, AMENAGISTES, HORTICULTEURS ET PAYSAGISTES NF REF","6_SG","15_SG",NON_FONCT,"TECHNICIENS SUPERIEURS, ARCHITECTES, URBANISTES, AMENAGISTES, HORTICULTEURS ET PAYSAGISTES NF REF"
"26351","TECHNICIENS SUPERIEURS, ARCHITECTES, URBANISTES, AMENAGISTES, HORTICULTEURS ET PAYSAGISTES B2",60,"TECHNICIENS SUPERIEURS, ARCHITECTES, URBANISTES, AMENAGISTES, HORTICULTEURS ET PAYSAGISTES B2","6_SG","15_SG",FONCT,"TECHNICIENS SUPERIEURS, ARCHITECTES, URBANISTES, AMENAGISTES, HORTICULTEURS ET PAYSAGISTES B2"
"26551",TECHNICIENS HORTICOLES ET PAYSAGISTES B4,60,TECHNICIENS HORTICOLES ET PAYSAGISTES B4,"8_SG","15_SG",FONCT,TECHNICIENS HORTICOLES ET PAYSAGISTES B4
"26552","TECHNICIENS HORTICOLES, PAYSAGISTES, ARCHITECTES NF",60,"TECHNICIENS HORTICOLES, PAYSAGISTES, ARCHITECTES NF","8_SG","15_SG",NON_FONCT,"TECHNICIENS HORTICOLES, PAYSAGISTES, ARCHITECTES NF"
"266_SG",AGENTS ASSAINISSEMENT,60,Agents assainissement,"12_SG","20_SG",FONCT,AGENTS ASSAINISSEMENT
"267_SG",AGENTS D’ENTRETIEN,60,Agents d’Entretien,"14_SG","20_SG",FONCT,AGENTS D’ENTRETIEN
"26700","AGENTS TECHNIQUES ARCHITECTES, URBANISTES, AMENAGISTES, HORTICULTEURS ET PAYSAGISTES NF REF",60,"AGENTS TECHNIQUES ARCHITECTES, URBANISTES, AMENAGISTES, HORTICULTEURS ET PAYSAGISTES NF REF","10_SG","15_SG",NON_FONCT,"AGENTS TECHNIQUES ARCHITECTES, URBANISTES, AMENAGISTES, HORTICULTEURS ET PAYSAGISTES NF REF"
"26701","AGENTS TECHNIQUES ARCHITECTES, URBANISTES, AMENAGISTES, HORTICULTEURS ET PAYSAGISTES C2",60,"AGENTS TECHNIQUES ARCHITECTES, URBANISTES, AMENAGISTES, HORTICULTEURS ET PAYSAGISTES C2","10_SG","15_SG",FONCT,"AGENTS TECHNIQUES ARCHITECTES, URBANISTES, AMENAGISTES, HORTICULTEURS ET PAYSAGISTES C2"
"26752",AGENTS TECHNIQUES HORTICOLES NF,60,AGENTS TECHNIQUES HORTICOLES NF,"11_SG","15_SG",NON_FONCT,AGENTS TECHNIQUES HORTICOLES NF
"268_SG",AGENTS DE DISTRIBUTION,60,Agents de distribution,"14_SG","20_SG",FONCT,AGENTS DE DISTRIBUTION
"26950",AGENTS TECHNIQUES D'HORTICULTURE NF,60,AGENTS TECHNIQUES D'HORTICULTURE NF,"14_SG","15_SG",NON_FONCT,AGENTS TECHNIQUES D'HORTICULTURE NF
"27_SG",INSPECTEURS ADJOINTS DU TRESOR,60,Inspecteurs Adjoints du Trésor,"1_SG","8_SG",FONCT,INSPECTEURS ADJOINTS DU TRESOR
"27025",INGENIEURS DE L'AERONAUTIQUE CIVILE A1,60,INGENIEURS DE L'AERONAUTIQUE CIVILE A1,"1_SG","16_SG",FONCT,INGENIEURS DE L'AERONAUTIQUE CIVILE A1
"27026",INGENIEURS EN NAVIGATION AERIENNE NF,60,INGENIEURS EN NAVIGATION AERIENNE NF,"1_SG","16_SG",NON_FONCT,INGENIEURS EN NAVIGATION AERIENNE NF
"27028",INGENIEURS DE L'AERONAUTIQUE CIVILE A1 NF REF,60,INGENIEURS DE L'AERONAUTIQUE CIVILE A1 NF REF,"1_SG","16_SG",NON_FONCT,INGENIEURS DE L'AERONAUTIQUE CIVILE A1 NF REF
"27101",INGENIEURS DE L'AERONAUTIQUE CIVILE A2,60,INGENIEURS DE L'AERONAUTIQUE CIVILE A2,"2_SG","16_SG",FONCT,INGENIEURS DE L'AERONAUTIQUE CIVILE A2
"27102",INGENIEURS DE L'AERONAUTIQUE CIVILE A2 NF REF,60,INGENIEURS DE L'AERONAUTIQUE CIVILE A2 NF REF,"2_SG","16_SG",NON_FONCT,INGENIEURS DE L'AERONAUTIQUE CIVILE A2 NF REF
"27351",TECHNICIENS SUPERIEURS DE L'AERONAUTIQUE CIVILE B2,60,TECHNICIENS SUPERIEURS DE L'AERONAUTIQUE CIVILE B2,"6_SG","16_SG",FONCT,TECHNICIENS SUPERIEURS DE L'AERONAUTIQUE CIVILE B2
"27352",TECHNICIENS SUPERIEURS EN AERONAUTIQUE CIVILE NF REF,60,TECHNICIENS SUPERIEURS EN AERONAUTIQUE CIVILE NF REF,"6_SG","16_SG",NON_FONCT,TECHNICIENS SUPERIEURS EN AERONAUTIQUE CIVILE NF REF
"275_SG",AGENTS TECHNIQUES D’ELEVAGE NF REF,60,Agents Techniques d’Elevage NF REF,"8_SG","21_SG",NON_FONCT,AGENTS TECHNIQUES D’ELEVAGE NF REF
"27701",AGENTS TECHNIQUES DE L'AERONAUTIQUE CIVILE C2,60,AGENTS TECHNIQUES DE L'AERONAUTIQUE CIVILE C2,"10_SG","16_SG",FONCT,AGENTS TECHNIQUES DE L'AERONAUTIQUE CIVILE C2
"27702",AGENTS TECHNIQUES DE L'AERONAUTIQUE CIVILE NF REF,60,AGENTS TECHNIQUES DE L'AERONAUTIQUE CIVILE NF REF,"10_SG","16_SG",NON_FONCT,AGENTS TECHNIQUES DE L'AERONAUTIQUE CIVILE NF REF
"279_SG",TECHNICIENS SUPERIEURS  DES PECHES NF REF,60,Techniciens Supérieurs  des pêches NF REF,"6_SG","22_SG",NON_FONCT,TECHNICIENS SUPERIEURS  DES PECHES NF REF
"28_SG",NON VALIDE CONTRÔLEURS DU TRESOR,60,Contrôleurs du Trésor,"4_SG","8_SG",FONCT,NON VALIDE CONTRÔLEURS DU TRESOR
"28025",INGENIEURS DES MINES ET DE LA GEOLOGIE A1,60,INGENIEURS DES MINES ET DE LA GEOLOGIE A1,"1_SG","17_SG",FONCT,INGENIEURS DES MINES ET DE LA GEOLOGIE A1
"28026",INGENIEURS DES MINES ET DE LA GEOLOGIE A1 NF REF,60,INGENIEURS DES MINES ET DE LA GEOLOGIE A1 NF REF,"1_SG","17_SG",NON_FONCT,INGENIEURS DES MINES ET DE LA GEOLOGIE A1 NF REF
"28101",INGENIEURS DES MINES ET DE LA GEOLOGIE A2,60,INGENIEURS DES MINES ET DE LA GEOLOGIE A2,"2_SG","17_SG",FONCT,INGENIEURS DES MINES ET DE LA GEOLOGIE A2
"28102",INGENIEURS DES MINES ET DE LA GEOLOGIE A2 NF REF,60,INGENIEURS DES MINES ET DE LA GEOLOGIE A2 NF REF,"2_SG","17_SG",NON_FONCT,INGENIEURS DES MINES ET DE LA GEOLOGIE A2 NF REF
"28202",INGENIEURS DES MINES A3 NF,60,INGENIEURS DES MINES A3 NF,"3_SG","17_SG",NON_FONCT,INGENIEURS DES MINES A3 NF
"283_SG",INGENIEURS DES EAUX ET FORETS NF REF,60,Ingénieurs des eaux et forets NF REF,"1_SG","23_SG",NON_FONCT,INGENIEURS DES EAUX ET FORETS NF REF
"28350","TECHNICIENS SUPERIEURS DES MINES, DE LA GEOLOGIE ET DE L'INDUSTRIE NF",60,"TECHNICIENS SUPERIEURS DES MINES, DE LA GEOLOGIE ET DE L'INDUSTRIE NF","6_SG","17_SG",NON_FONCT,"TECHNICIENS SUPERIEURS DES MINES, DE LA GEOLOGIE ET DE L'INDUSTRIE NF"
"284_SG","AGENTS TECHNIQUES EAUX, FORETS ET CHASSE C3 NF REF",60,"AGENTs TECHNIQUEs EAUX, FORETS ET CHASSE C3 NF REF","11_SG","23_SG",NON_FONCT,"AGENTS TECHNIQUES EAUX, FORETS ET CHASSE C3 NF REF"
"285_SG",AGENTS TECHNIQUES DES EAUX ET FORETS C2 NF REF,60,Agents Techniques des Eaux et Forêts C2 NF REF,"10_SG","23_SG",NON_FONCT,AGENTS TECHNIQUES DES EAUX ET FORETS C2 NF REF
"28551",AGENTS TECHNIQUES ET VERIFICATEURS MECANICIENS B4,60,AGENTS TECHNIQUES ET VERIFICATEURS MECANICIENS B4,"8_SG","17_SG",FONCT,AGENTS TECHNIQUES ET VERIFICATEURS MECANICIENS B4
"28552",AGENTS TECHNIQUES ET VERIFICATEURS MECANICIENS NF REF,60,AGENTS TECHNIQUES ET VERIFICATEURS MECANICIENS NF REF,"8_SG","17_SG",NON_FONCT,AGENTS TECHNIQUES ET VERIFICATEURS MECANICIENS NF REF
"286_SG",GARDES FORESTIERS NF REF,60,GARDEs FORESTIERs NF REF,"14_SG","23_SG",NON_FONCT,GARDES FORESTIERS NF REF
"290_SG",TECHNICIENS SUPERIEURS  EN GENIE RURAL NF REF,60,Techniciens Supérieurs  en génie rural NF REF,"6_SG","24_SG",NON_FONCT,TECHNICIENS SUPERIEURS  EN GENIE RURAL NF REF
"29025",INGENIEURS DES TELECOMMUNICATIONS A1,60,INGENIEURS DES TELECOMMUNICATIONS A1,"1_SG","18_SG",FONCT,INGENIEURS DES TELECOMMUNICATIONS A1
"29026",INGENIEURS DES TELECOMMUNICATIONS A1 NF REF,60,INGENIEURS DES TELECOMMUNICATIONS A1 NF REF,"1_SG","18_SG",NON_FONCT,INGENIEURS DES TELECOMMUNICATIONS A1 NF REF
"29027",ADMINISTRATEURS DES POSTES,60,ADMINISTRATEURS DES POSTES,"1_SG","18_SG",FONCT,ADMINISTRATEURS DES POSTE
"29028",ADMINISTRATEURS DES POSTES NF REF,60,ADMINISTRATEURS DES POSTES NF REF,"1_SG","18_SG",NON_FONCT,ADMINISTRATEURS DES POSTES NF REF
"29100",INGENIEURS DES TELECOMMUNICATIONS A2 NF,60,INGENIEURS DES TELECOMMUNICATIONS A2 NF,"2_SG","18_SG",NON_FONCT,INGENIEURS DES TELECOMMUNICATIONS A2 NF
"292_SG",AGENTS GENIE RURAL NF,60,AGENTs GENIE RURAL NF,"14_SG","24_SG",NON_FONCT,AGENTS GENIE RURAL NF
"29200",INGENIEURS DES TELECOMMUNICATIONS A3 NF REF,60,INGENIEURS DES TELECOMMUNICATIONS A3 NF REF,"3_SG","18_SG",NON_FONCT,INGENIEURS DES TELECOMMUNICATIONS A3 NF REF
"29201",INGENIEURS DES TELECOMMUNICATIONS A3,60,INGENIEURS DES TELECOMMUNICATIONS A3,"3_SG","18_SG",FONCT,INGENIEURS DES TELECOMMUNICATIONS A3
"29202",INSPECTEURS DES POSTES NF REF,60,INSPECTEURS DES POSTES NF REF,"3_SG","18_SG",NON_FONCT,INSPECTEURS DES POSTES NF REF
"29203",INSPECTEURS DES POSTES,60,INSPECTEURS DES POSTES,"3_SG","18_SG",FONCT,INSPECTEURS DES POSTE
"29302",TECHNICIENS SUPERIEURS TELECOMMUNICATIONS B1 NF,60,TECHNICIENS SUPERIEURS TELECOMMUNICATIONS B1 NF,"5_SG","18_SG",NON_FONCT,TECHNICIENS SUPERIEURS TELECOMMUNICATIONS B1 NF
"29351",TECHNICIENS SUPERIEURS TELECOMMUNICATIONS,60,TECHNICIENS SUPERIEURS TELECOMMUNICATIONS,"6_SG","18_SG",FONCT,TECHNICIENS SUPERIEURS TELECOMMUNICATION
"29352",TECHNICIENS SUPERIEURS TELECOMMUNICATIONS B2 NF,60,TECHNICIENS SUPERIEURS TELECOMMUNICATIONS B2 NF,"6_SG","18_SG",NON_FONCT,TECHNICIENS SUPERIEURS TELECOMMUNICATIONS B2 NF
"29353",CONTROLEURS DES TELECOMMUNICATIONS,60,CONTROLEURS DES TELECOMMUNICATIONS,"6_SG","18_SG",FONCT,CONTROLEURS DES TELECOMMUNICATION
"29354",CONTROLEURS DES TELECOMMUNICATIONS NF REF,60,CONTROLEURS DES TELECOMMUNICATIONS NF REF,"6_SG","18_SG",NON_FONCT,CONTROLEURS DES TELECOMMUNICATIONS NF REF
"29355",CONTROLEURS DES POSTES,60,CONTROLEURS DES POSTES,"6_SG","18_SG",FONCT,CONTROLEURS DES POSTE
"29356",CONTROLEURS DES POSTES NF REF,60,CONTROLEURS DES POSTES NF REF,"6_SG","18_SG",NON_FONCT,CONTROLEURS DES POSTES NF REF
"29651",AGENTS TECHNIQUES DES POSTES,60,AGENTS TECHNIQUES DES POSTES,"9_SG","18_SG",FONCT,AGENTS TECHNIQUES DES POSTE
"29652",AGENTS TECHNIQUES DES POSTES NF REF,60,AGENTS TECHNIQUES DES POSTES NF REF,"9_SG","18_SG",NON_FONCT,AGENTS TECHNIQUES DES POSTES NF REF
"29700",AGENTS TECHNIQUES DES TELECOMMUNICATIONS NF REF,60,AGENTS TECHNIQUES DES TELECOMMUNICATIONS NF REF,"9_SG","18_SG",NON_FONCT,AGENTS TECHNIQUES DES TELECOMMUNICATIONS NF REF
"29701",AGENTS TECHNIQUES DES TELECOMMUNICATIONS,60,AGENTS TECHNIQUES DES TELECOMMUNICATIONS,"9_SG","18_SG",FONCT,AGENTS TECHNIQUES DES TELECOMMUNICATION
"29901",PREPOSES TELECOMMUNICATIONS,60,PREPOSES TELECOMMUNICATIONS,"13_SG","18_SG",FONCT,PREPOSES TELECOMMUNICATION
"29902",PREPOSES TELECOMMUNICATIONS NF REF,60,PREPOSES TELECOMMUNICATIONS NF REF,"13_SG","18_SG",NON_FONCT,PREPOSES TELECOMMUNICATIONS NF REF
"29903",PREPOSES DES POSTES ,60,PREPOSES DES POSTES ,"13_SG","18_SG",FONCT,PREPOSES DES POSTES 
"29904",PREPOSES DES POSTES NF REF,60,PREPOSES DES POSTES NF REF,"13_SG","18_SG",NON_FONCT,PREPOSES DES POSTES NF REF
"300_SG",INGENIEURS AGROECONOMISTE NF REF,60,Ingénieurs Agroéconomiste NF REF,"2_SG","27_SG",NON_FONCT,INGENIEURS AGROECONOMISTE NF REF
"30025",ADMINISTRATEURS DES AFFAIRES MARITIMES A1,60,ADMINISTRATEURS DES AFFAIRES MARITIMES A1,"1_SG","19_SG",FONCT,ADMINISTRATEURS DES AFFAIRES MARITIMES A1
"30026",ADMINISTRATEURS DES AFFAIRES MARITIMES NF REF,60,ADMINISTRATEURS DES AFFAIRES MARITIMES NF REF,"1_SG","19_SG",NON_FONCT,ADMINISTRATEURS DES AFFAIRES MARITIMES NF REF
"30027","CAPITAINES AU LONG COURS, CAPITAINES DE LA MARINE MARCHANDE ET OFFICIERS MECANICIENS DE 1ERE CLASSE A1",60,"CAPITAINES AU LONG COURS, CAPITAINES DE LA MARINE MARCHANDE ET OFFICIERS MECANICIENS DE 1ERE CLASSE A1","1_SG","19_SG",FONCT,"CAPITAINES AU LONG COURS, CAPITAINES DE LA MARINE MARCHANDE ET OFFICIERS MECANICIENS DE 1ERE CLASSE A1"
"30028","CAPITAINES AU LONG COURS, CAPITAINES DE LA MARINE MARCHANDE ET OFFICIERS MECANICIENS DE 1ERE CLASSE NF REF",60,"CAPITAINES AU LONG COURS, CAPITAINES DE LA MARINE MARCHANDE ET OFFICIERS MECANICIENS DE 1ERE CLASSE NF REF","1_SG","19_SG",NON_FONCT,"CAPITAINES AU LONG COURS, CAPITAINES DE LA MARINE MARCHANDE ET OFFICIERS MECANICIENS DE 1ERE CLASSE NF REF"
"301_SG",INGENIEURS DES  TRAVAUX  AGRICOLES NF REF,60,INGENIEURs DES  TRAVAUX  AGRICOLES NF REF,"5_SG","27_SG",NON_FONCT,INGENIEURS DES  TRAVAUX  AGRICOLES NF REF
"30102",ADMINISTRATEURS DES AFFAIRES MARITIMES A2 NF,60,ADMINISTRATEURS DES AFFAIRES MARITIMES A2 NF,"2_SG","19_SG",NON_FONCT,ADMINISTRATEURS DES AFFAIRES MARITIMES A2 NF
"302_SG",TECHNICIENS SUPERIEURS  AGRICOLE NF REF,60,Techniciens Supérieurs  agricole NF REF,"6_SG","27_SG",NON_FONCT,TECHNICIENS SUPERIEURS  AGRICOLE NF REF
"304_SG",INSPECTEURS DE L’ENSEIGNEMENT ELEMENTAIRE NF REF,60,Inspecteurs de l’Enseignement élémentaire NF REF,"1_SG","28_SG",ENS_NON_FONCT,INSPECTEURS DE L’ENSEIGNEMENT ELEMENTAIRE NF REF
"30451",OFFICIERS D'ADMINISTRATION DES AFFAIRES MARITIMES B3,60,OFFICIERS D'ADMINISTRATION DES AFFAIRES MARITIMES B3,"7_SG","19_SG",FONCT,OFFICIERS D'ADMINISTRATION DES AFFAIRES MARITIMES B3
"30452",OFFICIERS D'ADMINISTRATION DES AFFAIRES MARITIMES NF REF,60,OFFICIERS D'ADMINISTRATION DES AFFAIRES MARITIMES NF REF,"7_SG","19_SG",NON_FONCT,OFFICIERS D'ADMINISTRATION DES AFFAIRES MARITIMES NF REF
"30453","CAPITAINES DE PORT, PILOTES DE RIVIERE, MAITRES DE PHARES B3",60,"CAPITAINES DE PORT, PILOTES DE RIVIERE, MAITRES DE PHARES B3","7_SG","19_SG",FONCT,"CAPITAINES DE PORT, PILOTES DE RIVIERE, MAITRES DE PHARES B3"
"30454","CAPITAINES DE PORT, PILOTES DE RIVIERE, MAITRES DE PHARES NF REF",60,"CAPITAINES DE PORT, PILOTES DE RIVIERE, MAITRES DE PHARES NF REF","7_SG","19_SG",NON_FONCT,"CAPITAINES DE PORT, PILOTES DE RIVIERE, MAITRES DE PHARES NF REF"
"30751","CONDUCTEURS DE VEDETTES, GARDIENS DE PHARES, OUVRIERS DE PARCS, PREMIERS MAITRES ET MAITRES <PONT> OU <MACHINE>, PREMIERS MAITRES ET MAITRES PILOTES C3",60,"CONDUCTEURS DE VEDETTES, GARDIENS DE PHARES, OUVRIERS DE PARCS, PREMIERS MAITRES ET MAITRES <PONT> OU <MACHINE>, PREMIERS MAITRES ET MAITRES PILOTES C3","11_SG","19_SG",FONCT,"CONDUCTEURS DE VEDETTES, GARDIENS DE PHARES, OUVRIERS DE PARCS, PREMIERS MAITRES ET MAITRES <PONT> OU <MACHINE>, PREMIERS MAITRES ET MAITRES PILOTES C3"
"30752","CONDUCTEURS DE VEDETTES, GARDIENS DE PHARES, OUVRIERS DE PARCS, PREMIERS MAITRES ET MAITRES <PONT> OU <MACHINE>, PREMIERS MAITRES ET MAITRES PILOTES NF REF",60,"CONDUCTEURS DE VEDETTES, GARDIENS DE PHARES, OUVRIERS DE PARCS, PREMIERS MAITRES ET MAITRES <PONT> OU <MACHINE>, PREMIERS MAITRES ET MAITRES PILOTES NF REF","11_SG","19_SG",NON_FONCT,"CONDUCTEURS DE VEDETTES, GARDIENS DE PHARES, OUVRIERS DE PARCS, PREMIERS MAITRES ET MAITRES <PONT> OU <MACHINE>, PREMIERS MAITRES ET MAITRES PILOTES NF REF"
"31003","MEDECINS, PHARMACIENS, CHIRURGIENS DENTISTES AS",65,"MEDECINS, PHARMACIENS, CHIRURGIENS DENTISTES AS","4_SG","20_SG",FONCT,"MEDECINS, PHARMACIENS, CHIRURGIENS DENTISTES A"
"31004",DOCTEURS EN MEDECINE NF,60,DOCTEURS EN MEDECINE NF,"1_SG","20_SG",NON_FONCT,DOCTEURS EN MEDECINE NF
"31006","MEDECINS, PHARMACIENS, CHIRURGIENS DENTISTES NF REF",65,"MEDECINS, PHARMACIENS, CHIRURGIENS DENTISTES NF REF","4_SG","20_SG",NON_FONCT,"MEDECINS, PHARMACIENS, CHIRURGIENS DENTISTES NF REF"
"31030",ADMINISTRATEURS HOSPITALIERS A1 NF ,60,ADMINISTRATEURS HOSPITALIERS A1 NF ,"1_SG","20_SG",NON_FONCT,ADMINISTRATEURS HOSPITALIERS A1 NF 
"31032",DOCTEURS PSYCHOLOGUES NF,60,DOCTEURS PSYCHOLOGUES NF,"1_SG","20_SG",NON_FONCT,DOCTEURS PSYCHOLOGUES NF
"31034",INGENIEURS BIO MEDICAUX NF,60,INGENIEURS BIO MEDICAUX NF,"1_SG","20_SG",NON_FONCT,INGENIEURS BIO MEDICAUX NF
"31101",PHARMACIENS A2,60,PHARMACIENS A2,"2_SG","20_SG",FONCT,PHARMACIENS A2
"31102",PHARMACIENS NF REF,60,PHARMACIENS NF REF,"2_SG","20_SG",NON_FONCT,PHARMACIENS NF REF
"31104",ADMINISTRATEURS HOSPITALIERS A2 NF ,60,ADMINISTRATEURS HOSPITALIERS A2 NF ,"2_SG","20_SG",NON_FONCT,ADMINISTRATEURS HOSPITALIERS A2 NF 
"31106",NUTRITIONNISTES NF,60,NUTRITIONNISTES NF,"2_SG","20_SG",NON_FONCT,NUTRITIONNISTES NF
"31107",ADMINISTRATEURS DES SERVICES DE SANTE A1,60,ADMINISTRATEURS DES SERVICES DE SANTE A1,"1_SG","20_SG",FONCT,ADMINISTRATEURS DES SERVICES DE SANTE A1
"31108",ADMINISTRATEURS DES SERVICES DE SANTE A2,60,ADMINISTRATEURS DES SERVICES DE SANTE A2,"2_SG","20_SG",FONCT,ADMINISTRATEURS DES SERVICES DE SANTE A2
"31109",ADMINISTRATEURS DE SOINS A1,60,ADMINISTRATEURS DE SOINS A1,"1_SG","20_SG",FONCT,ADMINISTRATEURS DE SOINS A1
"31110",ADMINISTRATEURS DE SOINS A2,60,ADMINISTRATEURS DE SOINS A2,"2_SG","20_SG",FONCT,ADMINISTRATEURS DE SOINS A2
"31111",INGENIEURS EN BIOLOGIE MEDICALE A1,60,INGÉNIEURS EN BIOLOGIE MÉDICALE A1,"1_SG","20_SG",FONCT,INGENIEURS EN BIOLOGIE MEDICALE A1
"31112",INGENIEURS EN BIOLOGIE MEDICALE A2,60,INGÉNIEURS EN BIOLOGIE MÉDICALE A2,"2_SG","20_SG",FONCT,INGENIEURS EN BIOLOGIE MEDICALE A2
"31113",INGENIEURS EN BIOLOGIE MEDICALE A3,60,INGÉNIEURS EN BIOLOGIE MÉDICALE A3,"3_SG","20_SG",FONCT,INGENIEURS EN BIOLOGIE MEDICALE A3
"31114",CONSEILLERS EN SANTE COMMUNAUTAIRE A2,60,CONSEILLERS EN SANTE COMMUNAUTAIRE A2,"2_SG","20_SG",FONCT,CONSEILLERS EN SANTE COMMUNAUTAIRE A2
"31115",TRAVAILLEURS SPECIALISES EN SANTE COMMUNAUTAIRE B1,60,TRAVAILLEURS SPECIALISES EN SANTE COMMUNAUTAIRE B1,"5_SG","20_SG",FONCT,TRAVAILLEURS SPECIALISES EN SANTE COMMUNAUTAIRE B1
"312_SG",INSPECTEURS ADJOINTS DE L’ENSEIGNEMENT ELEMENTAIRE NF REF,60,Inspecteurs adjoints de l’Enseignement élémentaire NF REF,"6_SG","28_SG",ENS_NON_FONCT,INSPECTEURS ADJOINTS DE L’ENSEIGNEMENT ELEMENTAIRE NF REF
"31204",ADMINISTRATEURS HOSPITALIERS A3 NF ,60,ADMINISTRATEURS HOSPITALIERS A3 NF ,"3_SG","20_SG",NON_FONCT,ADMINISTRATEURS HOSPITALIERS A3 NF 
"31300",ASSISTANTS SOCIAUX NF REF,60,ASSISTANTS SOCIAUX NF REF,"5_SG","20_SG",NON_FONCT,ASSISTANTS SOCIAUX NF REF
"31301",ASSISTANTS SOCIAUX B1,60,ASSISTANTS SOCIAUX B1,"5_SG","20_SG",FONCT,ASSISTANTS SOCIAUX B1
"31303",INFIRMIERS D'ETAT B1 NF REF,60,INFIRMIERS D'ETAT B1 NF,"5_SG","20_SG",NON_FONCT,INFIRMIERS D'ETAT B1 NF REF
"31307",SAGES FEMMES D'ETAT B1,60,SAGES FEMMES D'ETAT B1,"5_SG","20_SG",FONCT,SAGES FEMMES D'ETAT B1
"31350",TECHNICIENS SUPERIEURS DE LA SANTE NF REF,60,TECHNICIENS SUPERIEURS DE LA SANTE NF REF,"6_SG","20_SG",NON_FONCT,TECHNICIENS SUPERIEURS DE LA SANTE NF REF
"31351",TECHNICIENS SUPERIEURS DE LA SANTE B2,60,TECHNICIENS SUPERIEURS DE LA SANTE B2,"6_SG","20_SG",FONCT,TECHNICIENS SUPERIEURS DE LA SANTE B2
"31550",SAGES FEMMES B4 NF REF,60,SAGES FEMMES B4 NF REF,"8_SG","20_SG",NON_FONCT,SAGES FEMMES B4 NF REF
"31551",SAGES FEMMES D'ETAT B4,60,SAGES FEMMES D'ETAT B4,"8_SG","20_SG",FONCT,SAGES FEMMES D'ETAT B4
"31552",TECHNICIENS MEDICAUX NF REF,60,TECHNICIENS MEDICAUX NF REF,"8_SG","20_SG",NON_FONCT,TECHNICIENS MEDICAUX NF REF
"31554",INFIRMIERS D'ETAT B4 NF REF,60,INFIRMIERS D'ETAT B4 NF REF,"8_SG","20_SG",NON_FONCT,INFIRMIERS D'ETAT B4 NF REF
"31555",TECHNICIENS MEDICAUX B4,60,TECHNICIENS MEDICAUX B4,"8_SG","20_SG",FONCT,TECHNICIENS MEDICAUX B4
"31556",AIDES SOCIAUX NF REF,60,AIDES-SOCIAUX NF REF,"8_SG","20_SG",NON_FONCT,AIDES SOCIAUX NF REF
"31557",AIDES SOCIAUX B4,60,AIDES-SOCIAUX B4,"8_SG","20_SG",FONCT,AIDES SOCIAUX B4
"31562",SAGES FEMMES B1 NF REF,60,SAGES FEMMES B1 NF REF,"5_SG","20_SG",NON_FONCT,SAGES FEMMES B1 NF REF
"31565",TECHNICIENS EN MAINTENANCE HOSPITALIERE B4,60,TECHNICIENS EN MAINTENANCE HOSPITALIERE B4,"8_SG","20_SG",FONCT,TECHNICIENS EN MAINTENANCE HOSPITALIERE B4
"31566",TECHNICIENS EN MAINTENANCE HOSPITALIERE NF REF,60,TECHNICIENS EN MAINTENANCE HOSPITALIERE NF REF,"8_SG","20_SG",NON_FONCT,TECHNICIENS EN MAINTENANCE HOSPITALIERE NF REF
"31651",ASSISTANTS INFIRMIERS,60,ASSISTANTS INFIRMIERS,"9_SG","20_SG",FONCT,ASSISTANTS INFIRMIER
"31652",PREPARATEURS EN PHARMACIE NF,60,PREPARATEURS EN PHARMACIE NF,"9_SG","20_SG",NON_FONCT,PREPARATEURS EN PHARMACIE NF
"31654",ASSISTANTS INFIRMIERS NF REF,60,ASSISTANTS INFIRMIERS NF REF,"9_SG","20_SG",NON_FONCT,ASSISTANTS INFIRMIERS NF REF
"31657",AIDES INFIRMIERES NF ,60,AIDES-INFIRMIERES NF ,"14_SG","20_SG",NON_FONCT,AIDES INFIRMIERES NF 
"31658",GARÇONS DE SALLE NF,60,GARÇONS DE SALLE NF,"14_SG","20_SG",NON_FONCT,GARÇONS DE SALLE NF
"31659",FILLES DE SALLE NF,60,Fille de salle NF,"14_SG","20_SG",NON_FONCT,FILLES DE SALLE NF
"31660",AIDES SOIGNANT (E) NF ,60,AIDES-SOIGNANT (E) NF,"14_SG","20_SG",NON_FONCT,AIDES SOIGNANT (E) NF 
"31751",AIDES TECHNIQUES MEDICAUX,60,AIDES TECHNIQUES MEDICAUX,"11_SG","20_SG",FONCT,AIDES TECHNIQUES MEDICAUX
"31752",AIDES TECHNIQUES MEDICAUX NF REF,60,AIDES TECHNIQUES MEDICAUX NF REF,"11_SG","20_SG",NON_FONCT,AIDES TECHNIQUES MEDICAUX NF REF
"31754",AGENTS DE SOUTIEN DE LA SANTE NF,60,AGENTS DE SOUTIEN DE LA SANTE NF,"11_SG","20_SG",NON_FONCT,AGENTS DE SOUTIEN DE LA SANTE NF
"318_SG","INSPECTEURS DE L’EDUCATION POPULAIRE, DE LA JEUNESSE ET DES SPORTS NF REF",60,"Inspecteurs de l’Education populaire, de la jeunesse et des Sports NF REF","1_SG","29_SG",ENS_NON_FONCT,"INSPECTEURS DE L’EDUCATION POPULAIRE, DE LA JEUNESSE ET DES SPORTS NF REF"
"31852",AGENTS D'ASSAINISSEMENTS NF,60,AGENTS D'ASSAINISSEMENTS NF,"11_SG","20_SG",NON_FONCT,AGENTS D'ASSAINISSEMENTS NF
"31853",AGENTS SANITAIRES D1,60,AGENTS SANITAIRES D1,"12_SG","20_SG",FONCT,AGENTS SANITAIRES D1
"319_SG",PROFESSEURS DE L’EDUCATION PHYSIQUE ET DU SPORT NF REF,60,Professeurs de l’Education physique et du Sport NF REF,"1_SG","29_SG",ENS_NON_FONCT,PROFESSEURS DE L’EDUCATION PHYSIQUE ET DU SPORT NF REF
"31950",AGENTS SANITAIRES NF REF,60,AGENTS SANITAIRES NF REF,"12_SG","20_SG",NON_FONCT,AGENTS SANITAIRES NF REF
"31952",AGENTS SANITAIRES NF ,60,AGENTS SANITAIRES NF ,"14_SG","20_SG",NON_FONCT,AGENTS SANITAIRES NF 
"31954",AGENTS D'ENTRETIEN NF,60,AGENTS D'ENTRETIEN NF,"14_SG","20_SG",NON_FONCT,AGENTS D'ENTRETIEN NF
"31956",AGENTS DE DISTRIBUTION NF,60,AGENTS DE DISTRIBUTION NF,"14_SG","20_SG",NON_FONCT,AGENTS DE DISTRIBUTION NF
"31958",AUXILIAIRES D'ASSAINISSEMENT NF,60,AUXILIAIRES D'ASSAINISSEMENT NF,"14_SG","20_SG",NON_FONCT,AUXILIAIRES D'ASSAINISSEMENT NF
"33_SG",INGENIEURS DES TRAVAUX DE LA PLANIFICATION,60,Ingénieurs des travaux de la planification,"5_SG","9_SG",FONCT,INGENIEURS DES TRAVAUX DE LA PLANIFICATION
"330_SG",CONSEILLERS CULTURELS,60,Conseillers Culturels,"1_SG","32_SG",ENS_FONCT,CONSEILLERS CULTUREL
"33025",DOCTEURS VETERINAIRES A1,60,DOCTEURS VETERINAIRES A1,"1_SG","21_SG",FONCT,DOCTEURS VETERINAIRES A1
"33026",DOCTEURS VETERINAIRES NF REF,60,DOCTEURS VETERINAIRES NF REF,"1_SG","21_SG",NON_FONCT,DOCTEURS VETERINAIRES NF REF
"33028",INGENIEURS ZOOTECHNICIENS NF,60,INGENIEURS ZOOTECHNICIENS NF,"1_SG","21_SG",NON_FONCT,INGENIEURS ZOOTECHNICIENS NF
"33104",INGENIEURS EN RESSOURCES ANIMALES NF,60,INGENIEURS EN RESSOURCES ANIMALES NF,"2_SG","21_SG",NON_FONCT,INGENIEURS EN RESSOURCES ANIMALES NF
"33204",INGENIEURS EN ELEVAGE NF,60,INGENIEURS EN ELEVAGE NF,"3_SG","21_SG",NON_FONCT,INGENIEURS EN ELEVAGE NF
"33301",INGENIEURS DES TRAVAUX DE L'ELEVAGE ET DES INDUSTRIES ANIMALES B1,60,INGENIEURS DES TRAVAUX DE L'ELEVAGE ET DES INDUSTRIES ANIMALES B1,"5_SG","21_SG",FONCT,INGENIEURS DES TRAVAUX DE L'ELEVAGE ET DES INDUSTRIES ANIMALES B1
"33302",INGENIEURS DES TRAVAUX DE L'ELEVAGE ET DES INDUSTRIES ANIMALES NF REF,60,INGENIEURS DES TRAVAUX DE L'ELEVAGE ET DES INDUSTRIES ANIMALES NF REF,"5_SG","21_SG",NON_FONCT,INGENIEURS DES TRAVAUX DE L'ELEVAGE ET DES INDUSTRIES ANIMALES NF REF
"33551",AGENTS TECHNIQUES DE L'ELEVAGE ET DES INDUSTRIES ANIMALES B4,60,AGENTS TECHNIQUES DE L'ELEVAGE ET DES INDUSTRIES ANIMALES B4,"8_SG","21_SG",FONCT,AGENTS TECHNIQUES DE L'ELEVAGE ET DES INDUSTRIES ANIMALES B4
"33552",AGENTS TECHNIQUES DE L'ELEVAGE ET DES INDUSTRIES ANIMALES NF REF,60,AGENTS TECHNIQUES DE L'ELEVAGE ET DES INDUSTRIES ANIMALES NF REF,"8_SG","21_SG",NON_FONCT,AGENTS TECHNIQUES DE L'ELEVAGE ET DES INDUSTRIES ANIMALES NF REF
"33852",INFIRMIERS ELEVAGE NF REF,60,INFIRMIERS ELEVAGE NF REF,"12_SG","21_SG",NON_FONCT,INFIRMIERS ELEVAGE NF REF
"34025",DOCTEURS VETERINAIRES OCEANOGRAPHES A1,60,DOCTEURS VETERINAIRES OCEANOGRAPHES A1,"1_SG","22_SG",FONCT,DOCTEURS VETERINAIRES OCEANOGRAPHES A1
"34026",DOCTEURS VETERINAIRES OCEANOGRAPHES NF REF,60,DOCTEURS VETERINAIRES OCEANOGRAPHES NF REF,"1_SG","22_SG",NON_FONCT,DOCTEURS VETERINAIRES OCEANOGRAPHES NF REF
"34027",INGENIEURS DES PECHES MARITIMES NF,60,INGENIEURS DES PECHES MARITIMES NF,"1_SG","22_SG",NON_FONCT,INGENIEURS DES PECHES MARITIMES NF
"34100",INGENIEURS DES PECHES MARITIMES NF REF,60,INGENIEURS DES PECHES MARITIMES NF REF,"2_SG","22_SG",NON_FONCT,INGENIEURS DES PECHES MARITIMES NF REF
"34101",INGENIEURS DES PECHES MARITIMES A2,60,INGENIEURS DES PECHES MARITIMES,"2_SG","22_SG",FONCT,INGENIEURS DES PECHES MARITIMES A2
"34301",INGENIEURS DES TRAVAUX DE PECHES MARITIMES B1,60,INGENIEURS DES TRAVAUX DE PECHES MARITIMES B1,"5_SG","22_SG",FONCT,INGENIEURS DES TRAVAUX DE PECHES MARITIMES B1
"34302",INGENIEURS DES TRAVAUX DE PECHES MARITIMES NF REF,60,INGENIEURS DES TRAVAUX DE PECHES MARITIMES NF REF,"5_SG","22_SG",NON_FONCT,INGENIEURS DES TRAVAUX DE PECHES MARITIMES NF REF
"34350",TECHNICIENS SUPERIEURS DES PECHES MARITIMES NF REF,60,TECHNICIENS SUPERIEURS DES PECHES MARITIMES NF REF,"6_SG","22_SG",NON_FONCT,TECHNICIENS SUPERIEURS DES PECHES MARITIMES NF REF
"34351",TECHNICIENS SUPERIEURS DES PECHES MARITIMES B2,60,TECHNICIENS SUPERIEURS DES PECHES MARITIMES B2,"6_SG","22_SG",FONCT,TECHNICIENS SUPERIEURS DES PECHES MARITIMES B2
"34551",AGENTS TECHNIQUES DE L'OCEANOGRAPHIE ET DES PECHES MARITIMES B4,60,AGENTS TECHNIQUES DE L'OCEANOGRAPHIE ET DES PECHES MARITIMES B4,"8_SG","22_SG",FONCT,AGENTS TECHNIQUES DE L'OCEANOGRAPHIE ET DES PECHES MARITIMES B4
"34552",AGENTS TECHNIQUES DE L'OCEANOGRAPHIE ET DES PECHES MARITIMES NF REF,60,AGENTS TECHNIQUES DE L'OCEANOGRAPHIE ET DES PECHES MARITIMES NF REF,"8_SG","22_SG",NON_FONCT,AGENTS TECHNIQUES DE L'OCEANOGRAPHIE ET DES PECHES MARITIMES NF REF
"347_SG",(non valide) SECRETAIRES DE DIRECTION B2 NF,60,SECRETAIREs DE DIRECTION B2 NF,"6_SG",,NON_FONCT,(non valide) SECRETAIRES DE DIRECTION B2 NF
"348_SG",(non valide) SECRETAIRES DE DIRECTION B4 NF,60,SECRETAIREs DE DIRECTION B4 NF,"8_SG",,NON_FONCT,(non valide) SECRETAIRES DE DIRECTION B4 NF
"34850",PREPOSES DE L'OCEANOGRAPHIE ET DES PECHES MARITIMES NF REF,60,PREPOSES DE L'OCEANOGRAPHIE ET DES PECHES MARITIMES NF REF,"12_SG","22_SG",NON_FONCT,PREPOSES DE L'OCEANOGRAPHIE ET DES PECHES MARITIMES NF REF
"34851",PREPOSES DE L'OCEANOGRAPHIE ET DES PECHES MARITIMES D1,60,PREPOSES DE L'OCEANOGRAPHIE ET DES PECHES MARITIMES D1,"12_SG","22_SG",FONCT,PREPOSES DE L'OCEANOGRAPHIE ET DES PECHES MARITIMES D1
"349_SG",CORPS MEN,60,CORPS MEN,"9_SG","1_SG",ENS_FONCT,CORPS MEN
"34950",PREPOSES PECHES NF,60,PREPOSES PECHES NF,"14_SG","22_SG",NON_FONCT,PREPOSES PECHES NF
"350_SG",(non valide) SECRETAIRES DE DIRECTION C3 NF,60,SECRETAIREs DE DIRECTION C3 NF,"11_SG",,NON_FONCT,(non valide) SECRETAIRES DE DIRECTION C3 NF
"37025",INGENIEURS DU GENIE RURAL A1,60,INGENIEURS DU GENIE RURAL A1,"1_SG","24_SG",FONCT,INGENIEURS DU GENIE RURAL A1
"37026",INGENIEURS DU GENIE RURAL A1 NF REF,60,INGENIEURS DU GENIE RURAL A1 NF REF,"1_SG","24_SG",NON_FONCT,INGENIEURS DU GENIE RURAL A1 NF REF
"37101",INGENIEURS DU GENIE RURAL A2,60,INGENIEURS DU GENIE RURAL A2,"2_SG","24_SG",FONCT,INGENIEURS DU GENIE RURAL A2
"37102",INGENIEURS DU GENIE RURAL A2 NF REF,60,INGENIEURS DU GENIE RURAL A2 NF REF,"2_SG","24_SG",NON_FONCT,INGENIEURS DU GENIE RURAL A2 NF REF
"37201",INGENIEURS DU GENIE RURAL A3,60,INGENIEURS DU GENIE RURAL A3,"3_SG","24_SG",FONCT,INGENIEURS DU GENIE RURAL A3
"37202",INGENIEURS DU GENIE RURAL A3 NF REF,60,INGENIEURS DU GENIE RURAL A3 NF REF,"3_SG","24_SG",NON_FONCT,INGENIEURS DU GENIE RURAL A3 NF REF
"37301",INGENIEURS DES TRAVAUX DU GENIE RURAL B1,60,INGENIEURS DES TRAVAUX DU GENIE RURAL B1,"5_SG","24_SG",FONCT,INGENIEURS DES TRAVAUX DU GENIE RURAL B1
"37302",INGENIEURS DES TRAVAUX DU GENIE RURAL NF REF,60,INGENIEURS DES TRAVAUX DU GENIE RURAL NF REF,"5_SG","24_SG",NON_FONCT,INGENIEURS DES TRAVAUX DU GENIE RURAL NF REF
"37350",TECHNICIENS SUPERIEURS DU GENIE RURAL NF REF,60,TECHNICIENS SUPERIEURS DU GENIE RURAL NF REF,"6_SG","24_SG",NON_FONCT,TECHNICIENS SUPERIEURS DU GENIE RURAL NF REF
"37351",TECHNICIENS SUPERIEURS DU GENIE RURAL B2,60,TECHNICIENS SUPERIEURS DU GENIE RURAL B2,"6_SG","24_SG",FONCT,TECHNICIENS SUPERIEURS DU GENIE RURAL B2
"37455",AGENTS TECHNIQUES DU GENIE RURAL B4,60,AGENTS TECHNIQUES DU GENIE RURAL B4,"8_SG","24_SG",FONCT,AGENTS TECHNIQUES DU GENIE RURAL B4
"37456",AGENTS TECHNIQUES DU GENIE RURAL NF REF,60,AGENTS TECHNIQUES DU GENIE RURAL NF REF,"8_SG","24_SG",NON_FONCT,AGENTS TECHNIQUES DU GENIE RURAL NF REF
"37650",AGENTS RURAUX NF,60,AGENTS RURAUX NF,"9_SG","24_SG",NON_FONCT,AGENTS RURAUX NF
"37850",AGENTS RURAUX D1 NF,60,AGENTS RURAUX D1 NF,"12_SG","24_SG",NON_FONCT,AGENTS RURAUX D1 NF
"37950",AGENTS RURAUX D3 NF,60,AGENTS RURAUX D3 NF,"14_SG","24_SG",NON_FONCT,AGENTS RURAUX D3 NF
"38201",ANIMATEURS A3,60,ANIMATEURS A3,"3_SG","25_SG",FONCT,ANIMATEURS A3
"38301",ANIMATEURS B1,60,ANIMATEURS B1,"5_SG","25_SG",FONCT,ANIMATEURS B1
"38550",ADJOINTS D'ANIMATION B4 NF,60,ADJOINTS D'ANIMATION B4 NF,"8_SG","25_SG",NON_FONCT,ADJOINTS D'ANIMATION B4 NF
"38650",ADJOINTS D'ANIMATION C1 NF,60,ADJOINTS D'ANIMATION C1 NF,"9_SG","25_SG",NON_FONCT,ADJOINTS D'ANIMATION C1 NF
"38652",MONITRICES D'ECONOMIE FAMILIALE RURALE NF REF,60,MONITRICES D'ECONOMIE FAMILIALE RURALE NF REF,"9_SG","25_SG",NON_FONCT,MONITRICES D'ECONOMIE FAMILIALE RURALE NF REF
"38653",MONITRICES D'ECONOMIE FAMILIALE RURALE C1,60,MONITRICES D'ECONOMIE FAMILIALE RURALE C1,"9_SG","25_SG",FONCT,MONITRICES D'ECONOMIE FAMILIALE RURALE C1
"38701",AGENTS TECHNIQUES DE L'ANIMATION C2,60,AGENTS TECHNIQUES DE L'ANIMATION C2,"10_SG","25_SG",FONCT,AGENTS TECHNIQUES DE L'ANIMATION C2
"38702",AGENTS TECHNIQUES DE L'ANIMATION NF REF,60,AGENTS TECHNIQUES DE L'ANIMATION NF REF,"10_SG","25_SG",NON_FONCT,AGENTS TECHNIQUES DE L'ANIMATION NF REF
"39_SG",INSPECTEURS DE L’EDUCATION SURVEILLÉE ET DE LA PROTECTION SOCIALE A1,60,Inspecteurs de l’éducation surveillée et de la protection sociale A1,"1_SG","11_SG",FONCT,INSPECTEURS DE L’EDUCATION SURVEILLÉE ET DE LA PROTECTION SOCIALE A1
"39025",INSPECTEURS DE LA COOPERATION A1,60,INSPECTEURS DE LA COOPERATION A1,"1_SG","26_SG",FONCT,INSPECTEURS DE LA COOPERATION A1
"39026",INSPECTEURS DE LA COOPERATION NF REF,60,INSPECTEURS DE LA COOPERATION NF REF,"1_SG","26_SG",NON_FONCT,INSPECTEURS DE LA COOPERATION NF REF
"39201",INSPECTEURS ADJOINTS DE LA COOPERATION A3,60,INSPECTEURS ADJOINTS DE LA COOPERATION A3,"3_SG","26_SG",FONCT,INSPECTEURS ADJOINTS DE LA COOPERATION A3
"39202",INSPECTEURS ADJOINTS DE LA COOPERATION NF REF,60,INSPECTEURS ADJOINTS DE LA COOPERATION NF REF,"3_SG","26_SG",NON_FONCT,INSPECTEURS ADJOINTS DE LA COOPERATION NF REF
"39301",CONTROLEURS DE LA COOPERATION B1,60,CONTROLEURS DE LA COOPERATION B1,"5_SG","26_SG",FONCT,CONTROLEURS DE LA COOPERATION B1
"39302",CONTROLEURS DE LA COOPERATION NF REF,60,CONTROLEURS DE LA COOPERATION NF REF,"5_SG","26_SG",NON_FONCT,CONTROLEURS DE LA COOPERATION NF REF
"39650",AGENTS TECHNIQUES DE LA COOPERATION NF REF,60,AGENTS TECHNIQUES DE LA COOPERATION NF REF,"9_SG","26_SG",NON_FONCT,AGENTS TECHNIQUES DE LA COOPERATION NF REF
"39651",AGENTS TECHNIQUES DE LA COOPERATION B4,60,AGENTS TECHNIQUES DE LA COOPERATION B4,"8_SG","26_SG",FONCT,AGENTS TECHNIQUES DE LA COOPERATION B4
"40025",INGENIEURS AGRONOMES A1,60,INGENIEURS AGRONOMES A1,"1_SG","27_SG",FONCT,INGENIEURS AGRONOMES A1
"40026",INGENIEURS AGRONOMES A1 NF REF,60,INGENIEURS AGRONOMES A1 NF REF,"1_SG","27_SG",NON_FONCT,INGENIEURS AGRONOMES A1 NF REF
"40102",INGENIEURS AGRONOMES A2 NF REF,60,INGENIEURS AGRONOMES A2 NF REF,"2_SG","27_SG",NON_FONCT,INGENIEURS AGRONOMES A2 NF REF
"40103",INGENIEURS AGRONOMES A2,60,INGENIEURS AGRONOMES A2,"2_SG","27_SG",FONCT,INGENIEURS AGRONOMES A2
"40201",INGENIEURS AGRONOMES A3,60,INGENIEURS AGRONOMES A3,"3_SG","27_SG",FONCT,INGENIEURS AGRONOMES A3
"40202",INGENIEURS AGRONOMES A3 NF REF,60,INGENIEURS AGRONOMES A3 NF REF,"3_SG","27_SG",NON_FONCT,INGENIEURS AGRONOMES A3 NF REF
"40300",INGENIEUR DES TRAVAUX AGRICOLES NF REF,60,INGENIEUR DES TRAVAUX AGRICOLES NF REF,"5_SG","27_SG",NON_FONCT,INGENIEUR DES TRAVAUX AGRICOLES NF REF
"40301",INGENIEURS DES TRAVAUX AGRICOLES B1,60,INGENIEURS DES TRAVAUX AGRICOLES B1,"5_SG","27_SG",FONCT,INGENIEURS DES TRAVAUX AGRICOLES B1
"40352",TECHNICIENS SUPERIEURS AGRICOLE NF REF,60,TECHNICIENS SUPERIEURS AGRICOLE NF REF,"6_SG","27_SG",NON_FONCT,TECHNICIENS SUPERIEURS AGRICOLE NF REF
"40355",TECHNICIENS SUPERIEURS AGRICOLES B2,60,TECHNICIENS SUPERIEURS AGRICOLES B2,"6_SG","27_SG",FONCT,TECHNICIENS SUPERIEURS AGRICOLES B2
"40550",AGENTS TECHNIQUES DE L'AGRICULTURE NF REF,60,AGENTS TECHNIQUES DE L'AGRICULTURE NF REF,"8_SG","27_SG",NON_FONCT,AGENTS TECHNIQUES DE L'AGRICULTURE NF REF
"40551",AGENTS TECHNIQUES DE L'AGRICULTURE B4,60,AGENTS TECHNIQUES DE L'AGRICULTURE B4,"8_SG","27_SG",FONCT,AGENTS TECHNIQUES DE L'AGRICULTURE B4
"41001",PROFESSEURS AGREGES,60,PROFESSEURS AGREGES,"4_SG","28_SG",ENS_FONCT,PROFESSEURS AGREGE
"41002",(to del)PROFESSEURS AGREGES NF REF,60,PROFESSEURS AGREGES NF REF,"4_SG",,ENS_NON_FONCT,(to del)PROFESSEURS AGREGES NF REF
"41025",PROFESSEURS CERTIFIES,60,PROFESSEURS CERTIFIES,"1_SG","28_SG",ENS_FONCT,PROFESSEURS CERTIFIE
"41026",PROFESSEURS CERTIFIES NF REF,60,PROFESSEURS CERTIFIES NF REF,"1_SG","28_SG",ENS_NON_FONCT,PROFESSEURS CERTIFIES NF REF
"41027",INSPECTEURS DE L'ENSEIGNEMENT ELEMENTAIRE OU DE L'EDUCATION PRESCOLAIRE,60,INSPECTEURS DE L'ENSEIGNEMENT ELEMENTAIRE OU DE L'EDUCATION PRESCOLAIRE,"1_SG","28_SG",ENS_FONCT,INSPECTEURS DE L'ENSEIGNEMENT ELEMENTAIRE OU DE L'EDUCATION PRESCOLAIRE
"41028",PROFESSEURS DE L'ENSEIGNEMENT SECONDAIRE NF REF,60,PROFESSEURS DE L'ENSEIGNEMENT SECONDAIRE NF REF,"1_SG","28_SG",ENS_NON_FONCT,PROFESSEURS DE L'ENSEIGNEMENT SECONDAIRE NF REF
"41029",PROFESSEURS DE L'ENSEIGNEMENT SECONDAIRE,60,PROFESSEURS DE L'ENSEIGNEMENT SECONDAIRE,"1_SG","28_SG",ENS_FONCT,PROFESSEURS DE L'ENSEIGNEMENT SECONDAIRE
"41030",INSPECTEURS DE L'ENSEIGNEMENT ELEMENTAIRE OU DE L'EDUCATION PRESCOLAIRE NF REF,60,INSPECTEURS DE L'ENSEIGNEMENT ELEMENTAIRE OU DE L'EDUCATION PRESCOLAIRE NF REF,"1_SG","28_SG",ENS_NON_FONCT,INSPECTEURS DE L'ENSEIGNEMENT ELEMENTAIRE OU DE L'EDUCATION PRESCOLAIRE NF REF
"41031",INSPECTEURS DE L'ENSEIGNEMENT MOYEN ET SECONDAIRE,60,INSPECTEURS DE L'ENSEIGNEMENT MOYEN ET SECONDAIRE,"1_SG","28_SG",ENS_FONCT,INSPECTEURS DE L'ENSEIGNEMENT MOYEN ET SECONDAIRE
"41032",INSPECTEURS DE L'ENSEIGNEMENT MOYEN ET SECONDAIRE NF REF,60,INSPECTEURS DE L'ENSEIGNEMENT MOYEN ET SECONDAIRE NF REF,"1_SG","28_SG",ENS_NON_FONCT,INSPECTEURS DE L'ENSEIGNEMENT MOYEN ET SECONDAIRE NF REF
"41033",INSPECTEURS DE SPECIALITE,60,INSPECTEURS DE SPECIALITE,"1_SG","28_SG",ENS_FONCT,INSPECTEURS DE SPECIALITE
"41034",INSPECTEURS DE SPECIALITE NF REF,60,INSPECTEURS DE SPECIALITE NF REF,"1_SG","28_SG",ENS_NON_FONCT,INSPECTEURS DE SPECIALITE NF REF
"41035",PSYCHOLOGUES CONSEILLERS,60,PSYCHOLOGUES CONSEILLERS,"1_SG","28_SG",ENS_FONCT,PSYCHOLOGUES CONSEILLER
"41036",PSYCHOLOGUES CONSEILLERS NF REF,60,PSYCHOLOGUES CONSEILLERS NF REF,"1_SG","28_SG",ENS_NON_FONCT,PSYCHOLOGUES CONSEILLERS NF REF
"41200",PROFESSEURS DE L'ENSEIGNEMENT MOYEN NF REF,60,PROFESSEURS DE L'ENSEIGNEMENT MOYEN NF REF,"3_SG","28_SG",ENS_NON_FONCT,PROFESSEURS DE L'ENSEIGNEMENT MOYEN NF REF
"41201",PROFESSEURS DE L'ENSEIGNEMENT MOYEN,60,PROFESSEURS DE L'ENSEIGNEMENT MOYEN,"3_SG","28_SG",ENS_FONCT,PROFESSEURS DE L'ENSEIGNEMENT MOYEN
"41202",MEDIATEURS PEDAGOGIQUES NF REF,60,MEDIATEURS PEDAGOGIQUES NF REF,"3_SG","28_SG",ENS_NON_FONCT,MEDIATEURS PEDAGOGIQUES NF REF
"41203",MEDIATEURS PEDAGOGIQUES,60,MEDIATEURS PEDAGOGIQUES,"3_SG","28_SG",ENS_FONCT,MEDIATEURS PEDAGOGIQUE
"41207",ADJOINTS D'ENSEIGNEMENT TECHNIQUE,60,ADJOINTS D'ENSEIGNEMENT TECHNIQUE,"3_SG","28_SG",ENS_FONCT,ADJOINTS D'ENSEIGNEMENT TECHNIQUE
"41208",ADJOINTS D'ENSEIGNEMENT TECHNIQUE NF REF,60,ADJOINTS D'ENSEIGNEMENT TECHNIQUE NF REF,"3_SG","28_SG",NON_FONCT,ADJOINTS D'ENSEIGNEMENT TECHNIQUE NF REF
"41300",CONSEILLERS PRESCOLAIRES NF REF,60,CONSEILLERS PRESCOLAIRES NF REF,"5_SG","28_SG",ENS_NON_FONCT,CONSEILLERS PRESCOLAIRES NF REF
"41301",CONSEILLERS PRESCOLAIRES,60,CONSEILLERS PRESCOLAIRES,"5_SG","28_SG",ENS_FONCT,CONSEILLERS PRESCOLAIRE
"41350",INSPECTEURS ADJOINTS DE L'ENSEIGNEMENT ELEMENTAIRE OU DE L'EDUCATION PRESCOLAIRE NF REF,60,INSPECTEURS ADJOINTS DE L'ENSEIGNEMENT ELEMENTAIRE OU DE L'EDUCATION PRESCOLAIRE NF REF,"6_SG","28_SG",ENS_NON_FONCT,INSPECTEURS ADJOINTS DE L'ENSEIGNEMENT ELEMENTAIRE OU DE L'EDUCATION PRESCOLAIRE NF REF
"41351",INSPECTEURS ADJOINTS DE L'ENSEIGNEMENT ELEMENTAIRE OU INSPECTEURS DE L'EDUCATION PRESCOLAIRE,60,INSPECTEURS ADJOINTS DE L'ENSEIGNEMENT ELEMENTAIRE OU INSPECTEURS DE L'EDUCATION PRESCOLAIRE,"6_SG","28_SG",ENS_FONCT,INSPECTEURS ADJOINTS DE L'ENSEIGNEMENT ELEMENTAIRE OU INSPECTEURS DE L'EDUCATION PRESCOLAIRE
"41352",PROFESSEURS DE COLLEGE D'ENSEIGNEMENT MOYEN GENERAL NF REF,60,PROFESSEURS DE COLLEGE D'ENSEIGNEMENT MOYEN GENERAL NF REF,"6_SG","28_SG",ENS_NON_FONCT,PROFESSEURS DE COLLEGE D'ENSEIGNEMENT MOYEN GENERAL NF REF
"41353",PROFESSEURS DE COLLEGE D'ENSEIGNEMENT MOYEN GENERAL,60,PROFESSEURS DE COLLEGE D'ENSEIGNEMENT MOYEN GENERAL,"6_SG","28_SG",ENS_FONCT,PROFESSEURS DE COLLEGE D'ENSEIGNEMENT MOYEN GENERAL
"41354",CHARGES D'ENSEIGNEMENT NF REF,60,CHARGES D'ENSEIGNEMENT NF REF,"6_SG","28_SG",ENS_NON_FONCT,CHARGES D'ENSEIGNEMENT NF REF
"41355",CHARGES D'ENSEIGNEMENT,60,CHARGES D'ENSEIGNEMENT,"6_SG","28_SG",ENS_FONCT,CHARGES D'ENSEIGNEMENT
"41356",PROFESSEURS DE L'ENSEIGNEMENT TECHNIQUE PRATIQUE NF REF,60,PROFESSEURS DE L'ENSEIGNEMENT TECHNIQUE PRATIQUE NF REF,"6_SG","28_SG",ENS_NON_FONCT,PROFESSEURS DE L'ENSEIGNEMENT TECHNIQUE PRATIQUE NF REF
"41450",INSTITUTEURS NF REF,60,INSTITUTEURS B3 NF REF,"7_SG","28_SG",ENS_NON_FONCT,INSTITUTEURS NF REF
"41451",INSTITUTEURS,60,INSTITUTEURS B3 ,"7_SG","28_SG",ENS_FONCT,INSTITUTEUR
"41452",MAITRES D'ENSEIGNEMENT TECHNIQUE ET PROFESSIONNEL NF REF,60,MAITRES D'ENSEIGNEMENT TECHNIQUE ET PROFESSIONNEL NF REF,"7_SG","28_SG",ENS_NON_FONCT,MAITRES D'ENSEIGNEMENT TECHNIQUE ET PROFESSIONNEL NF REF
"41453",EDUCATEURS PRESCOLAIRES,60,EDUCATEURS PRESCOLAIRES,"7_SG","28_SG",ENS_FONCT,EDUCATEURS PRESCOLAIRE
"41454",EDUCATEURS PRESCOLAIRES NF REF,60,EDUCATEURS PRESCOLAIRES NF REF,"7_SG","28_SG",ENS_NON_FONCT,EDUCATEURS PRESCOLAIRES NF REF
"41550",INSTITUTEURS NF,60,INSTITUTEURS B4 NF REF ,"8_SG","28_SG",ENS_NON_FONCT,INSTITUTEURS NF
"41700",INSTITUTEURS ADJOINTS NF REF,60,INSTITUTEURS ADJOINTS C2 NF REF,"10_SG","28_SG",ENS_NON_FONCT,INSTITUTEURS ADJOINTS NF REF
"41701",INSTITUTEURS ADJOINTS,60,INSTITUTEURS ADJOINTS C2,"10_SG","28_SG",ENS_FONCT,INSTITUTEURS ADJOINT
"41752",INSTITUTEURS ADJOINTS NF,60,INSTITUTEURS ADJOINTS C3 NF REF,"11_SG","28_SG",ENS_NON_FONCT,INSTITUTEURS ADJOINTS NF
"41901",MONITEURS,60,MONITEURS,"13_SG","28_SG",ENS_FONCT,MONITEUR
"41902",MONITEURS NF REF,60,MONITEURS NF REF,"13_SG","28_SG",ENS_NON_FONCT,MONITEURS NF REF
"42025","INSPECTEURS DE L'EDUCATION POPULAIRE, DE LA JEUNESSE ET DES SPORTS",60,"INSPECTEURS DE L'EDUCATION POPULAIRE, DE LA JEUNESSE ET DES SPORTS","1_SG","29_SG",ENS_FONCT,"INSPECTEURS DE L'EDUCATION POPULAIRE, DE LA JEUNESSE ET DES SPORT"
"42026","INSPECTEURS DE L'EDUCATION POPULAIRE, DE LA JEUNESSE ET DES SPORTS NF REF",60,"INSPECTEURS DE L'EDUCATION POPULAIRE, DE LA JEUNESSE ET DES SPORTS NF REF","1_SG","29_SG",ENS_NON_FONCT,"INSPECTEURS DE L'EDUCATION POPULAIRE, DE LA JEUNESSE ET DES SPORTS NF REF"
"42027",PROFESSEURS D'EDUCATION PHYSIQUE ET SPORTIVE,60,PROFESSEURS D'EDUCATION PHYSIQUE ET SPORTIVE,"1_SG","29_SG",ENS_FONCT,PROFESSEURS D'EDUCATION PHYSIQUE ET SPORTIVE
"42028",PROFESSEURS D'EDUCATION PHYSIQUE ET SPORTIVE NF REF,60,PROFESSEURS DE L'EDUCATION PHYSIQUE ET DU SPORT NF REF,"1_SG","29_SG",ENS_NON_FONCT,PROFESSEURS D'EDUCATION PHYSIQUE ET SPORTIVE NF REF
"42351",CONSEILLERS D'EDUCATION POPULAIRE,60,CONSEILLERS D'EDUCATION POPULAIRE,"6_SG","29_SG",ENS_FONCT,CONSEILLERS D'EDUCATION POPULAIRE
"42352",CONSEILLERS D'EDUCATION POPULAIRE NF REF,60,CONSEILLERS D'EDUCATION POPULAIRE NF REF,"6_SG","29_SG",ENS_NON_FONCT,CONSEILLERS D'EDUCATION POPULAIRE NF REF
"42353","INSPECTEURS ADJOINTS DE L'EDUCATION POPULAIRE, DE LA JEUNESSE ET DES SPORTS",60,"INSPECTEURS ADJOINTS DE L'EDUCATION POPULAIRE, DE LA JEUNESSE ET DES SPORTS","6_SG","29_SG",ENS_FONCT,"INSPECTEURS ADJOINTS DE L'EDUCATION POPULAIRE, DE LA JEUNESSE ET DES SPORT"
"42354","INSPECTEURS ADJOINTS DE L'EDUCATION POPULAIRE, DE LA JEUNESSE ET DES SPORTS NF REF",60,"INSPECTEURS ADJOINTS DE L'EDUCATION POPULAIRE, DE LA JEUNESSE ET DES SPORTS NF REF","6_SG","29_SG",ENS_NON_FONCT,"INSPECTEURS ADJOINTS DE L'EDUCATION POPULAIRE, DE LA JEUNESSE ET DES SPORTS NF REF"
"42355",PROFESSEURS ADJOINTS DE L'EDUCATION PHYSIQUE ET DU SPORT,60,PROFESSEURS ADJOINTS DE L'EDUCATION PHYSIQUE ET DU SPORT,"6_SG","29_SG",ENS_FONCT,PROFESSEURS ADJOINTS DE L'EDUCATION PHYSIQUE ET DU SPORT
"42356",PROFESSEURS ADJOINTS DE L'EDUCATION PHYSIQUE ET DU SPORT NF REF,60,PROFESSEURS ADJOINTS DE L'EDUCATION PHYSIQUE ET DU SPORT NF REF,"6_SG","29_SG",ENS_NON_FONCT,PROFESSEURS ADJOINTS DE L'EDUCATION PHYSIQUE ET DU SPORT NF REF
"42450",INSTRUCTEURS D'EDUCATION PHYSIQUE ET SPORTIVE NF REF,60,INSTRUCTEURS D'EDUCATION PHYSIQUE ET SPORTIVE NF REF,"7_SG","29_SG",ENS_NON_FONCT,INSTRUCTEURS D'EDUCATION PHYSIQUE ET SPORTIVE NF REF
"42451",INSTRUCTEURS D'EDUCATION PHYSIQUE ET SPORTIVE,60,INSTRUCTEURS D'EDUCATION PHYSIQUE ET SPORTIVE,"7_SG","29_SG",ENS_FONCT,INSTRUCTEURS D'EDUCATION PHYSIQUE ET SPORTIVE
"42550",MAITRES D'EDUCATION PHYSIQUE ET DU SPORTIVE NF REF,60,MAITRES D'EDUCATION PHYSIQUE ET SPORTIVE NF REF,"8_SG","29_SG",ENS_NON_FONCT,MAITRES D'EDUCATION PHYSIQUE ET SPORTIVE NF REF
"42551",MAITRES D'EDUCATION PHYSIQUE ET DU SPORT,60,MAITRES D'EDUCATION PHYSIQUE ET SPORTIVE,"8_SG","29_SG",ENS_FONCT,MAITRES D'EDUCATION PHYSIQUE ET SPORTIVE
"42651",MAITRES ADJOINTS D'EDUCATION PHYSIQUE ET DU SPORT,60,MAITRES ADJOINTS D'EDUCATION PHYSIQUE ET SPORTIVE,"9_SG","29_SG",ENS_FONCT,MAITRES ADJOINTS D'EDUCATION PHYSIQUE ET SPORTIVE
"42652",MAITRES ADJOINTS D'EDUCATION PHYSIQUE ET DU SPORTIVE NF REF,60,MAITRES ADJOINTS D'EDUCATION PHYSIQUE ET SPORTIVE NF REF,"9_SG","29_SG",ENS_NON_FONCT,MAITRES ADJOINTS D'EDUCATION PHYSIQUE ET SPORTIVE NF REF
"43_SG",SECRETAIRES DES GREFFES ET PARQUETS B4,60,Secrétaires des Greffes et Parquets B4,"8_SG","11_SG",FONCT,SECRETAIRES DES GREFFES ET PARQUETS B4
"43102",LINGUISTES NF,60,LINGUISTES NF,"2_SG","30_SG",ENS_NON_FONCT,LINGUISTES NF
"43103",INSPECTEURS D'EDUCATION ARTISTIQUE OU MUSICALE,60,INSPECTEURS D'EDUCATION ARTISTIQUE OU MUSICALE,"2_SG","30_SG",ENS_FONCT,INSPECTEURS D'EDUCATION ARTISTIQUE OU MUSICALE
"43104",INSPECTEURS D'EDUCATION ARTISTIQUE OU MUSICALE NF REF,60,INSPECTEURS D'EDUCATION ARTISTIQUE OU MUSICALE NF REF,"2_SG","30_SG",ENS_NON_FONCT,INSPECTEURS D'EDUCATION ARTISTIQUE OU MUSICALE NF REF
"43201",PROFESSEURS D'EDUCATION ARTISTIQUE OU MUSICALE,60,PROFESSEURS D'EDUCATION ARTISTIQUE OU MUSICALE,"3_SG","30_SG",ENS_FONCT,PROFESSEURS D'EDUCATION ARTISTIQUE OU MUSICALE
"43202",PROFESSEURS D'EDUCATION ARTISTIQUE OU MUSICALE NF REF,60,PROFESSEURS D'EDUCATION ARTISTIQUE OU MUSICALE NF REF,"3_SG","30_SG",ENS_NON_FONCT,PROFESSEURS D'EDUCATION ARTISTIQUE OU MUSICALE NF REF
"43551",MAITRES D'EDUCATION ARTISTIQUE ET MUSICALE,60,MAITRES D'EDUCATION ARTISTIQUE ET MUSICALE,"8_SG","30_SG",ENS_FONCT,MAITRES D'EDUCATION ARTISTIQUE ET MUSICALE
"43552",MAITRES D'EDUCATION ARTISTIQUE ET MUSICALE NF REF,60,MAITRES D'EDUCATION ARTISTIQUE ET MUSICALE NF REF,"8_SG","30_SG",ENS_NON_FONCT,MAITRES D'EDUCATION ARTISTIQUE ET MUSICALE NF REF
"44_SG",SECRETAIRES DES GREFFES ET PARQUETS C2,60,Secrétaires des Greffes et Parquets C2,"10_SG","11_SG",FONCT,SECRETAIRES DES GREFFES ET PARQUETS C2
"44354",PROFESSEURS DE L'ENSEIGNEMENT TECHNIQUE THEORIQUE NF REF,60,PROFESSEURS DE L'ENSEIGNEMENT TECHNIQUE THEORIQUE NF REF,"6_SG","28_SG",ENS_NON_FONCT,PROFESSEURS DE L'ENSEIGNEMENT TECHNIQUE THEORIQUE NF REF
"44455",MAITRES D'ENSEIGNEMENT TECHNIQUE ET PROFESSIONNEL,60,MAITRES D'ENSEIGNEMENT TECHNIQUE ET PROFESSIONNEL,"7_SG","28_SG",ENS_FONCT,MAITRES D'ENSEIGNEMENT TECHNIQUE ET PROFESSIONNEL
"45_SG",INGENIEURS DES TRAVAUX PUBLICS OU DES TRANSPORTS,60,Ingénieurs des Travaux publics ou des Transports,"4_SG","12_SG",FONCT,INGENIEURS DES TRAVAUX PUBLICS OU DES TRANSPORT
"45101",CONSEILLERS AUX AFFAIRES CULTURELLES,60,CONSEILLERS AUX AFFAIRES CULTURELLES,"2_SG","32_SG",ENS_FONCT,CONSEILLERS AUX AFFAIRES CULTURELLE
"45102",CONSEILLERS AUX AFFAIRES CULTURELLES NF REF,60,CONSEILLERS AUX AFFAIRES CULTURELLES NF REF,"2_SG","32_SG",ENS_NON_FONCT,CONSEILLERS AUX AFFAIRES CULTURELLES NF REF
"45103",CONSERVATEURS DE MUSEE,60,CONSERVATEURS DE MUSEE,"2_SG","32_SG",ENS_FONCT,CONSERVATEURS DE MUSEE
"45104",CONSERVATEURS DE MUSEE NF REF,60,CONSERVATEURS DE MUSEE NF REF,"2_SG","32_SG",ENS_NON_FONCT,CONSERVATEURS DE MUSEE NF REF
"45300",ANIMATEURS CULTURELS NF REF,60,ANIMATEURS CULTURELS NF REF,"5_SG","32_SG",ENS_NON_FONCT,ANIMATEURS CULTURELS NF REF
"45301",ANIMATEURS CULTURELS,60,ANIMATEURS CULTURELS,"5_SG","32_SG",ENS_FONCT,ANIMATEURS CULTUREL
"45450",TECHNICIENS DE MUSEE NF REF,60,TECHNICIENS DE MUSEE NF REF,"7_SG","32_SG",ENS_NON_FONCT,TECHNICIENS DE MUSEE NF REF
"45451",TECHNICIENS DE MUSEE,60,TECHNICIENS DE MUSEE,"7_SG","32_SG",ENS_FONCT,TECHNICIENS DE MUSEE
"45951",GARDIENS DE MUSEE,60,GARDIENS DE MUSEE,"14_SG","32_SG",ENS_FONCT,GARDIENS DE MUSEE
"45952",GARDIENS DE MUSEE NF REF,60,GARDIENS DE MUSEE NF REF,"14_SG","32_SG",ENS_NON_FONCT,GARDIENS DE MUSEE NF REF
"49_SG",PROJECTEURS DES TRAVAUX PUBLICS,60,Projecteurs des Travaux publics,"6_SG","12_SG",FONCT,PROJECTEURS DES TRAVAUX PUBLIC
"54100",CADRES DE TOURISME A2 NF,60,CADRES DE TOURISME A2 NF,"2_SG","35_SG",NON_FONCT,CADRES DE TOURISME A2 NF
"54202",CADRES DE TOURISME A3 NF,60,CADRES DE TOURISME A3 NF,"3_SG","35_SG",NON_FONCT,CADRES DE TOURISME A3 NF
"54300",TECHNICIENS EN TOURISME NF,60,TECHNICIENS EN TOURISME NF,"5_SG","35_SG",NON_FONCT,TECHNICIENS EN TOURISME NF
"54350",TECHNICIENS SUPERIEURS DU TOURISME NF,60,TECHNICIENS SUPERIEURS DU TOURISME NF,"6_SG","35_SG",NON_FONCT,TECHNICIENS SUPERIEURS DU TOURISME NF
"54352",TECHNICIENS SUPERIEURS D'HOTELLERIE NF,60,TECHNICIENS SUPERIEURS D'HOTELLERIE NF,"6_SG","35_SG",NON_FONCT,TECHNICIENS SUPERIEURS D'HOTELLERIE NF
"54550",TECHNICIENS D'HOTELLERIE B4 NF,60,TECHNICIENS D'HOTELLERIE B4 NF,"8_SG","35_SG",NON_FONCT,TECHNICIENS D'HOTELLERIE B4 NF
"54650",TECHNICIENS D'HOTELLERIE C1 NF,60,TECHNICIENS D'HOTELLERIE C1 NF,"9_SG","35_SG",NON_FONCT,TECHNICIENS D'HOTELLERIE C1 NF
"54700",AGENTS TECHNIQUES D'HOTELLERIE C2 NF,60,AGENTS TECHNIQUES D'HOTELLERIE C2 NF,"10_SG","35_SG",NON_FONCT,AGENTS TECHNIQUES D'HOTELLERIE C2 NF
"54752",AGENTS TECHNIQUES D'HOTELLERIE C3 NF,60,AGENTS TECHNIQUES D'HOTELLERIE C3 NF,"11_SG","35_SG",NON_FONCT,AGENTS TECHNIQUES D'HOTELLERIE C3 NF
"54950",AGENTS HOTELLERIE D3 NF,60,AGENTS HOTELLERIE D3 NF,"14_SG","35_SG",NON_FONCT,AGENTS HOTELLERIE D3 NF
"54951",CUISINIERS,60,CUISINIERS,"14_SG","35_SG",NON_FONCT,CUISINIER
"54952",RESTAURATEURS ,60,RESTAURATEURS,"9_SG","35_SG",NON_FONCT,RESTAURATEURS 
"55025",CONSEILLERS EN ORGANISATION,60,CONSEILLERS EN ORGANISATION,"1_SG","55_SG",FONCT,CONSEILLERS EN ORGANISATION
"58_SG",TECHNICIENS CARTOGRAPHES,60,Techniciens cartographes,"8_SG","13_SG",FONCT,TECHNICIENS CARTOGRAPHE
"58025",CRYPTOLOGUES,60,CRYPTOLOGUES,"1_SG","58_SG",FONCT,CRYPTOLOGUE
"58026",CRYPTOLOGUES NF REF,60,CRYPTOLOGUES NF REF,"1_SG","58_SG",NON_FONCT,CRYPTOLOGUES NF REF
"58301",INGENIEURS DES TRAVAUX DU CHIFFRE,60,INGENIEURS DES TRAVAUX DU CHIFFRE,"5_SG","58_SG",FONCT,INGENIEURS DES TRAVAUX DU CHIFFRE
"58302",INGENIEURS DES TRAVAUX DU CHIFFRE NF REF,60,INGENIEURS DES TRAVAUX DU CHIFFRE NF REF,"5_SG","58_SG",NON_FONCT,INGENIEURS DES TRAVAUX DU CHIFFRE NF REF
"58350",CHIFFREURS B2 NF REF,60,CHIFFREURS B2 NF REF,"6_SG","58_SG",NON_FONCT,CHIFFREURS B2 NF REF
"58351",CHIFFREURS B2,60,CHIFFREURS B2,"6_SG","58_SG",FONCT,CHIFFREURS B2
"58450",CHIFFREURS B3 NF REF,60,CHIFFREURS B3 NF REF,"7_SG","58_SG",NON_FONCT,CHIFFREURS B3 NF REF
"58451",CHIFFREURS B3,60,CHIFFREURS B3,"7_SG","58_SG",FONCT,CHIFFREURS B3
"58551",CHIFFREURS,60,CHIFFREURS,"8_SG","58_SG",FONCT,CHIFFREUR
"58552",CHIFFREURS NF REF,60,CHIFFREURS NF REF,"8_SG","58_SG",NON_FONCT,CHIFFREURS NF REF
"62200",PREVENTIONNISTES A3 NF,60,PREVENTIONNISTES A3 NF,"3_SG","62_SG",NON_FONCT,PREVENTIONNISTES A3 NF
"62550",PREVENTIONNISTES B4 NF,60,PREVENTIONNISTES B4 NF,"8_SG","62_SG",NON_FONCT,PREVENTIONNISTES B4 NF
"62750",PREVENTIONNISTES C3 NF,60,PREVENTIONNISTES C3 NF,"11_SG","62_SG",NON_FONCT,PREVENTIONNISTES C3 NF
"66025",CONSEILLERS EN TRAVAIL SOCIAL A1,60,CONSEILLERS EN TRAVAIL SOCIAL A1,"1_SG","66_SG",FONCT,CONSEILLERS EN TRAVAIL SOCIAL A1
"66026",CONSEILLERS EN TRAVAIL SOCIAL NF REF A1,60,CONSEILLERS EN TRAVAIL SOCIAL NF REF A1,"1_SG","66_SG",NON_FONCT,CONSEILLERS EN TRAVAIL SOCIAL NF REF A1
"66101",CONSEILLERS EN TRAVAIL SOCIAL A2,60,CONSEILLERS EN TRAVAIL SOCIAL A2,"2_SG","66_SG",FONCT,CONSEILLERS EN TRAVAIL SOCIAL A2
"66102",CONSEILLERS EN TRAVAIL SOCIAL NF REF A2,60,CONSEILLERS EN TRAVAIL SOCIAL NF REF A2,"2_SG","66_SG",NON_FONCT,CONSEILLERS EN TRAVAIL SOCIAL NF REF A2
"66301",TRAVAILLEURS SOCIAUX SPECIALISES B1,60,TRAVAILLEURS SOCIAUX SPECIALISES B1,"5_SG","66_SG",FONCT,TRAVAILLEURS SOCIAUX SPECIALISES B1
"66302",TRAVAILLEURS SOCIAUX SPECIALISES NF REF B1,60,TRAVAILLEURS SOCIAUX SPECIALISES NF REF B1,"5_SG","66_SG",NON_FONCT,TRAVAILLEURS SOCIAUX SPECIALISES NF REF B1
"66303",MEDIATEURS FAMILIAUX ET COMMUNAUTAIRES B1,60,MEDIATEURS FAMILIAUX ET COMMUNAUTAIRES B1,"5_SG","66_SG",FONCT,MEDIATEURS FAMILIAUX ET COMMUNAUTAIRES B1
"66304",MEDIATEURS FAMILIAUX ET COMMUNAUTAIRES NF REF,60,MEDIATEURS FAMILIAUX ET COMMUNAUTAIRES NF REF,"5_SG","66_SG",NON_FONCT,MEDIATEURS FAMILIAUX ET COMMUNAUTAIRES NF REF
"69_SG","TECHNICIENS SUPERIEURS ARCHITECTES, URBANISTES, AMENAGISTES, HORTICULTEURS ET PAYSAGISTES",60,"Techniciens supérieurs Architectes, urbanistes, aménagistes, horticulteurs et paysagistes","6_SG","15_SG",FONCT,"TECHNICIENS SUPERIEURS ARCHITECTES, URBANISTES, AMENAGISTES, HORTICULTEURS ET PAYSAGISTE"
"70000",GREFFIERS A2,60,GREFFIERS A2,"2_SG","11_SG",FONCT,GREFFIERS A2
"71201",PROFESSEURS DE COLLEGE D'ENSEIGNEMENT MOYEN EN EDUCATION PHYSIQUE ET SPORTIVE NF REF,60,PROFESSEURS DE COLLEGE D'ENSEIGNEMENT MOYEN EN EDUCATION PHYSIQUE ET SPORTIVE,"6_SG","29_SG",ENS_NON_FONCT,PROFESSEURS DE COLLEGE D'ENSEIGNEMENT MOYEN EN EDUCATION PHYSIQUE ET SPORTIVE NF REF
"712011",PROFESSEURS DE COLLEGE D'ENSEIGNEMENT MOYEN EN EDUCATION PHYSIQUE ET SPORTIVE,60,PROFESSEURS DE COLLEGE D'ENSEIGNEMENT MOYEN EN EDUCATION PHYSIQUE ET SPORTIVE,"6_SG","29_SG",ENS_FONCT,PROFESSEURS DE COLLEGE D'ENSEIGNEMENT MOYEN EN EDUCATION PHYSIQUE ET SPORTIVE
"75_SG",AGENTS TECHNIQUES  DE L’AERONAUTIQUE CIVILE,60,Agents techniques  de l’aéronautique civile,"10_SG","16_SG",FONCT,AGENTS TECHNIQUES  DE L’AERONAUTIQUE CIVILE
"77888",MAITRES CONTRACTUELS,60,MAITRES CONTRACTUELS,"6_SG","28_SG",ENS_FONCT,MAITRES CONTRACTUEL
"77889",PROFESSEURS CONTRACTUELS,60,PROFESSEURS CONTRACTUELS,"1_SG","28_SG",ENS_FONCT,PROFESSEURS CONTRACTUEL
"77890",CONTRACTUELS CHARGES DE COURS,60,CONTRACTUELS CHARGES DE COURS,"6_SG","28_SG",ENS_FONCT,CONTRACTUELS CHARGES DE COUR
"80000",POLITOLOGUES NF,60,POLITOLOGUES NF,"2_SG","1_SG",NON_FONCT,POLITOLOGUES NF
"80001",SPECIALISTES EN GESTION DURABLE DES TERRES NF,60,SPECIALISTES EN GESTION DURABLE DES TERRES NF,"2_SG","1_SG",NON_FONCT,SPECIALISTES EN GESTION DURABLE DES TERRES NF
"800010",TECHNICIENS SUPERIEURS DES TRANSPORTS NF REF,60,TECHNICIENS SUPERIEURS DES TRANSPORTS NF REF,"6_SG","12_SG",NON_FONCT,TECHNICIENS SUPERIEURS DES TRANSPORTS NF REF
"800011",TECHNICIENS EN MAINTENANCE METALLIQUE NF ,60,TECHNICIENS EN MAINTENANCE METALLIQUE NF ,"9_SG","12_SG",NON_FONCT,TECHNICIENS EN MAINTENANCE METALLIQUE NF 
"800012",INGENIEURS EN ENERGIE ELECTRIQUE NF,60,INGENIEURS EN ENERGIE ELECTRIQUE NF,"2_SG","12_SG",NON_FONCT,INGENIEURS EN ENERGIE ELECTRIQUE NF
"800013",INGENIEURS EN GENIE MECANIQUE NF,60,INGENIEURS EN GENIE MECANIQUE NF,"2_SG","12_SG",NON_FONCT,INGENIEURS EN GENIE MECANIQUE NF
"800014",TECHNICIENS EN OUVRAGE METALLIQUE NF,60,TECHNICIENS EN OUVRAGE METALLIQUE NF,"9_SG","12_SG",NON_FONCT,TECHNICIENS EN OUVRAGE METALLIQUE NF
"800015",TECHNICIENS EN MAINTENANCE MECANIQUE NF,60,TECHNICIENS EN MAINTENANCE MECANIQUE NF,"6_SG","12_SG",NON_FONCT,TECHNICIENS EN MAINTENANCE MECANIQUE NF
"800016",TECHNICIENS SUPERIEURS EN MAINTENANCE DES ENGINS LOURDS NF,60,TECHNICIENS SUPERIEURS EN MAINTENANCE DES ENGINS LOURDS NF,"6_SG","12_SG",NON_FONCT,TECHNICIENS SUPERIEURS EN MAINTENANCE DES ENGINS LOURDS NF
"800017",TECHNICIENS SUPERIEURS EN ELECTRONIQUE NF,60,TECHNICIENS SUPERIEURS EN ELECTRONIQUE NF,"6_SG","12_SG",NON_FONCT,TECHNICIENS SUPERIEURS EN ELECTRONIQUE NF
"800018",MAINTENANCIERS EN MECANIQUE NF,60,MAINTENANCIERS EN MECANIQUE NF,"11_SG","12_SG",NON_FONCT,MAINTENANCIERS EN MECANIQUE NF
"800019",TECHNICIENS SUPERIEURS EN MANAGEMENT DU TRANSPORT FERROVIAIRE NF,60,TECHNICIENS SUPERIEURS EN MANAGEMENT DU TRANSPORT FERROVIAIRE NF,"6_SG","12_SG",NON_FONCT,TECHNICIENS SUPERIEURS EN MANAGEMENT DU TRANSPORT FERROVIAIRE NF
"80002",ASSISTANTS EN GESTION PME/PMI NF,60,ASSISTANTS EN GESTION PME/PMI NF,"6_SG","1_SG",NON_FONCT,ASSISTANTS EN GESTION PME/PMI NF
"800020",MECANICIENS NF,60,MECANICIENS NF,"6_SG","12_SG",NON_FONCT,MECANICIENS NF
"800021",AGENTS TECHNIQUES DU BATIMENT NF,60,AGENTS TECHNIQUES DU BATIMENT NF,"8_SG","12_SG",NON_FONCT,AGENTS TECHNIQUES DU BATIMENT NF
"800022",GEOMATICIENS B2,60,GEOMATICIENS B2,"6_SG","14_SG",NON_FONCT,GEOMATICIENS B2
"800023",TECHNICIENS SUPERIEURS EN GEOMATIQUE NF,60,TECHNICIENS SUPERIEURS EN GEOMATIQUE NF,"6_SG","14_SG",NON_FONCT,TECHNICIENS SUPERIEURS EN GEOMATIQUE NF
"800024",INGENIEURS DES TRAVAUX DE L'AMENAGEMENT DU TERRITOIRE ET DE LA GESTION URBAINE NF,60,INGENIEURS DES TRAVAUX DE L'AMENAGEMENT DU TERRITOIRE ET DE LA GESTION URBAINE NF,"3_SG","15_SG",NON_FONCT,INGENIEURS DES TRAVAUX DE L'AMENAGEMENT DU TERRITOIRE ET DE LA GESTION URBAINE NF
"800026","TECHNICIENS SUPERIEURS EN HYGIENE, SECURITE ET ENVIRONNEMENT NF",60,"TECHNICIENS SUPERIEURS EN HYGIENE, SECURITE ET ENVIRONNEMENT NF","6_SG","15_SG",NON_FONCT,"TECHNICIENS SUPERIEURS EN HYGIENE, SECURITE ET ENVIRONNEMENT NF"
"800027",INGENIEURS EN DEVELOPPEMENT LOCAL NF,60,INGENIEURS EN DEVELOPPEMENT LOCAL NF,"2_SG","15_SG",NON_FONCT,INGENIEURS EN DEVELOPPEMENT LOCAL NF
"800028",INGENIEURS HYDROGEOLOGUES NF,60,INGENIEURS HYDROGEOLOGUES NF,"5_SG","17_SG",NON_FONCT,INGENIEURS HYDROGEOLOGUES NF
"800029",INGENIEURS HYDROGEOLOGUES NF,60,INGENIEURS HYDROGEOLOGUES NF,"3_SG","17_SG",NON_FONCT,INGENIEURS HYDROGEOLOGUES NF
"80003",SPECIALISTES EN COMMUNICATION NF,60,SPECIALISTES EN COMMUNICATION NF,"2_SG","1_SG",NON_FONCT,SPECIALISTES EN COMMUNICATION NF
"800030",INGENIEURS HYDROGEOLOGUES NF,60,INGENIEURS HYDROGEOLOGUES NF,"2_SG","17_SG",NON_FONCT,INGENIEURS HYDROGEOLOGUES NF
"800031",GEOLOGUES NF A2,60,GEOLOGUES NF A2,"2_SG","17_SG",NON_FONCT,GEOLOGUES NF
"800032",TECHNICIENS SUPERIEURS EN TELECOMMUNICATION ET RESEAUX NF,60,TECHNICIENS SUPERIEURS EN TELECOMMUNICATION ET RESEAUX NF,"6_SG","18_SG",NON_FONCT,TECHNICIENS SUPERIEURS EN TELECOMMUNICATION ET RESEAUX NF
"800033",SPECIALISTES EN SANTE NF,60,SPECIALISTES EN SANTE NF,"2_SG","20_SG",NON_FONCT,SPECIALISTES EN SANTE NF
"800034",ADMINISTRATEURS EN SANTE PUBLIQUE NF,60,ADMINISTRATEURS EN SANTE PUBLIQUE NF,"2_SG","20_SG",NON_FONCT,ADMINISTRATEURS EN SANTE PUBLIQUE NF
"800035",TECHNICIENS SUPERIEURS EN INDUSTRIE AGROALIMENTAIRE NF,60,TECHNICIENS SUPERIEURS EN INDUSTRIE AGROALIMENTAIRE NF,"6_SG","27_SG",NON_FONCT,TECHNICIENS SUPERIEURS EN INDUSTRIE AGROALIMENTAIRE NF
"800036",INGENIEURS DES TRAVAUX DE L'AGRONOMIE NF,60,INGENIEURS DES TRAVAUX DE L'AGRONOMIE NF,"5_SG","27_SG",NON_FONCT,INGENIEURS DES TRAVAUX DE L'AGRONOMIE NF
"800037",TECHNICIENS SUPERIEURS EN INDUSTRIE CHIMIQUE ET AGROALIMENTAIRE NF,60,TECHNICIENS SUPERIEURS EN INDUSTRIE CHIMIQUE ET AGROALIMENTAIRE NF,"6_SG","27_SG",NON_FONCT,TECHNICIENS SUPERIEURS EN INDUSTRIE CHIMIQUE ET AGROALIMENTAIRE NF
"800038",CADRES EN COMMERCE NF,60,CADRES EN COMMERCE NF,"3_SG","3_SG",NON_FONCT,CADRES EN COMMERCE NF
"800039",CADRES EN COMMERCE NF,60,CADRES EN COMMERCE NF,"2_SG","3_SG",NON_FONCT,CADRES EN COMMERCE NF
"80004",SPECIALISTES EN PASSATION DES MARCHES NF,60,SPECIALISTES EN PASSATION DES MARCHES NF,"2_SG","1_SG",NON_FONCT,SPECIALISTES EN PASSATION DES MARCHES NF
"800040",TECHNICIENS SUPERIEURS EN COMMERCE NF,60,TECHNICIENS SUPERIEURS EN COMMERCE NF,"6_SG","3_SG",NON_FONCT,TECHNICIENS SUPERIEURS EN COMMERCE NF
"800041",TECHNICIENS EN HABILLEMENT NF,60,TECHNICIENS EN HABILLEMENT NF,"11_SG","35_SG",NON_FONCT,TECHNICIENS EN HABILLEMENT NF
"800042",SPECIALISTES EN TOURISME ET HOTELLERIE NF,60,SPECIALISTES EN TOURISME ET HOTELLERIE NF,"5_SG","35_SG",NON_FONCT,SPECIALISTES EN TOURISME ET HOTELLERIE NF
"800043",COIFFEURS NF,60,COIFFEURS NF,"11_SG","35_SG",NON_FONCT,COIFFEURS NF
"800044",ECONOMISTES NF,60,ECONOMISTES NF,"2_SG","9_SG",NON_FONCT,ECONOMISTES NF
"800045",ANALYSTES FINANCIERS NF,60,ANALYSTES FINANCIERS NF,"2_SG","9_SG",NON_FONCT,ANALYSTES FINANCIERS NF
"800046",SPECIALISTES EN SUIVI-EVALUATION NF,60,SPECIALISTES EN SUIVI-EVALUATION NF,"2_SG","9_SG",NON_FONCT,SPECIALISTES EN SUIVI-EVALUATION NF
"800047",PLANIFICATEURS NF,60,PLANIFICATEURS NF,"3_SG","9_SG",NON_FONCT,PLANIFICATEURS NF
"80005",GESTIONNAIRE NF,60,GESTIONNAIRE NF,"5_SG","1_SG",NON_FONCT,GESTIONNAIRE NF
"80006",INGENIEURS DU TRANSPORT NF,60,INGENIEURS DU TRANSPORT NF,"3_SG","12_SG",NON_FONCT,INGENIEURS DU TRANSPORT NF
"80007",TECHNICIENS SUPERIEURS EN ELECTRICITE ET ELECTRONIQUE AUTOMOBILE NF,60,TECHNICIENS SUPERIEURS EN ELECTRICITE ET ELECTRONIQUE AUTOMOBILE NF,"6_SG","12_SG",NON_FONCT,TECHNICIENS SUPERIEURS EN ELECTRICITE ET ELECTRONIQUE AUTOMOBILE NF
"80008",TECHNICIENS SUPERIEURS EN MAINTENANCE FERROVIAIRE NF,60,TECHNICIENS SUPERIEURS EN MAINTENANCE FERROVIAIRE NF,"6_SG","12_SG",NON_FONCT,TECHNICIENS SUPERIEURS EN MAINTENANCE FERROVIAIRE NF
"80009",TECHNICIENS EN OUVRAGE METALLIQUE NF,60,TECHNICIENS EN OUVRAGE METALLIQUE NF,"8_SG","12_SG",NON_FONCT,TECHNICIENS EN OUVRAGE METALLIQUE NF
"80302",SECRETAIRES DE DIRECTION NF,60,SECRETAIRES DE DIRECTION NF,"1000_SG","37_SG",NON_FONCT,SECRETAIRES DE DIRECTION NF
"80350",SECRETAIRES STENODACTYLOGRAPHES CORRESPONDANCIERS NIVEAU A NF,60,SECRETAIRES STENODACTYLOGRAPHES CORRESPONDANCIERS NIVEAU A NF,"1000_SG","37_SG",NON_FONCT,SECRETAIRES STENODACTYLOGRAPHES CORRESPONDANCIERS NIVEAU A NF
"80354",SECRETAIRES STENODACTYLOGRAPHES CORRESPONDANCIERS NIVEAU B NF,60,SECRETAIRES STENODACTYLOGRAPHES CORRESPONDANCIERS NIVEAU B NF,"1000_SG","37_SG",NON_FONCT,SECRETAIRES STENODACTYLOGRAPHES CORRESPONDANCIERS NIVEAU B NF
"80650",SECRETAIRES STENOTYPISTES NF,60,SECRETAIRES STENOTYPISTES NF,"1000_SG","37_SG",NON_FONCT,SECRETAIRES STENOTYPISTES NF
"80652",SECRETAIRES STENODACTYLOGRAPHES NF,60,SECRETAIRES STENODACTYLOGRAPHES NF,"1000_SG","37_SG",NON_FONCT,SECRETAIRES STENODACTYLOGRAPHES NF
"80850",SECRETAIRES DACTYLOGRAPHES NF,60,SECRETAIRES DACTYLOGRAPHES NF,"1000_SG","37_SG",NON_FONCT,SECRETAIRES DACTYLOGRAPHES NF
"81002",INGENIEURS INFORMATICIENS NF,60,INGENIEURS INFORMATICIENS NF,"1_SG","38_SG",NON_FONCT,INGENIEURS INFORMATICIENS NF
"81300",ANALYSTES PROGRAMMEURS INFORMATICIENS NF,60,ANALYSTES PROGRAMMEURS INFORMATICIENS NF,"5_SG","38_SG",NON_FONCT,ANALYSTES PROGRAMMEURS INFORMATICIENS NF
"81310",TECHNICIENS SUPERIEURS EN MAINTENANCE INFORMATIQUE  NF,60,TECHNICIENS SUPERIEURS EN MAINTENANCE INFORMATIQUE  NF,"6_SG","38_SG",NON_FONCT,TECHNICIENS SUPERIEURS EN MAINTENANCE INFORMATIQUE  NF
"81550",PUPITREURS PREPARATEURS PROGRAMMEURS NF,60,PUPITREURS PREPARATEURS PROGRAMMEURS NF,"7_SG","38_SG",NON_FONCT,PUPITREURS PREPARATEURS PROGRAMMEURS NF
"81850",PERFORATEURS VERIFICATEURS OPERATEURS NF,60,PERFORATEURS VERIFICATEURS OPERATEURS NF,"11_SG","38_SG",NON_FONCT,PERFORATEURS VERIFICATEURS OPERATEURS NF
"82000",BIOLOGISTES NF,60,BIOLOGISTES NF,"5_SG","20_SG",NON_FONCT,BIOLOGISTES NF
"82004",JOURNALISTES ET TECHNICIENS DE LA COMMUNICATION SOCIALE NF,60,JOURNALISTES ET TECHNICIENS DE LA COMMUNICATION SOCIALE NF,"1_SG","39_SG",NON_FONCT,JOURNALISTES ET TECHNICIENS DE LA COMMUNICATION SOCIALE NF
"85_SG","PHARMACIENS, MEDECINS, CHIRURGIENS DENTISTES",65,"Pharmaciens, médecins, chirurgiens dentistes","4_SG","20_SG",FONCT,"PHARMACIENS, MEDECINS, CHIRURGIENS DENTISTE"
"9_SG",CONTROLEURS DU TRAVAIL ET DE LA SECURITE SOCIALE,60,Contrôleurs du Travail et de la sécurité sociale,"4_SG","2_SG",FONCT,CONTROLEURS DU TRAVAIL ET DE LA SECURITE SOCIALE
"9000020",JURISTES CONSEILS NF REF A3,60,JURISTES CONSEILS NF REF A1,"1_SG","67-SG",NON_FONCT,JURISTES CONSEILS NF REF A3
"900003",ADMINISTRATEURS DE SOINS NF REF A1,60,ADMINISTRATEURS DE SOINS NF REF A1,"1_SG","20_SG",FONCT,ADMINISTRATEURS DE SOINS NF REF A1
"900004",ADMINISTRATEURS DE SOINS NF REF A2,60,ADMINISTRATEURS DE SOINS NF REF A2,"2_SG","20_SG",FONCT,ADMINISTRATEURS DE SOINS NF REF A2
"900005",INGENIEURS EN BIOLOGIE MEDICALE NF REF A1,60,INGÉNIEURS EN BIOLOGIE MÉDICALE  NF REF A1,"1_SG","20_SG",FONCT,INGENIEURS EN BIOLOGIE MEDICALE NF REF A1
"900006",INGENIEURS EN BIOLOGIE MEDICALE  NF REF A2,60,INGÉNIEURS EN BIOLOGIE MÉDICALE  NF REF A2,"2_SG","20_SG",FONCT,INGENIEURS EN BIOLOGIE MEDICALE  NF REF A2
"900007",INGENIEURS EN BIOLOGIE MEDICALE  NF REF A3,60,INGÉNIEURS EN BIOLOGIE MÉDICALE  NF REF A3,"3_SG","20_SG",FONCT,INGENIEURS EN BIOLOGIE MEDICALE  NF REF A3
"900008",CONSEILLERS EN SANTE COMMUNAUTAIRE NF REF A2,60,CONSEILLERS EN SANTE COMMUNAUTAIRE NF REF A2,"2_SG","20_SG",FONCT,CONSEILLERS EN SANTE COMMUNAUTAIRE NF REF A2
"90001","CONSERVATEURS D'ARCHIVES, DE BIBLIOTHEQUES, DE CENTRES DE DOCUMENTATION A3",60,"CONSERVATEURS D'ARCHIVES, DE BIBLIOTHEQUES, DE CENTRES DE DOCUMENTATION A3","3_SG","6_SG",FONCT,"CONSERVATEURS D'ARCHIVES, DE BIBLIOTHEQUES, DE CENTRES DE DOCUMENTATION A3"
"900010",GREFFIERS NF REF A2,60,GREFFIERS NF REF A2,"2_SG","11_SG",FONCT,GREFFIERS NF REF A2
"900011",MECANICIENS C1 NF,60,MECANICIENS C1 NF,"9_SG","12_SG",NON_FONCT,MECANICIENS C1 NF
"900012",MECANICIENS C3 NF,60,MECANICIENS C3 NF,"11_SG","12_SG",NON_FONCT,MECANICIENS C3 NF
"900013",MECANICIENS B4 NF,60,MECANICIENS B4 NF,"8_SG","12_SG",NON_FONCT,MECANICIENS B4 NF
"900014",MECANICIENS B3 NF,60,MECANICIENS B3 NF,"7_SG","12_SG",NON_FONCT,MECANICIENS B3 NF
"900015",MECANICIENS D3 NF,60,MECANICIENS D3 NF,"14_SG","12_SG",NON_FONCT,MECANICIENS D3 NF
"900016",INFIRMIERS D'ETAT B1,60,INFIRMIERS D'ETAT B1,"5_SG","20_SG",FONCT,INFIRMIERS D'ETAT B1
"900017",PHYSICIENS NF A1,60,PHYSICIENS NF A1,"1_SG","1_SG",NON_FONCT,PHYSICIENS NF A1
"900018",CHERCHEURS NF A1,60,CHERCHEURS NF A1,"1_SG","1_SG",NON_FONCT,CHERCHEURS NF A1
"900019",PHYSICIENS NF A2,60,PHYSICIENS NF A2,"2_SG","1_SG",NON_FONCT,PHYSICIENS NF A2
"90002",CONSEILLERS EN TRAVAIL SOCIAL A3,60,CONSEILLERS EN TRAVAIL SOCIAL A3,"3_SG","66_SG",FONCT,CONSEILLERS EN TRAVAIL SOCIAL A3
"900020",CHERCHEURS NF A2,60,CHERCHEURS NF A2,"2_SG","1_SG",NON_FONCT,CHERCHEURS NF A2
"9000200",HYDRAULICIEN A2 NF ,60,HYDRAULICIEN A2 NF ,"2_SG","17_SG",NON_FONCT,HYDRAULICIEN A2 NF 
"900021",SPECIALISTES EN MANAGEMENT DES INSTITUTIONS ET POLITIQUES EN EDUCATION NF,60,SPECIALISTES EN MANAGEMENT DES INSTITUTIONS ET POLITIQUES EN EDUCATION NF,"2_SG","1_SG",NON_FONCT,SPECIALISTES EN MANAGEMENT DES INSTITUTIONS ET POLITIQUES EN EDUCATION NF
"900022",CADRES DE GESTION NF A2,60,CADRES DE GESTION NF A2,"2_SG","1_SG",NON_FONCT,CADRES DE GESTION NF A2
"900023",CADRES DE GESTION NF A3,60,CADRES DE GESTION NF A3,"3_SG","1_SG",NON_FONCT,CADRES DE GESTION NF A3
"900024",PHYSICIENS NF A3,60,PHYSICIENS NF A3,"3_SG","1_SG",NON_FONCT,PHYSICIENS NF A3
"900025",SPECIALISTES FONCTION PUBLIQUE A3 NF,60,SPECIALISTES FONCTION PUBLIQUE A3 NF,"3_SG","1_SG",NON_FONCT,SPECIALISTES FONCTION PUBLIQUE A3 NF
"900026",GESTIONNAIRES DES RESSOURCES HUMAINES NF A3,60,GESTIONNAIRES DES RESSOURCES HUMAINES NF A3,"3_SG","1_SG",NON_FONCT,GESTIONNAIRES DES RESSOURCES HUMAINES NF A3
"900027",ATTACHES D’ADMINISTRATION NF A2,60,ATTACHES D’ADMINISTRATION NF A2,"2_SG","1_SG",NON_FONCT,ATTACHES D’ADMINISTRATION NF A2
"900028",ATTACHES D’ADMINISTRATION NF B1,60,ATTACHES D’ADMINISTRATION NF B1,"5_SG","1_SG",NON_FONCT,ATTACHES D’ADMINISTRATION NF B1
"900029",COMPTABLES NF A1,60,COMPTABLES NF A1,"1_SG","1_SG",NON_FONCT,COMPTABLES NF A1
"90003",INGENIEURS DE L'AERONAUTIQUE CIVILE A3,60,INGENIEURS DE L'AERONAUTIQUE CIVILE A3,"3_SG","16_SG",FONCT,INGENIEURS DE L'AERONAUTIQUE CIVILE A3
"900031",LINGUISTES NF B1,60,LINGUISTES NF B1,"5_SG","1_SG",NON_FONCT,LINGUISTES NF B1
"900032",LINGUISTES NF A1,60,LINGUISTES NF A1,"1_SG","1_SG",NON_FONCT,LINGUISTES NF A1
"900033",LINGUISTES NF A2,60,LINGUISTES NF A2,"2_SG","1_SG",NON_FONCT,LINGUISTES NF A2
"900034",LINGUISTES NF A3,60,LINGUISTES NF A3,"3_SG","1_SG",NON_FONCT,LINGUISTES NF A3
"900035",TECHNICIENS SUPERIEURS EN ENSEIGNEMENT/ADMINISTRATION ,60,TECHNICIENS SUPERIEURS EN ENSEIGNEMENT/ADMINISTRATION ,"2_SG","1_SG",NON_FONCT,TECHNICIENS SUPERIEURS EN ENSEIGNEMENT/ADMINISTRATION 
"900036",COMPTABLES NF B3,60,COMPTABLES NF B3,"7_SG","1_SG",NON_FONCT,COMPTABLES NF B3
"900037",COMPTABLES NF B4,60,COMPTABLES NF B4,"8_SG","1_SG",NON_FONCT,COMPTABLES NF B4
"900038",COMPTABLES NF C3,60,COMPTABLES NF C3,"11_SG","1_SG",NON_FONCT,COMPTABLES NF C3
"900039",HUISSERS D'ACCUEIL NF D3,60,HUISSERS D'ACCUEIL NF D3,"14_SG","1_SG",NON_FONCT,HUISSERS D'ACCUEIL NF D3
"90004",INGENIEURS DES MINES ET DE LA GEOLOGIE A3,60,INGENIEURS DES MINES ET DE LA GEOLOGIE A3,"3_SG","17_SG",FONCT,INGENIEURS DES MINES ET DE LA GEOLOGIE A3
"900040",PHARMACIENS NF REF AS,60,PHARMACIENS NF REF AS,"4_SG","20_SG",NON_FONCT,PHARMACIENS NF REF A
"900041",PHARMACIENS NF A1,60,PHARMACIENS NF A1,"1_SG","20_SG",NON_FONCT,PHARMACIENS NF A1
"900042",CHIRURGIENS DENTISTES NF REF AS,60,CHIRURGIENS DENTISTES NF REF AS,"4_SG","20_SG",NON_FONCT,CHIRURGIENS DENTISTES NF REF A
"900044",MANAGERS EN SANTE NF A2,60,MANAGERS EN SANTE NF A2,"2_SG","20_SG",NON_FONCT,MANAGERS EN SANTE NF A2
"900047",ADMINISTRATEURS DES SERVICES DE SANTE NF REF A1,60,ADMINISTRATEURS DES SERVICES DE SANTE NF REF A1,"1_SG","20_SG",NON_FONCT,ADMINISTRATEURS DES SERVICES DE SANTE NF REF A1
"900048",ADMINISTRATEURS DES SERVICES DE SANTE NF REF A2,60,ADMINISTRATEURS DES SERVICES DE SANTE NF REF A2,"2_SG","20_SG",NON_FONCT,ADMINISTRATEURS DES SERVICES DE SANTE NF REF A2
"900049",PHYSICIENS MEDICAUX NF REF A1,60,PHYSICIENS MEDICAUX NF REF A1,"1_SG","20_SG",NON_FONCT,PHYSICIENS MEDICAUX NF REF A1
"90005",INGENIEURS DES TELECOMMUNICATIONS A2,60,INGENIEURS DES TELECOMMUNICATIONS A2,"2_SG","18_SG",FONCT,INGENIEURS DES TELECOMMUNICATIONS A2
"900050",SPECIALISTES DE LA SANTE DE LA REPRODUCTION NF A2,60,SPECIALISTES DE LA SANTE DE LA REPRODUCTION NF A2,"2_SG","20_SG",NON_FONCT,SPECIALISTES DE LA SANTE DE LA REPRODUCTION NF A2
"900052",TECHNICIENS ORTHOPEDISTES NF B4,60,TECHNICIENS ORTHOPEDISTES NF B4,"8_SG","20_SG",NON_FONCT,TECHNICIENS ORTHOPEDISTES NF B4
"900053",DOCTEURS EN MEDECINE NF REF AS,60,DOCTEURS EN MEDECINE NF REF AS,"4_SG","20_SG",NON_FONCT,DOCTEURS EN MEDECINE NF REF A
"900054",TECHNICIENS ORTHOPEDISTES NF C3,60,TECHNICIENS ORTHOPEDISTES NF C3,"11_SG","20_SG",NON_FONCT,TECHNICIENS ORTHOPEDISTES NF C3
"900055",TECHNICIENS EN IMAGERIE MEDICAL NF B4,60,TECHNICIENS EN IMAGERIE MEDICAL NF B4,"8_SG","20_SG",NON_FONCT,TECHNICIENS EN IMAGERIE MEDICAL NF B4
"900056",TECHNICIENS EN LABORATOIRE NF B4,60,TECHNICIENS EN LABORATOIRE NF B4,"8_SG","20_SG",NON_FONCT,TECHNICIENS EN LABORATOIRE NF B4
"900057",AIDES LABORANTINS NF B4,60,AIDES LABORANTINS NF B4,"8_SG","20_SG",NON_FONCT,AIDES LABORANTINS NF B4
"900058",TECHNICIENS EN GENIE SANITAIRE NF C1,60,TECHNICIENS EN GENIE SANITAIRE NF C1,"9_SG","20_SG",NON_FONCT,TECHNICIENS EN GENIE SANITAIRE NF C1
"90006",INGENIEURS DES TRAVAUX DE LA STATISTIQUE ET DE LA DEMOGRAPHIE A1,60,INGENIEURS DES TRAVAUX DE LA STATISTIQUE ET DE LA DEMOGRAPHIE A1,"1_SG","10_SG",FONCT,INGENIEURS DES TRAVAUX DE LA STATISTIQUE ET DE LA DEMOGRAPHIE A1
"900062",TECHNICIENS SUPERIEURS EN RADIO-ELECTRICITE NF B2,60,TECHNICIENS SUPERIEURS EN RADIO-ELECTRICITE NF B2,"6_SG","12_SG",NON_FONCT,TECHNICIENS SUPERIEURS EN RADIO-ELECTRICITE NF B2
"900064",TECHNICIENS SUPERIEURS EN TRANSPORT LOGISTIQUE  NF REF B2,60,TECHNICIENS SUPERIEURS EN TRANSPORT LOGISTIQUE  NF REF B2,"6_SG","12_SG",NON_FONCT,TECHNICIENS SUPERIEURS EN TRANSPORT LOGISTIQUE  NF REF B2
"900066",LIFTIERS NF D3,60,LIFTIERS NF D3,"14_SG","12_SG",NON_FONCT,LIFTIERS NF D3
"900067",STORISTES NF B3,60,STORISTES NF B3,"7_SG","12_SG",NON_FONCT,STORISTES NF B3
"900068",INGENIEURS EN ELECTRICITE NF A2,60,INGENIEURS EN ELECTRICITE NF A2,"2_SG","12_SG",NON_FONCT,INGENIEURS EN ELECTRICITE NF A2
"900069",TECHNICIENS SUPERIEURS EN ELECTRICITE NF B2,60,TECHNICIENS SUPERIEURS EN ELECTRICITE NF B2,"6_SG","12_SG",NON_FONCT,TECHNICIENS SUPERIEURS EN ELECTRICITE NF B2
"90007",INGENIEURS DES TRAVAUX DE LA STATISTIQUE ET DE LA DEMOGRAPHIE A2,60,INGENIEURS DES TRAVAUX DE LA STATISTIQUE ET DE LA DEMOGRAPHIE A2,"2_SG","10_SG",FONCT,INGENIEURS DES TRAVAUX DE LA STATISTIQUE ET DE LA DEMOGRAPHIE A2
"900070",ELECTRICIENS NF C1,60,ELECTRICIENS NF C1,"9_SG","12_SG",NON_FONCT,ELECTRICIENS NF C1
"900071",TECHNICIENS SUPERIEURS EN MECANIQUE NF B2,60,TECHNICIENS SUPERIEURS EN MECANIQUE NF B2,"6_SG","12_SG",NON_FONCT,TECHNICIENS SUPERIEURS EN MECANIQUE NF B2
"900072",TECHNICIENS EN MECANIQUE NF B4,60,TECHNICIENS EN MECANIQUE NF B4,"8_SG","12_SG",NON_FONCT,TECHNICIENS EN MECANIQUE NF B4
"900073",GARDIENS NF D3,60,GARDIENS NF D3,"14_SG","12_SG",NON_FONCT,GARDIENS NF D3
"900074",MANOEUVRES NF D3,60,MANOEUVRES NF D3,"14_SG","12_SG",NON_FONCT,MANOEUVRES NF D3
"900075",OUVRIERS NF E,60,OUVRIERS NF E,"14_SG","12_SG",NON_FONCT,OUVRIERS NF E
"900076",PLOMBIERS NF D3,60,PLOMBIERS NF D3,"14_SG","12_SG",NON_FONCT,PLOMBIERS NF D3
"900077",INGENIEURS GEOLOGUES NF A1,60,INGENIEURS GEOLOGUES NF A1,"1_SG","17_SG",NON_FONCT,INGENIEURS GEOLOGUES NF A1
"900078",INGENIEURS GEOLOGUES NF A2,60,INGENIEURS GEOLOGUES NF A2,"2_SG","17_SG",NON_FONCT,INGENIEURS GEOLOGUES NF A2
"900079",INGENIEURS GEOTECHNIQUES NF A1,60,INGENIEURS GEOTECHNIQUES NF A1,"1_SG","17_SG",NON_FONCT,INGENIEURS GEOTECHNIQUES NF A1
"900080",INGENIEURS GEOTECHNIQUES NF A2,60,INGENIEURS GEOTECHNIQUES NF A2,"2_SG","17_SG",NON_FONCT,INGENIEURS GEOTECHNIQUES NF A2
"900081",INGENIEURS MINERALOGIES NF A1,60,INGENIEURS MINERALOGIES NF A1,"1_SG","17_SG",NON_FONCT,INGENIEURS MINERALOGIES NF A1
"900082",INGENIEURS MINERALOGIES NF A2,60,INGENIEURS MINERALOGIES NF A2,"2_SG","17_SG",NON_FONCT,INGENIEURS MINERALOGIES NF A2
"900083",INGENIEURS HYDRAULICIENS NF A1,60,INGENIEURS HYDRAULICIENS NF A1,"1_SG","17_SG",NON_FONCT,INGENIEURS HYDRAULICIENS NF A1
"900084",INGENIEURS DES ENERGIES RENOUVELABLES NF A1,60,INGENIEURS DES ENERGIES RENOUVELABLES NF A1,"1_SG","17_SG",NON_FONCT,INGENIEURS DES ENERGIES RENOUVELABLES NF A1
"900085",INGENIEURS DES ENERGIES RENOUVELABLES NF A2,60,INGENIEURS DES ENERGIES RENOUVELABLES NF A2,"2_SG","17_SG",NON_FONCT,INGENIEURS DES ENERGIES RENOUVELABLES NF A2
"900086",GEOLOGUES NF A1,60,GEOLOGUES NF A1,"1_SG","17_SG",NON_FONCT,GEOLOGUES NF A1
"900087",INGENIEURS DU PETROLE NF A1,60,INGENIEURS DU PETROLE NF A1,"1_SG","17_SG",NON_FONCT,INGENIEURS DU PETROLE NF A1
"900088",INGENIEURS DU PETROLE NF A2,60,INGENIEURS DU PETROLE NF A2,"2_SG","17_SG",NON_FONCT,INGENIEURS DU PETROLE NF A2
"900089",INGENIEURS EN ENERGIE SOLAIRE NF A1,60,INGENIEURS EN ENERGIE SOLAIRE NF A1,"1_SG","17_SG",NON_FONCT,INGENIEURS EN ENERGIE SOLAIRE NF A1
"900090",INGENIEURS EN ENERGIE SOLAIRE NF A2,60,INGENIEURS EN ENERGIE SOLAIRE NF A2,"2_SG","17_SG",NON_FONCT,INGENIEURS EN ENERGIE SOLAIRE NF A2
"900091",HYDRAULOGUES NF A1,60,HYDRAULOGUES NF A1,"1_SG","17_SG",NON_FONCT,HYDRAULOGUES NF A1
"900092",HYDRAULOGUES NF A2,60,HYDRAULOGUES NF A2,"2_SG","17_SG",NON_FONCT,HYDRAULOGUES NF A2
"900093",INGENIEURS TECHNOLOGUES NF A1,60,INGENIEURS TECHNOLOGUES NF A1,"1_SG","17_SG",NON_FONCT,INGENIEURS TECHNOLOGUES NF A1
"900094",INGENIEURS TECHNOLOGUES NF A2,60,INGENIEURS TECHNOLOGUES NF A2,"2_SG","17_SG",NON_FONCT,INGENIEURS TECHNOLOGUES NF A2
"900095",ADMINISTRATEURS DES GREFFES NF REF A1,60,ADMINISTRATEURS DES GREFFES NF REF A1,"1_SG","11_SG",NON_FONCT,ADMINISTRATEURS DES GREFFES NF REF A1
"900096",INSPECTEURS DE L'EDUCATION SURVEILLEE ET DE LA PROTECTION SOCIALE NF REF A1,60,INSPECTEURS DE L'EDUCATION SURVEILLEE ET DE LA PROTECTION SOCIALE NF REF A1,"1_SG","11_SG",NON_FONCT,INSPECTEURS DE L'EDUCATION SURVEILLEE ET DE LA PROTECTION SOCIALE NF REF A1
"900097",GREFFIERS EN CHEF NF REF B1,60,GREFFIERS EN CHEF NF REF B1,"5_SG","11_SG",NON_FONCT,GREFFIERS EN CHEF NF REF B1
"900098",GREFFIERS NF REF B2,60,GREFFIERS NF REF B2,"6_SG","11_SG",NON_FONCT,GREFFIERS NF REF B2
"900099",INTERPRETES JUDICIAIRES NF REF B2,60,INTERPRETES JUDICIAIRES NF REF B2,"6_SG","11_SG",NON_FONCT,INTERPRETES JUDICIAIRES NF REF B2
"900100",ASSISTANTS DES GREFFES ET PARQUETS NF REF B2,60,ASSISTANTS DES GREFFES ET PARQUETS NF REF B2,"6_SG","11_SG",NON_FONCT,ASSISTANTS DES GREFFES ET PARQUETS NF REF B2
"900101",SECRETAIRES DES GREFFES ET PARQUETS NF REF C2,60,SECRETAIRES DES GREFFES ET PARQUETS NF REF C2,"10_SG","11_SG",NON_FONCT,SECRETAIRES DES GREFFES ET PARQUETS NF REF C2
"900102",DOCTEURS VETERINAIRES NF A2,60,DOCTEURS VETERINAIRES NF A2,"2_SG","21_SG",NON_FONCT,DOCTEURS VETERINAIRES NF A2
"900103",INGENIEURS EN ELEVAGE NF A1,60,INGENIEURS EN ELEVAGE NF A1,"1_SG","21_SG",NON_FONCT,INGENIEURS EN ELEVAGE NF A1
"900104",INGENIEURS EN ELEVAGE NF A2,60,INGENIEURS EN ELEVAGE NF A2,"2_SG","21_SG",NON_FONCT,INGENIEURS EN ELEVAGE NF A2
"900107",INGENIEURS DE CONCEPTION DES TELECOMMUNATIONS NF A1,60,INGENIEURS DE CONCEPTION DES TELECOMMUNATIONS NF A1,"1_SG","18_SG",NON_FONCT,INGENIEURS DE CONCEPTION DES TELECOMMUNATIONS NF A1
"900108",OPERATEURS RADIOS NF C1,60,OPERATEURS RADIOS NF C1,"9_SG","18_SG",NON_FONCT,OPERATEURS RADIOS NF C1
"900109",OUVRIERS EN MAINTENANCE INFORMATIQUE NF D3,60,OUVRIERS EN MAINTENANCE INFORMATIQUE NF D3,"14_SG","18_SG",NON_FONCT,OUVRIERS EN MAINTENANCE INFORMATIQUE NF D3
"900110",OUVRIERS TELEPHONES NF D3,60,OUVRIERS TELEPHONES NF D3,"14_SG","18_SG",NON_FONCT,OUVRIERS TELEPHONES NF D3
"900111",CONSEILLERS EN ORGANISATION NF A1,60,CONSEILLERS EN ORGANISATION NF A1,"1_SG","9_SG",NON_FONCT,CONSEILLERS EN ORGANISATION NF A1
"900112",CONSEILLERS EN ORGANISATION NF A2,60,CONSEILLERS EN ORGANISATION NF A2,"2_SG","9_SG",NON_FONCT,CONSEILLERS EN ORGANISATION NF A2
"900113",PILOTES DE BAC NF B4,60,PILOTES DE BAC NF B4,"8_SG","22_SG",NON_FONCT,PILOTES DE BAC NF B4
"900114",CHEFS DE BAC NF C1,60,CHEFS DE BAC NF C1,"9_SG","22_SG",NON_FONCT,CHEFS DE BAC NF C1
"900117",TECHNICIENS SUPERIEURS GEOMETRES NF B2,60,TECHNICIENS SUPERIEURS GEOMETRES NF B2,"6_SG","14_SG",NON_FONCT,TECHNICIENS SUPERIEURS GEOMETRES NF B2
"900118",TECHNICIENS GEOMETRES NF B4,60,TECHNICIENS GEOMETRES NF B4,"8_SG","14_SG",NON_FONCT,TECHNICIENS GEOMETRES NF B4
"900119",DESSINATEURS NF C1,60,DESSINATEURS NF C1,"9_SG","14_SG",NON_FONCT,DESSINATEURS NF C1
"900120",GEOMETRES-TOPOGRAPHES  NF B1,60,GEOMETRES-TOPOGRAPHES  NF B1,"5_SG","14_SG",NON_FONCT,GEOMETRES-TOPOGRAPHES  NF B1
"900121",AIDES-TOPOGRAPHES NF C3,60,AIDES-TOPOGRAPHES NF C3,"11_SG","14_SG",NON_FONCT,AIDES-TOPOGRAPHES NF C3
"900122",AIDES-TOPOGRAPHES NF D3,60,AIDES-TOPOGRAPHES NF D3,"14_SG","14_SG",NON_FONCT,AIDES-TOPOGRAPHES NF D3
"900123",INGENIEURS TOPOGRAPHES NF A2,60,INGENIEURS TOPOGRAPHES NF A2,"2_SG","14_SG",NON_FONCT,INGENIEURS TOPOGRAPHES NF A2
"900124",TOPOGRAPHES NF B4,60,TOPOGRAPHES NF B4,"8_SG","14_SG",NON_FONCT,TOPOGRAPHES NF B4
"900125",SPECIALISTES DU CADASTRE NF A2,60,SPECIALISTES DU CADASTRE NF A2,"2_SG","14_SG",NON_FONCT,SPECIALISTES DU CADASTRE NF A2
"900126",MEDIATEURS FAMILIAUX ET COMMUNAUTAIRES NF A3,60,MEDIATEURS FAMILIAUX ET COMMUNAUTAIRES NF A3,"3_SG","66_SG",NON_FONCT,MEDIATEURS FAMILIAUX ET COMMUNAUTAIRES NF A3
"900127",SPECIALISTES EN GESTION HOTELIERES NF A3,60,SPECIALISTES EN GESTION HOTELIERES NF A3,"3_SG","35_SG",NON_FONCT,SPECIALISTES EN GESTION HOTELIERES NF A3
"900128",SPECIALISTES EN RESTAURATION NF C1,60,SPECIALISTES EN RESTAURATION NF C1,"9_SG","35_SG",NON_FONCT,SPECIALISTES EN RESTAURATION NF C1
"900129",LINGERES NF D3,60,LINGERES NF D3,"14_SG","35_SG",NON_FONCT,LINGERES NF D3
"900130",INGENIEURS DES TRAVAUX DE LA PLANIFICATION NF REF A3,60,INGENIEURS DES TRAVAUX DE LA PLANIFICATION NF REF A3,"3_SG","10_SG",NON_FONCT,INGENIEURS DES TRAVAUX DE LA PLANIFICATION NF REF A3
"900131",SPECIALISTES EN PROGRAMME ET PROJET DE POPULATION NF A1,60,SPECIALISTES EN PROGRAMME ET PROJET DE POPULATION NF A1,"1_SG","10_SG",NON_FONCT,SPECIALISTES EN PROGRAMME ET PROJET DE POPULATION NF A1
"900132",SPECIALISTES EN PROGRAMME ET PROJET DE POPULATION NF A2,60,SPECIALISTES EN PROGRAMME ET PROJET DE POPULATION NF A2,"2_SG","10_SG",NON_FONCT,SPECIALISTES EN PROGRAMME ET PROJET DE POPULATION NF A2
"900133",STATICIENS-ECONOMISTES NF A2,60,STATICIENS-ECONOMISTES NF A2,"2_SG","10_SG",NON_FONCT,STATICIENS-ECONOMISTES NF A2
"900134",STATICIENS NF A2,60,STATICIENS NF A2,"2_SG","10_SG",NON_FONCT,STATICIENS NF A2
"900135",STATICIENS NF A3,60,STATICIENS NF A3,"3_SG","10_SG",NON_FONCT,STATICIENS NF A3
"900136",TECHNICIENS CARTOGRAPHES NF REF B4,60,TECHNICIENS CARTOGRAPHES NF REF B4,"8_SG","13_SG",NON_FONCT,TECHNICIENS CARTOGRAPHES NF REF B4
"900137",MEDIATEURS PEDAGOGIGUES  NF REF B1,60,MEDIATEURS PEDAGOGIGUES  NF REF B1,"5_SG","28_SG",NON_FONCT,MEDIATEURS PEDAGOGIGUES  NF REF B1
"900138",MEDIATEURS PEDAGOGIGUES  NF REF A3,60,MEDIATEURS PEDAGOGIGUES  NF REF A3,"1_SG","28_SG",NON_FONCT,MEDIATEURS PEDAGOGIGUES  NF REF A3
"900139",ANIMATEURS CULTURELS NF REF B1,60,ANIMATEURS CULTURELS NF REF B1,"5_SG","32_SG",NON_FONCT,ANIMATEURS CULTURELS NF REF B1
"900140",AGENTS TECHNIQUES DE LA COOPERATION NF C2,60,AGENTS TECHNIQUES DE LA COOPERATION NF C2,"10_SG","26_SG",NON_FONCT,AGENTS TECHNIQUES DE LA COOPERATION NF C2
"900141",VERIFICATEURS QUALITE NF B2,60,VERIFICATEURS QUALITE NF B2,"6_SG","3_SG",NON_FONCT,VERIFICATEURS QUALITE NF B2
"900143",TECHNICIENS SUPERIEURS EN MARKETING NF B2,60,TECHNICIENS SUPERIEURS EN MARKETING NF B2,"6_SG","3_SG",NON_FONCT,TECHNICIENS SUPERIEURS EN MARKETING NF B2
"900144",TECHNICIENS EN MARKETING NF B4,60,TECHNICIENS EN MARKETING NF B4,"8_SG","3_SG",NON_FONCT,TECHNICIENS EN MARKETING NF B4
"900145",ARCHIVISTES NF B1,60,ARCHIVISTES NF B1,"5_SG","6_SG",NON_FONCT,ARCHIVISTES NF B1
"900146",DOCUMENTALISTES NF B1,60,DOCUMENTALISTES NF B1,"5_SG","6_SG",NON_FONCT,DOCUMENTALISTES NF B1
"900147",BIBLIOTHECAIRES NF B1,60,BIBLIOTHECAIRES NF B1,"5_SG","6_SG",NON_FONCT,BIBLIOTHECAIRES NF B1
"900148",AGENTS TECHNIQUES DE L'AERONAUTIQUE CIVILE NF C3,60,AGENTS TECHNIQUES DE L'AERONAUTIQUE CIVILE NF C3,"11_SG","16_SG",NON_FONCT,AGENTS TECHNIQUES DE L'AERONAUTIQUE CIVILE NF C3
"900149",AGENTS TECHNIQUES DES AFFAIRES JURIDIQUES NF REF B4,60,AGENTS TECHNIQUES DES AFFAIRES JURIDIQUES NF REF B4,"8_SG","67-SG",NON_FONCT,AGENTS TECHNIQUES DES AFFAIRES JURIDIQUES NF REF B4
"900151",INGENIEURS AGRO-ALIMENTAIRE  NF A1,60,INGENIEURS AGRO-ALIMENTAIRE  NF A1,"1_SG","27_SG",NON_FONCT,INGENIEURS AGRO-ALIMENTAIRE  NF A1
"900152",INGENIEURS AGRO-ALIMENTAIRE  NF A2,60,INGENIEURS AGRO-ALIMENTAIRE  NF A2,"2_SG","27_SG",NON_FONCT,INGENIEURS AGRO-ALIMENTAIRE  NF A2
"900153",INGENIEURS AGRO-ALIMENTAIRE  NF A3,60,INGENIEURS AGRO-ALIMENTAIRE  NF A3,"3_SG","27_SG",NON_FONCT,INGENIEURS AGRO-ALIMENTAIRE  NF A3
"900154",INGENIEURS DE CONCEPTION EN INDUSTRIE ALIMENTAIRE NF A1,60,INGENIEURS DE CONCEPTION EN INDUSTRIE ALIMENTAIRE NF A1,"1_SG","27_SG",NON_FONCT,INGENIEURS DE CONCEPTION EN INDUSTRIE ALIMENTAIRE NF A1
"900155",INGENIEURS DE CONCEPTION EN INDUSTRIE ALIMENTAIRE NF A2,60,INGENIEURS DE CONCEPTION EN INDUSTRIE ALIMENTAIRE NF A2,"2_SG","27_SG",NON_FONCT,INGENIEURS DE CONCEPTION EN INDUSTRIE ALIMENTAIRE NF A2
"900156",INGENIEURS DE CONCEPTION EN INDUSTRIE ALIMENTAIRE NF A3,60,INGENIEURS DE CONCEPTION EN INDUSTRIE ALIMENTAIRE NF A3,"3_SG","27_SG",NON_FONCT,INGENIEURS DE CONCEPTION EN INDUSTRIE ALIMENTAIRE NF A3
"900157",ANIMATEURS NF REF A3,60,ANIMATEURS NF REF A3,"3_SG","25_SG",NON_FONCT,ANIMATEURS NF REF A3
"900158",TECHNICIENS SUPERIEURS EN ARCHITECTURE NF B2,60,TECHNICIENS SUPERIEURS EN ARCHITECTURE NF B2,"6_SG","15_SG",NON_FONCT,TECHNICIENS SUPERIEURS EN ARCHITECTURE NF B2
"900159",URBANISTES NF A3,60,URBANISTES NF A3,"3_SG","15_SG",NON_FONCT,URBANISTES NF A3
"900160",URBANISTES NF B1,60,URBANISTES NF B1,"5_SG","15_SG",NON_FONCT,URBANISTES NF B1
"900161",ENVIRONNEMENTALISTES NF A1,60,ENVIRONNEMENTALISTES NF A1,"1_SG","15_SG",NON_FONCT,ENVIRONNEMENTALISTES NF A1
"900162",ENVIRONNEMENTALISTES NF A2,60,ENVIRONNEMENTALISTES NF A2,"2_SG","15_SG",NON_FONCT,ENVIRONNEMENTALISTES NF A2
"900163",ENVIRONNEMENTALISTES NF A3,60,ENVIRONNEMENTALISTES NF A3,"3_SG","15_SG",NON_FONCT,ENVIRONNEMENTALISTES NF A3
"900164",ENVIRONNEMENTALISTES NF B1,60,ENVIRONNEMENTALISTES NF B1,"5_SG","15_SG",NON_FONCT,ENVIRONNEMENTALISTES NF B1
"900165",AMENAGISTES NF A1,60,AMENAGISTES NF A1,"1_SG","15_SG",NON_FONCT,AMENAGISTES NF A1
"900166",AMENAGISTES NF A2,60,AMENAGISTES NF A2,"2_SG","15_SG",NON_FONCT,AMENAGISTES NF A2
"900167",AMENAGISTES NF A3,60,AMENAGISTES NF A3,"3_SG","15_SG",NON_FONCT,AMENAGISTES NF A3
"900168",AMENAGISTES NF B1,60,AMENAGISTES NF B1,"5_SG","15_SG",NON_FONCT,AMENAGISTES NF B1
"900169",ARCHITECTES NF A1,60,ARCHITECTES NF A1,"1_SG","15_SG",NON_FONCT,ARCHITECTES NF A1
"900169gct",Gestionnaire des collectivités territoriale nf MEPM,60,Gestionnaire des collectivités territoriale nf MEPM,"1_SG","15_SG",NON_FONCT,Gestionnaire des collectivités territoriale nf MEPM
"900170",ARCHITECTES NF A2,60,ARCHITECTES NF A2,"2_SG","15_SG",NON_FONCT,ARCHITECTES NF A2
"900171",ARCHITECTES NF A3,60,ARCHITECTES NF A3,"3_SG","15_SG",NON_FONCT,ARCHITECTES NF A3
"900172",ARCHITECTES NF B1,60,ARCHITECTES NF B1,"5_SG","15_SG",NON_FONCT,ARCHITECTES NF B1
"900173","ARCHITECTES, URBANISTES, AMENAGISTES, HORTICULTEURS ET PAYSAGISTES ADJOINTS NF REF B1",60,"ARCHITECTES, URBANISTES, AMENAGISTES, HORTICULTEURS ET PAYSAGISTES ADJOINTS NF REF B1","5_SG","15_SG",NON_FONCT,"ARCHITECTES, URBANISTES, AMENAGISTES, HORTICULTEURS ET PAYSAGISTES ADJOINTS NF REF B1"
"900174",TECHNICIENS SUPERIEURS EN GESTION DES COLLECTIVITES TERRITORIALES NF B2,60,TECHNICIENS SUPERIEURS EN GESTION DES COLLECTIVITES TERRITORIALES NF B2,"6_SG","15_SG",NON_FONCT,TECHNICIENS SUPERIEURS EN GESTION DES COLLECTIVITES TERRITORIALES NF B2
"900175",TECHNICIENS SUPERIEUR EN GENIE CIVIL B2 NF REF,60,TECHNICIENS SUPERIEUR EN GENIE CIVIL B2 NF REF,"6_SG","12_SG",NON_FONCT,TECHNICIENS SUPERIEUR EN GENIE CIVIL B2 NF REF
"900176",TECHNICIENS EN GENIE CIVIL B4 NF REF,60,TECHNICIENS EN GENIE CIVIL B4 NF REF,"8_SG","12_SG",NON_FONCT,TECHNICIENS EN GENIE CIVIL B4 NF REF
"900177",RELIEURS NF D3,60,RELIEURS NF D3,"14_SG","5_SG",NON_FONCT,RELIEURS NF D3
"900178",RELIEURS NF C3,60,RELIEURS NF C3,"11_SG","5_SG",NON_FONCT,RELIEURS NF C3
"900200",INGENIEUR DU GENIE CIVIL NF REF A1,60,INGENIEUR DU GENIE CIVIL NF REF A1,"1_SG","12_SG",NON_FONCT,INGENIEUR DU GENIE CIVIL NF REF A1
"900201",INGENIEUR DU GENIE CIVIL NF REF A2,60,INGENIEUR DU GENIE CIVIL NF REF A2,"2_SG","12_SG",NON_FONCT,INGENIEUR DU GENIE CIVIL NF REF A2
"900202",EDUCATEURS SPECIALISES NF REF B1,60,EDUCATEURS SPECIALISES NF REF B1,"5_SG","11_SG",NON_FONCT,EDUCATEURS SPECIALISES NF REF B1
"900300",DESSINATEURS NF C3,60,DESSINATEURS NF C3,"11_SG","14_SG",NON_FONCT,DESSINATEURS NF C3
"900301",ELECTROMECANICIENS NF B2,60,ELECTROMECANICIENS NF B2,"6_SG","12_SG",NON_FONCT,ELECTROMECANICIENS NF B2
"900302",TECHNICIENS EN GENIE SANITAIRE NF B4,60,TECHNICIENS EN GENIE SANITAIRE NF B4,"8_SG","20_SG",NON_FONCT,TECHNICIENS EN GENIE SANITAIRE NF B4
"900303",INGENIEURS GEOGRAPHES CARTOGRAPHES A3,60,INGENIEURS GEOGRAPHES CARTOGRAPHES A3,"3_SG","13_SG",FONCT,INGENIEURS GEOGRAPHES CARTOGRAPHES A3
"900304",AGENT DECISIONNAIRE B2,60,AGENT DECISIONNAIRE B2,"6_SG","1_SG",NON_FONCT,AGENT DECISIONNAIRE B2
"900305",INGENIEURS GEOGRAPHES CARTOGRAPHES A3 NF REF,60,INGENIEURS GEOGRAPHES CARTOGRAPHES A3,"3_SG","13_SG",FONCT,INGENIEURS GEOGRAPHES CARTOGRAPHES A3 NF REF
"900400",Dessinateur NF,60,Dessinateur NF,"8_SG","14_SG",NON_FONCT,Dessinateur NF
"90050",COMPTABLES NF C1,60,COMPTABLES NF C1,"9_SG","1_SG",NON_FONCT,COMPTABLES NF C1
"900500",AIDES-TOPOGRAPHES NF B4,60,AIDES-TOPOGRAPHES NF B4,"8_SG","14_SG",NON_FONCT,AIDES-TOPOGRAPHES NF B4
"90051",COMPTABLES NF B4,60,COMPTABLES NF B4,"8_SG","1_SG",NON_FONCT,COMPTABLES NF B4
"90053",Opérateur radio D1,60,Opérateur radio D1,"12_SG","18_SG",NON_FONCT,Opérateur radio D1
"900900",INGENIEUR INDUSTRIEL A1  NF REF,60,INGENIEUR INDUSTRIEL A1  NF REF,"1_SG","17_SG",NON_FONCT,INGENIEUR INDUSTRIEL A1  NF REF
"900901",INGENIEUR INDUSTRIEL A2 NF REF,60,INGENIEUR INDUSTRIEL A2 NF REF,"2_SG","17_SG",NON_FONCT,INGENIEUR INDUSTRIEL A2 NF REF
"91_SG",INFIRMIERS D’ETAT B4,60,Infirmiers d’Etat,"8_SG","20_SG",FONCT,INFIRMIERS D’ETAT B4
"944_SG",EDUCATEURS SPECIALISES NF REF,60,Educateurs specialises NF REF,"5_SG","28_SG",ENS_NON_FONCT,EDUCATEURS SPECIALISES NF REF
"946_SG",CONSEILLERS CULTURELS NF REF,60,Conseillers culturels NF REF,"5_SG","32_SG",ENS_NON_FONCT,CONSEILLERS CULTURELS NF REF
CPS900104,Ingénieur biologiste,60,Ingénieur biologiste,"2_SG","21_SG",NON_FONCT,Ingénieur biologiste
CPS900176,Technicien en électromécanique,60,Technicien en électromécanique,"8_SG","12_SG",NON_FONCT,Technicien en électromécanique
CPS900304,Technicien supérieur en comptabilité B2 NF,60,Technicien supérieur en comptabilité B2 NF,"6_SG","1_SG",NON_FONCT,Technicien supérieur en comptabilité B2 NF
cpstest1,corps test,60,test,"1_SG","38_SG",NON_FONCT,cpstest1
EMS900176,Electromécanicien NF,60,Electromécanicien NF,"8_SG","12_SG",NON_FONCT,Electromécanicien NF
ITBNF,INGENIEURS TECHNOLOGUES BILOGISTES NF,60,INGENIEURS TECHNOLOGUES BILOGISTES NF,"3_SG","20_SG",NON_FONCT,INGENIEUR TECHNOLOGUE BILOGISTE NF
testcps,test corps,60,test corps,"1_SG","38_SG",FONCT,test corps
testecorps,testajoucorps,60,testajoucorps,"1_SG","11_SG",NON_FONCT,testajoucorps
tsenb,Technicien supérieur en notariat NF B2,60,Technicien supérieur en notariat NF B2,"6_SG","1_SG",NON_FONCT,Technicien supérieur en notariat NF B2
tsesgi,Technicien supérieur en S.I.G. NF B2,60,Technicien supérieur en S.I.G. NF B2,"6_SG","14_SG",NON_FONCT,Technicien supérieur en S.I.G. NF B2
